{"type":"FeatureCollection","features":[{"type":"Feature","properties":{"k":"canal","n":""},"geometry":{"type":"LineString","coordinates":[[99.57556,15.06849],[99.57657,15.06793],[99.57774,15.06614],[99.58005,15.06505],[99.58297,15.06054],[99.58501,15.06083],[99.58957,15.05605],[99.59525,15.05417],[99.59788,15.04837],[99.60175,15.04409],[99.6079,15.03864],[99.60931,15.03193],[99.61412,15.02791]]}},{"type":"Feature","properties":{"k":"canal","n":""},"geometry":{"type":"LineString","coordinates":[[99.64449,15.19262],[99.64507,15.19308],[99.64442,15.19384],[99.64465,15.19464],[99.64423,15.1953],[99.64518,15.19577],[99.64603,15.19555],[99.64605,15.19634]]}},{"type":"Feature","properties":{"k":"canal","n":""},"geometry":{"type":"LineString","coordinates":[[99.65187,15.19846],[99.6508,15.19819],[99.64762,15.1958]]}},{"type":"Feature","properties":{"k":"canal","n":"คลองฆ้องชัย"},"geometry":{"type":"LineString","coordinates":[[99.58406,15.45515],[99.58476,15.45438],[99.58621,15.45452],[99.58706,15.45303],[99.58992,15.45131],[99.59116,15.45179],[99.59128,15.45027],[99.59049,15.44939],[99.58975,15.44972],[99.5892,15.4494],[99.58982,15.44755]]}},{"type":"Feature","properties":{"k":"canal","n":""},"geometry":{"type":"LineString","coordinates":[[99.54732,15.46728],[99.54921,15.46828],[99.55135,15.46811],[99.55164,15.46893]]}},{"type":"Feature","properties":{"k":"canal","n":""},"geometry":{"type":"LineString","coordinates":[[99.54192,15.46586],[99.54205,15.46697],[99.54456,15.4663],[99.54632,15.46654],[99.54718,15.46718]]}},{"type":"Feature","properties":{"k":"canal","n":""},"geometry":{"type":"LineString","coordinates":[[99.64604,15.33945],[99.64658,15.33806],[99.65218,15.33623],[99.65398,15.33493]]}},{"type":"Feature","properties":{"k":"canal","n":""},"geometry":{"type":"LineString","coordinates":[[99.63973,15.34167],[99.64292,15.34208],[99.6439,15.3418],[99.64564,15.34041],[99.64596,15.33954]]}},{"type":"Feature","properties":{"k":"canal","n":""},"geometry":{"type":"LineString","coordinates":[[99.64596,15.33954],[99.64604,15.33945]]}},{"type":"Feature","properties":{"k":"canal","n":"คลองมะขามเฒ่า - อู่ทอง"},"geometry":{"type":"LineString","coordinates":[[100.07226,15.2142],[100.07451,15.21534],[100.07456,15.21646],[100.07043,15.21837],[100.06825,15.2215],[100.06402,15.22471]]}},{"type":"Feature","properties":{"k":"canal","n":"คลองอนุศาสนนันท์"},"geometry":{"type":"LineString","coordinates":[[100.09909,15.3319],[100.11179,15.32672],[100.11552,15.32634],[100.14395,15.33561],[100.16685,15.33074],[100.17015,15.32992],[100.17221,15.32876],[100.174,15.32582],[100.17369,15.31646],[100.17488,15.31035],[100.17365,15.29859],[100.17998,15.29272],[100.18173,15.28989],[100.18144,15.28582],[100.18525,15.28362],[100.18739,15.27989],[100.18746,15.27813],[100.18508,15.27445],[100.18457,15.27114],[100.18657,15.26735],[100.18676,15.26133],[100.18731,15.26054],[100.18865,15.26023]]}},{"type":"Feature","properties":{"k":"canal","n":""},"geometry":{"type":"LineString","coordinates":[[99.95963,15.41903],[99.96041,15.42149],[99.95553,15.46445],[99.95652,15.47],[99.95462,15.48012],[99.95359,15.49035],[99.95396,15.49817],[99.95337,15.49992],[99.95241,15.50063],[99.95117,15.50085],[99.95008,15.49992]]}},{"type":"Feature","properties":{"k":"canal","n":"คลองส่งน้ำ 1 ซ้าย"},"geometry":{"type":"LineString","coordinates":[[100.17105,15.14828],[100.17092,15.14713],[100.17177,15.14566],[100.17317,15.14527],[100.1844,15.15211],[100.19582,15.15938],[100.19954,15.16562],[100.21071,15.17319],[100.21237,15.1735],[100.21445,15.17321],[100.22506,15.16933],[100.22656,15.16826],[100.24051,15.15226],[100.24112,15.15072],[100.24159,15.14244],[100.24232,15.14047],[100.2503,15.13294],[100.26061,15.11293],[100.26848,15.10215],[100.26978,15.10125]]}},{"type":"Feature","properties":{"k":"canal","n":""},"geometry":{"type":"LineString","coordinates":[[100.07468,15.37741],[100.07289,15.38423],[100.07086,15.3872],[100.06716,15.38788]]}},{"type":"Feature","properties":{"k":"canal","n":""},"geometry":{"type":"LineString","coordinates":[[100.08504,15.3843],[100.08478,15.38159],[100.08409,15.37993]]}},{"type":"Feature","properties":{"k":"drain","n":""},"geometry":{"type":"LineString","coordinates":[[100.13107,15.17204],[100.12597,15.17131]]}},{"type":"Feature","properties":{"k":"canal","n":""},"geometry":{"type":"LineString","coordinates":[[100.13256,15.18557],[100.13214,15.1821],[100.13077,15.18088],[100.13031,15.17954],[100.1309,15.17823]]}},{"type":"Feature","properties":{"k":"canal","n":"คลองมหาราช"},"geometry":{"type":"LineString","coordinates":[[100.17449,15.15599],[100.17312,15.15995]]}},{"type":"Feature","properties":{"k":"canal","n":""},"geometry":{"type":"LineString","coordinates":[[99.71222,15.47641],[99.7142,15.47908],[99.71356,15.48402],[99.71378,15.4882],[99.71292,15.4883]]}},{"type":"Feature","properties":{"k":"drain","n":""},"geometry":{"type":"LineString","coordinates":[[100.00071,15.25819],[100.00024,15.25816]]}},{"type":"Feature","properties":{"k":"drain","n":""},"geometry":{"type":"LineString","coordinates":[[100.03793,15.25161],[100.03725,15.25262],[100.03566,15.25332],[100.03498,15.25413],[100.03418,15.25867],[100.03113,15.26011],[100.02787,15.25884],[100.01754,15.25826],[100.00867,15.26006],[100.00492,15.25836],[100.00071,15.25819]]}},{"type":"Feature","properties":{"k":"drain","n":""},"geometry":{"type":"LineString","coordinates":[[100.01719,15.2316],[100.00718,15.25222],[100.00625,15.2526],[100.00093,15.2524]]}},{"type":"Feature","properties":{"k":"canal","n":"คลองมะขามเฒ่า - อู่ทอง"},"geometry":{"type":"LineString","coordinates":[[100.06402,15.22471],[100.06312,15.22321]]}},{"type":"Feature","properties":{"k":"canal","n":"คลองมะขามเฒ่า - อู่ทอง"},"geometry":{"type":"LineString","coordinates":[[100.06296,15.22298],[100.05886,15.21748],[100.04898,15.21162],[100.04615,15.20913],[100.04404,15.20631],[100.00004,15.13103],[99.98891,15.09696],[99.98931,15.09534],[99.99449,15.08984],[99.995,15.08858],[99.99199,15.08008],[99.99403,15.0727],[99.99409,15.07045],[99.98822,15.05139],[99.98902,15.04648],[99.99027,15.04279],[99.98905,15.02404],[99.98759,15.02158],[99.97821,15.00022],[99.97799,14.99823],[99.98881,14.98027],[99.98743,14.97247],[99.98423,14.96629],[99.98414,14.96487],[99.99011,14.95048],[99.99091,14.94339],[99.99797,14.93061],[100.01215,14.91629],[100.0116,14.90989],[100.0186,14.90231],[100.02295,14.89364],[100.02576,14.89088],[100.02638,14.88967],[100.02673,14.88475],[100.02323,14.87833],[100.02379,14.87324],[100.02352,14.87179],[100.00207,14.8026],[100.00245,14.80091],[100.0245,14.75666],[100.03083,14.73252],[100.03152,14.72754],[100.03027,14.72244],[100.00593,14.663],[99.98969,14.63033]]}},{"type":"Feature","properties":{"k":"canal","n":"คลองมะขามเฒ่า - อู่ทอง"},"geometry":{"type":"LineString","coordinates":[[100.06312,15.22321],[100.06296,15.22298]]}},{"type":"Feature","properties":{"k":"canal","n":""},"geometry":{"type":"LineString","coordinates":[[100.18587,15.03783],[100.18599,15.03779]]}},{"type":"Feature","properties":{"k":"canal","n":""},"geometry":{"type":"LineString","coordinates":[[100.18599,15.03779],[100.19877,15.03404],[100.20232,15.03154],[100.20386,15.02909],[100.20465,15.02552],[100.20313,15.01204],[100.20919,14.99593],[100.21045,14.99468],[100.23655,14.97886],[100.2517,14.95737]]}},{"type":"Feature","properties":{"k":"canal","n":""},"geometry":{"type":"LineString","coordinates":[[100.15148,15.05329],[100.1519,15.05313]]}},{"type":"Feature","properties":{"k":"canal","n":""},"geometry":{"type":"LineString","coordinates":[[100.28067,15.25565],[100.28168,15.25416],[100.28107,15.25297],[100.28096,15.25087],[100.28187,15.25015]]}},{"type":"Feature","properties":{"k":"canal","n":"คลองทัพทัน"},"geometry":{"type":"LineString","coordinates":[[99.91964,15.47298],[99.91871,15.47227],[99.91896,15.47132],[99.91718,15.46942],[99.91644,15.46937],[99.91605,15.46789],[99.91495,15.46839],[99.91265,15.46827],[99.91162,15.46741],[99.9112,15.46807],[99.90977,15.46827],[99.90908,15.46916],[99.9084,15.46889],[99.9072,15.4698],[99.90594,15.46886],[99.90382,15.46944],[99.90341,15.46856],[99.90278,15.46837],[99.90279,15.46726],[99.9021,15.4674],[99.90185,15.46684],[99.90116,15.46688],[99.90066,15.46767],[99.89926,15.46712],[99.8972,15.46802],[99.89635,15.46763],[99.89578,15.46594],[99.89408,15.46509],[99.89316,15.46314],[99.89246,15.46276],[99.89054,15.4627],[99.88941,15.46384],[99.88827,15.46266],[99.88785,15.46354],[99.88557,15.46453],[99.88447,15.46417],[99.88531,15.46387],[99.88519,15.46335],[99.88411,15.46334],[99.88455,15.46202],[99.88068,15.46047],[99.87978,15.46133],[99.87851,15.46107],[99.87681,15.45803],[99.8737,15.45688],[99.87129,15.45687],[99.86984,15.45559],[99.86852,15.45529],[99.86736,15.45591],[99.86652,15.45511],[99.86561,15.45558],[99.86415,15.45527],[99.86367,15.45584],[99.86137,15.45527],[99.85854,15.45575],[99.85679,15.45491],[99.85689,15.45427],[99.85609,15.45381],[99.85597,15.45298]]}},{"type":"Feature","properties":{"k":"canal","n":"คลองส่งน้ำ 2 ซ้าย"},"geometry":{"type":"LineString","coordinates":[[100.15444,15.15666],[100.1534,15.1541],[100.1469,15.14548],[100.14598,15.14245],[100.14641,15.13974],[100.14743,15.13797],[100.15664,15.12911],[100.15806,15.12668],[100.15568,15.11167],[100.15414,15.10943],[100.14946,15.10533],[100.14778,15.10233],[100.14758,15.09986],[100.14867,15.08671],[100.14936,15.08472],[100.15063,15.08308],[100.16904,15.06782],[100.1701,15.06554],[100.17132,15.05707],[100.1727,15.05482],[100.18639,15.0459],[100.2041,15.04156],[100.20809,15.03912],[100.21663,15.0282],[100.21717,15.02575],[100.21755,15.00662],[100.21942,15.00303],[100.22292,15.00061],[100.23934,14.99767],[100.24198,14.99782],[100.2442,14.99852],[100.2625,15.00748],[100.27677,15.01144]]}},{"type":"Feature","properties":{"k":"canal","n":""},"geometry":{"type":"LineString","coordinates":[[100.07456,15.21646],[100.07589,15.21607],[100.07641,15.21533],[100.07501,15.2116]]}},{"type":"Feature","properties":{"k":"drain","n":""},"geometry":{"type":"LineString","coordinates":[[100.06774,15.21947],[100.06606,15.21762],[100.06553,15.20901],[100.0645,15.20561],[100.06221,15.20247],[100.05373,15.19632],[100.05245,15.1937],[100.04985,15.17147],[100.04758,15.16458],[100.0478,15.16228],[100.04957,15.15759],[100.04791,15.14729],[100.04502,15.14317],[100.04294,15.14138],[100.04133,15.14086],[100.03076,15.13985],[100.02863,15.13908],[100.02693,15.13783],[100.01617,15.12236],[100.01446,15.11803],[100.01437,15.11486],[100.01536,15.10874],[100.01622,15.10699],[100.03458,15.09702],[100.03613,15.0956],[100.03858,15.09174],[100.03872,15.08943],[100.03692,15.08465],[100.03494,15.08261],[100.03078,15.08157]]}},{"type":"Feature","properties":{"k":"drain","n":""},"geometry":{"type":"LineString","coordinates":[[100.0689,15.22028],[100.06789,15.2196]]}},{"type":"Feature","properties":{"k":"drain","n":""},"geometry":{"type":"LineString","coordinates":[[100.06789,15.2196],[100.06774,15.21947]]}},{"type":"Feature","properties":{"k":"drain","n":""},"geometry":{"type":"LineString","coordinates":[[100.07463,15.2098],[100.07296,15.20316],[100.07315,15.20106],[100.07442,15.19761],[100.07734,15.19283],[100.07944,15.19065],[100.08286,15.18879],[100.08337,15.18717],[100.08177,15.18412],[100.07799,15.18033],[100.07721,15.17841],[100.07571,15.17646],[100.07421,15.17564],[100.07248,15.17552],[100.07025,15.17363]]}},{"type":"Feature","properties":{"k":"drain","n":""},"geometry":{"type":"LineString","coordinates":[[100.20507,15.32503],[100.20802,15.32585]]}},{"type":"Feature","properties":{"k":"drain","n":""},"geometry":{"type":"LineString","coordinates":[[100.20442,15.32759],[100.20689,15.31814]]}},{"type":"Feature","properties":{"k":"drain","n":""},"geometry":{"type":"LineString","coordinates":[[100.20442,15.32759],[100.20443,15.3319],[100.20565,15.33693],[100.2098,15.34422]]}},{"type":"Feature","properties":{"k":"drain","n":""},"geometry":{"type":"LineString","coordinates":[[100.14281,15.3601],[100.14554,15.36197]]}},{"type":"Feature","properties":{"k":"canal","n":""},"geometry":{"type":"LineString","coordinates":[[100.02521,15.07395],[100.03333,15.075],[100.03652,15.07784],[100.04652,15.08098],[100.04752,15.08262],[100.04816,15.09183],[100.04722,15.09408],[100.0211,15.11822],[100.02065,15.11938],[100.02086,15.1204],[100.02494,15.12798],[100.02656,15.1297],[100.04436,15.13342],[100.04652,15.13447],[100.0488,15.13677],[100.05555,15.1503],[100.05625,15.15276],[100.05636,15.15595],[100.05536,15.16631],[100.0586,15.17587],[100.05807,15.18372],[100.05841,15.18605],[100.06013,15.1884],[100.06973,15.19375],[100.07139,15.19538],[100.07216,15.19762],[100.07257,15.20365],[100.07501,15.2116]]}},{"type":"Feature","properties":{"k":"drain","n":""},"geometry":{"type":"LineString","coordinates":[[100.14006,15.08377],[100.13139,15.08059]]}},{"type":"Feature","properties":{"k":"canal","n":""},"geometry":{"type":"LineString","coordinates":[[100.09039,15.05936],[100.0935,15.07382],[100.0936,15.07609],[100.09216,15.07806],[100.08002,15.09002],[100.07848,15.10618]]}},{"type":"Feature","properties":{"k":"canal","n":""},"geometry":{"type":"LineString","coordinates":[[100.03013,15.12574],[100.02962,15.12468]]}},{"type":"Feature","properties":{"k":"drain","n":""},"geometry":{"type":"LineString","coordinates":[[100.05129,14.99394],[100.06522,15.00466],[100.06595,15.0066],[100.06634,15.01811],[100.0674,15.02029],[100.08032,15.03081],[100.08386,15.03233]]}},{"type":"Feature","properties":{"k":"canal","n":""},"geometry":{"type":"LineString","coordinates":[[100.08502,15.06449],[100.0845,15.06384],[100.0853,15.06278],[100.08584,15.05967],[100.08503,15.05835],[100.08201,15.05769],[100.08167,15.05659],[100.08181,15.05538],[100.08372,15.05351],[100.08512,15.04913],[100.0848,15.04423],[100.08265,15.0428],[100.082,15.04061],[100.08378,15.0366],[100.08229,15.03424]]}},{"type":"Feature","properties":{"k":"drain","n":"คลองหนึ่งซ้าย"},"geometry":{"type":"LineString","coordinates":[[100.01901,14.98853],[100.01933,14.99042],[100.02038,14.9923],[100.03201,15.00273],[100.05292,15.02726],[100.05367,15.02907],[100.05289,15.03028],[100.0418,15.03896],[100.03435,15.03728],[100.03225,15.03766],[100.02175,15.04689],[100.0168,15.05399],[100.01316,15.05361]]}},{"type":"Feature","properties":{"k":"canal","n":""},"geometry":{"type":"LineString","coordinates":[[100.29728,14.99726],[100.28218,15.00064],[100.27618,15.00001],[100.27413,14.99915],[100.2662,14.99373],[100.25294,14.98877],[100.25083,14.98721],[100.25031,14.98532],[100.2505,14.98144],[100.25075,14.97955],[100.25153,14.978],[100.25335,14.97651],[100.2645,14.97331],[100.26581,14.97256],[100.26696,14.97034],[100.2667,14.967]]}},{"type":"Feature","properties":{"k":"canal","n":""},"geometry":{"type":"LineString","coordinates":[[100.29809,15.03103],[100.29008,15.01736]]}},{"type":"Feature","properties":{"k":"canal","n":""},"geometry":{"type":"LineString","coordinates":[[100.28818,15.02552],[100.28955,15.02325],[100.28998,15.01867]]}},{"type":"Feature","properties":{"k":"canal","n":""},"geometry":{"type":"LineString","coordinates":[[100.29618,15.02819],[100.29463,15.02839],[100.2929,15.0298],[100.29098,15.03017],[100.28938,15.03236]]}},{"type":"Feature","properties":{"k":"drain","n":""},"geometry":{"type":"LineString","coordinates":[[100.16975,15.36587],[100.15905,15.3729]]}},{"type":"Feature","properties":{"k":"drain","n":""},"geometry":{"type":"LineString","coordinates":[[100.14732,15.41],[100.14789,15.40873],[100.14864,15.40832],[100.14926,15.406],[100.15093,15.40653],[100.15248,15.40582],[100.16091,15.39751],[100.16167,15.39619],[100.16365,15.37983],[100.15637,15.36917]]}},{"type":"Feature","properties":{"k":"drain","n":""},"geometry":{"type":"LineString","coordinates":[[100.136,15.41976],[100.13835,15.41874],[100.13875,15.41156],[100.14103,15.41068],[100.14302,15.41076],[100.1466,15.41003]]}},{"type":"Feature","properties":{"k":"drain","n":""},"geometry":{"type":"LineString","coordinates":[[100.17258,15.4314],[100.16309,15.44079],[100.16008,15.44806]]}},{"type":"Feature","properties":{"k":"drain","n":""},"geometry":{"type":"LineString","coordinates":[[100.17258,15.4314],[100.17511,15.42856],[100.18519,15.40085]]}},{"type":"Feature","properties":{"k":"drain","n":""},"geometry":{"type":"LineString","coordinates":[[100.17723,15.43152],[100.17248,15.43181]]}},{"type":"Feature","properties":{"k":"drain","n":""},"geometry":{"type":"LineString","coordinates":[[100.17723,15.43152],[100.18302,15.43079]]}},{"type":"Feature","properties":{"k":"drain","n":""},"geometry":{"type":"LineString","coordinates":[[99.69049,15.31559],[99.69136,15.3226],[99.69306,15.32594]]}},{"type":"Feature","properties":{"k":"drain","n":""},"geometry":{"type":"LineString","coordinates":[[100.10137,15.24538],[100.10525,15.24714],[100.10831,15.24758],[100.12436,15.2451],[100.15197,15.24596]]}},{"type":"Feature","properties":{"k":"ditch","n":"คลองอนุศาสนนันท์"},"geometry":{"type":"LineString","coordinates":[[100.18865,15.26023],[100.2379,15.26049],[100.24952,15.26042],[100.25344,15.25998],[100.33551,15.22688],[100.3388,15.22521],[100.3413,15.22316],[100.36998,15.19364],[100.37156,15.19301],[100.39148,15.18987],[100.39346,15.18847],[100.40386,15.17194],[100.41509,15.13427],[100.41709,15.13141],[100.41879,15.13004],[100.42135,15.12881],[100.4386,15.12563],[100.44068,15.12565],[100.44452,15.12698],[100.45343,15.13419],[100.45738,15.1345],[100.48199,15.12443],[100.53914,15.10849],[100.54371,15.10602],[100.54629,15.10344],[100.54825,15.10045],[100.54955,15.09668],[100.58595,14.97238],[100.58794,14.95344],[100.59964,14.91722],[100.59634,14.8937],[100.60399,14.858],[100.6135,14.84032],[100.61542,14.83819],[100.62183,14.83329],[100.62403,14.83067],[100.63349,14.808],[100.63989,14.80364],[100.64105,14.80166],[100.64083,14.7927],[100.63868,14.76991],[100.63899,14.76804],[100.63995,14.76628],[100.66033,14.74406],[100.6628,14.74201],[100.66556,14.74077],[100.69966,14.73205],[100.70322,14.7298],[100.70485,14.72776],[100.72493,14.68863],[100.73703,14.67985],[100.73795,14.67871],[100.74353,14.64484],[100.74209,14.64062],[100.73679,14.63382],[100.73482,14.63019],[100.73312,14.62291],[100.73273,14.61914],[100.73314,14.61649],[100.73517,14.61213],[100.73803,14.60876],[100.76536,14.58508],[100.76681,14.58335],[100.76781,14.5794],[100.76775,14.56162]]}},{"type":"Feature","properties":{"k":"canal","n":""},"geometry":{"type":"LineString","coordinates":[[100.11647,15.19574],[100.11257,15.19567],[100.10821,15.19085],[100.10601,15.18934]]}},{"type":"Feature","properties":{"k":"canal","n":"คลองส่งน้ำ 1 ขวาสุพรรณ 1"},"geometry":{"type":"LineString","coordinates":[[100.11174,15.17979],[100.10945,15.17763],[100.10873,15.17555],[100.10587,15.17442],[100.09834,15.16958],[100.0954,15.16621],[100.09476,15.16365],[100.09591,15.15493]]}},{"type":"Feature","properties":{"k":"drain","n":""},"geometry":{"type":"LineString","coordinates":[[100.18989,15.19945],[100.17626,15.19078],[100.16134,15.18213]]}},{"type":"Feature","properties":{"k":"canal","n":""},"geometry":{"type":"LineString","coordinates":[[99.98568,15.34155],[99.98778,15.34049],[99.98906,15.34045],[99.99071,15.33832],[99.99143,15.33843],[99.99198,15.33776],[99.99359,15.33744],[99.99415,15.33794],[99.99522,15.33779],[99.99544,15.33718],[99.99669,15.33749],[99.99737,15.33675],[99.99795,15.33717],[99.9988,15.33583],[99.99918,15.33628],[99.99951,15.33575],[100.00063,15.33578],[100.00401,15.33432]]}},{"type":"Feature","properties":{"k":"canal","n":""},"geometry":{"type":"LineString","coordinates":[[100.24952,15.26042],[100.2495,15.26012]]}},{"type":"Feature","properties":{"k":"canal","n":""},"geometry":{"type":"LineString","coordinates":[[100.2495,15.26012],[100.24948,15.25996]]}},{"type":"Feature","properties":{"k":"canal","n":""},"geometry":{"type":"LineString","coordinates":[[100.25166,15.2443],[100.25178,15.24395]]}},{"type":"Feature","properties":{"k":"canal","n":""},"geometry":{"type":"LineString","coordinates":[[100.25178,15.24395],[100.25595,15.23001]]}},{"type":"Feature","properties":{"k":"canal","n":""},"geometry":{"type":"LineString","coordinates":[[100.24948,15.25996],[100.24926,15.25254],[100.25166,15.2443]]}},{"type":"Feature","properties":{"k":"canal","n":""},"geometry":{"type":"LineString","coordinates":[[100.15216,15.04409],[100.15615,15.03406],[100.16666,15.02299],[100.16893,15.02147],[100.18176,15.01761],[100.18363,15.01612],[100.1987,14.98499],[100.20028,14.98259],[100.20277,14.98038],[100.20534,14.97889],[100.2179,14.97522],[100.22419,14.96935],[100.22679,14.96247],[100.23193,14.95924]]}},{"type":"Feature","properties":{"k":"canal","n":"คลองส่งน้ำ 1 ขวา"},"geometry":{"type":"LineString","coordinates":[[100.14464,15.16628],[100.14406,15.1622]]}},{"type":"Feature","properties":{"k":"drain","n":""},"geometry":{"type":"LineString","coordinates":[[100.1519,15.05313],[100.15531,15.05157],[100.15884,15.04661],[100.16107,15.04499],[100.18587,15.03783]]}},{"type":"Feature","properties":{"k":"canal","n":""},"geometry":{"type":"LineString","coordinates":[[100.07438,14.99539],[100.07561,14.99584],[100.07937,14.99412],[100.08081,14.99159],[100.08215,14.99084],[100.08292,14.99128],[100.0822,14.99363],[100.08257,14.99408],[100.08577,14.99187],[100.08724,14.99231],[100.08778,14.99387],[100.08587,14.99663],[100.08623,15.0003],[100.08545,15.00677],[100.08445,15.00851],[100.0816,15.01076],[100.0814,15.01178],[100.08179,15.01262],[100.08311,15.01321],[100.08602,15.0129],[100.09079,15.01002],[100.09424,15.01105],[100.09686,15.0099],[100.09836,15.01006],[100.09972,15.01133],[100.10109,15.01525],[100.10411,15.01779],[100.10468,15.01984],[100.10439,15.02224],[100.10634,15.02505],[100.10766,15.0286],[100.11145,15.02841],[100.11251,15.02957],[100.11245,15.03144],[100.11324,15.03288],[100.11712,15.03348],[100.12147,15.0363],[100.12911,15.03727],[100.13237,15.03846],[100.1369,15.04313]]}},{"type":"Feature","properties":{"k":"drain","n":""},"geometry":{"type":"LineString","coordinates":[[100.14715,15.05707],[100.14768,15.0558],[100.15202,15.05553]]}},{"type":"Feature","properties":{"k":"drain","n":""},"geometry":{"type":"LineString","coordinates":[[100.14372,15.0488],[100.14358,15.04364]]}},{"type":"Feature","properties":{"k":"drain","n":""},"geometry":{"type":"LineString","coordinates":[[100.14358,15.04364],[100.14349,15.0432]]}},{"type":"Feature","properties":{"k":"drain","n":""},"geometry":{"type":"LineString","coordinates":[[100.14349,15.0432],[100.1422,15.03868],[100.1409,15.03799],[100.13907,15.03879],[100.13791,15.04158],[100.13683,15.04279]]}},{"type":"Feature","properties":{"k":"drain","n":""},"geometry":{"type":"LineString","coordinates":[[100.13729,15.04349],[100.14492,15.04983],[100.14713,15.05011],[100.14994,15.0493]]}},{"type":"Feature","properties":{"k":"canal","n":""},"geometry":{"type":"LineString","coordinates":[[100.1369,15.04313],[100.13729,15.04349]]}},{"type":"Feature","properties":{"k":"canal","n":"คลองส่งน้ำ 1 ขวา"},"geometry":{"type":"LineString","coordinates":[[100.14994,15.04883],[100.1499,15.04872]]}},{"type":"Feature","properties":{"k":"canal","n":"คลองส่งน้ำ 1 ขวา"},"geometry":{"type":"LineString","coordinates":[[100.1499,15.04872],[100.1485,15.04472]]}},{"type":"Feature","properties":{"k":"drain","n":""},"geometry":{"type":"LineString","coordinates":[[100.12645,15.0547],[100.1298,15.05607],[100.1358,15.06016]]}},{"type":"Feature","properties":{"k":"drain","n":""},"geometry":{"type":"LineString","coordinates":[[100.14271,15.06404],[100.1416,15.05901],[100.13548,15.05018],[100.13384,15.04847],[100.12711,15.04501],[100.10745,15.04383],[100.10482,15.04456],[100.10285,15.04446],[100.10031,15.04401],[100.09598,15.04155],[100.09394,15.04169],[100.09284,15.04109],[100.09206,15.04144],[100.0915,15.04252],[100.08977,15.04225],[100.08798,15.04285]]}},{"type":"Feature","properties":{"k":"drain","n":""},"geometry":{"type":"LineString","coordinates":[[100.10386,15.04466],[100.10373,15.04668],[100.10419,15.04761],[100.11217,15.06051],[100.12391,15.06915],[100.13073,15.07242],[100.13733,15.07766]]}},{"type":"Feature","properties":{"k":"canal","n":""},"geometry":{"type":"LineString","coordinates":[[100.02487,15.07209],[100.0239,15.07015]]}},{"type":"Feature","properties":{"k":"canal","n":""},"geometry":{"type":"LineString","coordinates":[[100.0239,15.07015],[100.02383,15.06998]]}},{"type":"Feature","properties":{"k":"canal","n":""},"geometry":{"type":"LineString","coordinates":[[100.02383,15.06998],[100.02464,15.06885],[100.0258,15.06864],[100.02667,15.06525],[100.02977,15.06307],[100.02978,15.06139],[100.03185,15.06053],[100.03213,15.05497],[100.0363,15.05456]]}},{"type":"Feature","properties":{"k":"canal","n":"คลองหนึ่งซ้ายหนึ่งซ้าย"},"geometry":{"type":"LineString","coordinates":[[100.04685,15.0353],[100.05263,15.04236],[100.0544,15.04358],[100.05598,15.04393],[100.05696,15.04379],[100.06744,15.03782],[100.08198,15.03771]]}},{"type":"Feature","properties":{"k":"canal","n":""},"geometry":{"type":"LineString","coordinates":[[100.06085,15.03252],[100.06112,15.03177],[100.06334,15.03007],[100.06604,15.02908],[100.06771,15.02963],[100.06896,15.02904],[100.06976,15.02918],[100.06962,15.02993],[100.07056,15.02992],[100.07045,15.03158],[100.07091,15.03274],[100.07179,15.03336],[100.07306,15.03317],[100.07436,15.03372],[100.0758,15.0332]]}},{"type":"Feature","properties":{"k":"canal","n":""},"geometry":{"type":"LineString","coordinates":[[100.0619,15.03117],[100.06257,15.03209],[100.06343,15.03224],[100.06465,15.03633],[100.06425,15.03796],[100.06225,15.03961],[100.06183,15.04075]]}},{"type":"Feature","properties":{"k":"canal","n":""},"geometry":{"type":"LineString","coordinates":[[100.08156,15.05829],[100.08168,15.05826]]}},{"type":"Feature","properties":{"k":"canal","n":""},"geometry":{"type":"LineString","coordinates":[[100.08168,15.05826],[100.08265,15.05777]]}},{"type":"Feature","properties":{"k":"canal","n":""},"geometry":{"type":"LineString","coordinates":[[100.06143,15.04132],[100.06178,15.04401],[100.05916,15.04613],[100.05819,15.04754],[100.06184,15.04961],[100.06103,15.05088],[100.06173,15.05455],[100.06356,15.05483],[100.06515,15.05749],[100.06786,15.05837],[100.0706,15.05863],[100.07151,15.05825],[100.07492,15.0596],[100.07678,15.05851],[100.08156,15.05829]]}},{"type":"Feature","properties":{"k":"canal","n":""},"geometry":{"type":"LineString","coordinates":[[100.06111,15.07289],[100.06193,15.06738],[100.06328,15.06523],[100.06809,15.06118],[100.07284,15.05921]]}},{"type":"Feature","properties":{"k":"canal","n":""},"geometry":{"type":"LineString","coordinates":[[100.02962,15.12468],[100.02958,15.1246]]}},{"type":"Feature","properties":{"k":"canal","n":""},"geometry":{"type":"LineString","coordinates":[[100.02958,15.1246],[100.03271,15.12126],[100.03208,15.11971],[100.03193,15.11716],[100.0333,15.11265],[100.03569,15.11434],[100.03736,15.11402],[100.03795,15.11244],[100.0402,15.10989],[100.04523,15.10857],[100.04649,15.1077],[100.04884,15.10754],[100.05073,15.10458],[100.04996,15.1037],[100.05037,15.10256],[100.0546,15.10297],[100.05507,15.10175],[100.05657,15.10118],[100.05652,15.09967],[100.05894,15.10001],[100.05957,15.09927],[100.06239,15.09833],[100.06352,15.09844],[100.0652,15.09741],[100.06714,15.09536],[100.06895,15.08929],[100.07006,15.0889],[100.07216,15.08939],[100.0727,15.08827],[100.07431,15.08724],[100.07639,15.0841],[100.07754,15.08338],[100.07918,15.08358],[100.07981,15.08147],[100.082,15.08057],[100.08231,15.07983],[100.08366,15.07955],[100.08502,15.08018],[100.0868,15.07947],[100.08659,15.07809],[100.08786,15.07762],[100.08882,15.07637],[100.08835,15.07563],[100.08841,15.0744],[100.08555,15.07108],[100.08619,15.06827],[100.08503,15.06694],[100.08469,15.06556],[100.08511,15.06534],[100.08502,15.06449]]}},{"type":"Feature","properties":{"k":"canal","n":""},"geometry":{"type":"LineString","coordinates":[[100.06235,15.14967],[100.06186,15.14741],[100.06316,15.14311],[100.06165,15.14118],[100.0638,15.13862],[100.06594,15.13707],[100.06607,15.13556],[100.06716,15.1348],[100.06642,15.13334]]}},{"type":"Feature","properties":{"k":"canal","n":""},"geometry":{"type":"LineString","coordinates":[[100.06611,15.13576],[100.07218,15.14441],[100.07057,15.14587],[100.06891,15.14864],[100.06888,15.14981],[100.06775,15.1521],[100.06783,15.15479],[100.06693,15.16045],[100.07435,15.16632],[100.07855,15.17061],[100.07924,15.17239],[100.08219,15.17477],[100.08549,15.18044],[100.09923,15.19059]]}},{"type":"Feature","properties":{"k":"canal","n":""},"geometry":{"type":"LineString","coordinates":[[100.07601,15.17655],[100.07742,15.17603],[100.07728,15.17451],[100.07799,15.17381],[100.07767,15.172],[100.07813,15.17155],[100.07882,15.17171]]}},{"type":"Feature","properties":{"k":"canal","n":""},"geometry":{"type":"LineString","coordinates":[[100.08225,15.17467],[100.08395,15.17512],[100.08455,15.17466],[100.08455,15.17394]]}},{"type":"Feature","properties":{"k":"drain","n":"คลองส่งน้ำสายใหญ่สุพรรณ 1"},"geometry":{"type":"LineString","coordinates":[[100.08711,15.04535],[100.08894,15.04789],[100.09308,15.05086],[100.09443,15.05526],[100.10985,15.07816],[100.11142,15.08117],[100.12076,15.10899],[100.12379,15.12345],[100.1245,15.12507],[100.12256,15.12923],[100.12237,15.13125],[100.12349,15.13302],[100.12567,15.13396],[100.12689,15.13702],[100.13454,15.14563],[100.13517,15.1469],[100.13525,15.14835],[100.13265,15.16048]]}},{"type":"Feature","properties":{"k":"canal","n":""},"geometry":{"type":"LineString","coordinates":[[100.07553,15.12721],[100.07828,15.12654],[100.0816,15.12688],[100.08218,15.12587],[100.08224,15.12411],[100.08345,15.12259],[100.08336,15.12177],[100.0842,15.1202],[100.08299,15.1187],[100.08285,15.11715],[100.08354,15.11697],[100.08407,15.11572],[100.08541,15.1145],[100.08632,15.1141],[100.0873,15.11506],[100.09519,15.11712],[100.09612,15.11662],[100.09713,15.11497],[100.09891,15.11516],[100.09995,15.11289],[100.09979,15.11136],[100.10022,15.11087],[100.10331,15.11036],[100.10991,15.108],[100.11137,15.107],[100.11507,15.10282],[100.11817,15.10122]]}},{"type":"Feature","properties":{"k":"canal","n":""},"geometry":{"type":"LineString","coordinates":[[100.11382,15.10286],[100.10498,15.10791],[100.10148,15.10869],[100.07864,15.10644]]}},{"type":"Feature","properties":{"k":"canal","n":""},"geometry":{"type":"LineString","coordinates":[[100.07846,15.10637],[100.07768,15.11095],[100.0688,15.11738],[100.0674,15.12061]]}},{"type":"Feature","properties":{"k":"canal","n":""},"geometry":{"type":"LineString","coordinates":[[100.07848,15.10618],[100.07846,15.10637]]}},{"type":"Feature","properties":{"k":"canal","n":""},"geometry":{"type":"LineString","coordinates":[[100.09461,15.09393],[100.09579,15.09614],[100.09794,15.09787],[100.09768,15.09905],[100.09981,15.10158],[100.10048,15.10472],[100.10151,15.10585],[100.10044,15.10845]]}},{"type":"Feature","properties":{"k":"canal","n":""},"geometry":{"type":"LineString","coordinates":[[100.08253,15.10004],[100.09176,15.09691],[100.09371,15.09528],[100.094,15.09447]]}},{"type":"Feature","properties":{"k":"canal","n":""},"geometry":{"type":"LineString","coordinates":[[100.094,15.09447],[100.09405,15.09428]]}},{"type":"Feature","properties":{"k":"canal","n":""},"geometry":{"type":"LineString","coordinates":[[100.09405,15.09428],[100.09347,15.089],[100.0953,15.08645],[100.11112,15.08114]]}},{"type":"Feature","properties":{"k":"canal","n":""},"geometry":{"type":"LineString","coordinates":[[100.09328,15.08969],[100.0926,15.08941],[100.09217,15.0878],[100.09145,15.0871],[100.09291,15.08497],[100.09284,15.08232],[100.09404,15.08242],[100.09755,15.08076],[100.09981,15.08099],[100.10164,15.0826],[100.10483,15.08285]]}},{"type":"Feature","properties":{"k":"drain","n":""},"geometry":{"type":"LineString","coordinates":[[100.11828,15.11797],[100.09175,15.13224],[100.08911,15.13417],[100.08572,15.14071],[100.08434,15.14169]]}},{"type":"Feature","properties":{"k":"drain","n":""},"geometry":{"type":"LineString","coordinates":[[100.09592,15.15483],[100.09647,15.14572],[100.09606,15.14126],[100.11256,15.12856],[100.11411,15.12509],[100.11792,15.12343],[100.11974,15.12338],[100.12182,15.12401],[100.12379,15.12345]]}},{"type":"Feature","properties":{"k":"canal","n":""},"geometry":{"type":"LineString","coordinates":[[100.09591,15.15493],[100.09592,15.15483]]}},{"type":"Feature","properties":{"k":"canal","n":""},"geometry":{"type":"LineString","coordinates":[[100.06856,15.12934],[100.07048,15.1324],[100.07157,15.13613],[100.07503,15.14302]]}},{"type":"Feature","properties":{"k":"canal","n":""},"geometry":{"type":"LineString","coordinates":[[100.11612,15.16363],[100.1173,15.15489],[100.11711,15.15265],[100.10913,15.13184]]}},{"type":"Feature","properties":{"k":"canal","n":""},"geometry":{"type":"LineString","coordinates":[[100.11611,15.16373],[100.11612,15.16363]]}},{"type":"Feature","properties":{"k":"canal","n":""},"geometry":{"type":"LineString","coordinates":[[100.10576,15.18935],[100.10584,15.18924]]}},{"type":"Feature","properties":{"k":"canal","n":"คลองส่งน้ำ 1 ซ้ายละหาน"},"geometry":{"type":"LineString","coordinates":[[100.10595,15.18906],[100.11187,15.17987],[100.11369,15.17602],[100.11489,15.17221],[100.11611,15.16373]]}},{"type":"Feature","properties":{"k":"canal","n":""},"geometry":{"type":"LineString","coordinates":[[100.10586,15.1892],[100.10595,15.18906]]}},{"type":"Feature","properties":{"k":"canal","n":""},"geometry":{"type":"LineString","coordinates":[[100.10584,15.18924],[100.10586,15.1892]]}},{"type":"Feature","properties":{"k":"canal","n":""},"geometry":{"type":"LineString","coordinates":[[100.10601,15.18934],[100.10585,15.18922]]}},{"type":"Feature","properties":{"k":"canal","n":"คลองส่งน้ำสายใหญ่ทุ่งละหาน"},"geometry":{"type":"LineString","coordinates":[[100.10585,15.18922],[100.10018,15.18534],[100.09261,15.17834],[100.09155,15.17676],[100.08963,15.16358],[100.09402,15.15934],[100.09414,15.15775],[100.07682,15.13024],[100.07299,15.12291],[100.06705,15.12076],[100.06462,15.12106]]}},{"type":"Feature","properties":{"k":"canal","n":""},"geometry":{"type":"LineString","coordinates":[[100.08005,15.16151],[100.08005,15.16171]]}},{"type":"Feature","properties":{"k":"canal","n":"คลองส่งน้ำ 1 ขวาละหาน"},"geometry":{"type":"LineString","coordinates":[[100.10576,15.18935],[100.1043,15.19128],[100.10334,15.19158],[100.10215,15.19125],[100.08836,15.18134],[100.0803,15.16464],[100.08005,15.16171]]}},{"type":"Feature","properties":{"k":"canal","n":""},"geometry":{"type":"LineString","coordinates":[[100.0751,15.14314],[100.0798,15.15285],[100.08005,15.16151]]}},{"type":"Feature","properties":{"k":"canal","n":""},"geometry":{"type":"LineString","coordinates":[[100.07503,15.14302],[100.0751,15.14314]]}},{"type":"Feature","properties":{"k":"canal","n":""},"geometry":{"type":"LineString","coordinates":[[100.0934,15.15972],[100.08994,15.15665],[100.08602,15.15512],[100.08553,15.15386],[100.08351,15.15292],[100.08338,15.15004],[100.08501,15.1481],[100.08506,15.14652],[100.08323,15.14627],[100.0822,15.14392],[100.08108,15.14295],[100.0795,15.14378],[100.07623,15.14254],[100.07586,15.14052],[100.07728,15.1391],[100.07671,15.1384],[100.07697,15.13606],[100.07573,15.13507],[100.07481,15.13146],[100.07032,15.12772]]}},{"type":"Feature","properties":{"k":"canal","n":""},"geometry":{"type":"LineString","coordinates":[[100.066,15.18168],[100.06358,15.17892],[100.06396,15.17672],[100.06262,15.17574]]}},{"type":"Feature","properties":{"k":"canal","n":""},"geometry":{"type":"LineString","coordinates":[[100.06393,15.16906],[100.06425,15.16802],[100.06364,15.16625],[100.06443,15.16568]]}},{"type":"Feature","properties":{"k":"canal","n":""},"geometry":{"type":"LineString","coordinates":[[100.06728,15.16259],[100.0673,15.16248]]}},{"type":"Feature","properties":{"k":"canal","n":""},"geometry":{"type":"LineString","coordinates":[[100.0673,15.16248],[100.06745,15.16163]]}},{"type":"Feature","properties":{"k":"canal","n":""},"geometry":{"type":"LineString","coordinates":[[100.06443,15.16568],[100.06452,15.16567]]}},{"type":"Feature","properties":{"k":"canal","n":""},"geometry":{"type":"LineString","coordinates":[[100.0647,15.16565],[100.06711,15.16382],[100.06728,15.16259]]}},{"type":"Feature","properties":{"k":"canal","n":""},"geometry":{"type":"LineString","coordinates":[[100.0646,15.16566],[100.0647,15.16565]]}},{"type":"Feature","properties":{"k":"canal","n":""},"geometry":{"type":"LineString","coordinates":[[100.06452,15.16567],[100.0646,15.16566]]}},{"type":"Feature","properties":{"k":"canal","n":""},"geometry":{"type":"LineString","coordinates":[[100.04684,15.11836],[100.04525,15.11907],[100.04126,15.12246],[100.04107,15.12431],[100.04256,15.12574],[100.04293,15.12702],[100.04385,15.12727],[100.04407,15.12945],[100.04465,15.1301],[100.04402,15.13082],[100.04332,15.13087],[100.043,15.13192],[100.04003,15.13258]]}},{"type":"Feature","properties":{"k":"canal","n":""},"geometry":{"type":"LineString","coordinates":[[100.04003,15.13258],[100.03993,15.1327]]}},{"type":"Feature","properties":{"k":"canal","n":""},"geometry":{"type":"LineString","coordinates":[[100.03993,15.1327],[100.03949,15.13435],[100.03701,15.13531],[100.03894,15.13573],[100.04028,15.13702]]}},{"type":"Feature","properties":{"k":"drain","n":""},"geometry":{"type":"LineString","coordinates":[[100.02106,15.13489],[100.02278,15.13559],[100.02455,15.14059],[100.02546,15.1418],[100.02739,15.14252],[100.02703,15.14467],[100.03679,15.14785]]}},{"type":"Feature","properties":{"k":"canal","n":""},"geometry":{"type":"LineString","coordinates":[[100.03695,15.1479],[100.03825,15.14756]]}},{"type":"Feature","properties":{"k":"canal","n":""},"geometry":{"type":"LineString","coordinates":[[100.03679,15.14785],[100.03695,15.1479]]}},{"type":"Feature","properties":{"k":"canal","n":""},"geometry":{"type":"LineString","coordinates":[[100.03825,15.14756],[100.03913,15.14612]]}},{"type":"Feature","properties":{"k":"canal","n":""},"geometry":{"type":"LineString","coordinates":[[100.03913,15.14612],[100.03917,15.14599]]}},{"type":"Feature","properties":{"k":"canal","n":""},"geometry":{"type":"LineString","coordinates":[[100.03917,15.14599],[100.03923,15.14579]]}},{"type":"Feature","properties":{"k":"canal","n":""},"geometry":{"type":"LineString","coordinates":[[100.06656,15.22287],[100.06506,15.22166]]}},{"type":"Feature","properties":{"k":"canal","n":""},"geometry":{"type":"LineString","coordinates":[[100.06506,15.22166],[100.06493,15.22151]]}},{"type":"Feature","properties":{"k":"canal","n":""},"geometry":{"type":"LineString","coordinates":[[100.06493,15.22151],[100.06497,15.21807],[100.0628,15.21535],[100.06388,15.21324],[100.06348,15.211],[100.06209,15.21074],[100.05914,15.20648],[100.05708,15.20467],[100.0551,15.2045],[100.04968,15.19968],[100.04854,15.19787]]}},{"type":"Feature","properties":{"k":"canal","n":""},"geometry":{"type":"LineString","coordinates":[[100.04854,15.19787],[100.04848,15.19781]]}},{"type":"Feature","properties":{"k":"canal","n":""},"geometry":{"type":"LineString","coordinates":[[100.04848,15.19781],[100.04619,15.19487],[100.04322,15.19324],[100.0406,15.18172],[100.03995,15.17563],[100.0421,15.17421],[100.0418,15.17347],[100.0412,15.17334],[100.04101,15.17238],[100.04008,15.17172],[100.04074,15.17035],[100.0388,15.16903],[100.03804,15.16792],[100.04033,15.16574],[100.03968,15.16446],[100.04031,15.16395],[100.04043,15.16274],[100.04217,15.16127],[100.04189,15.15984],[100.04069,15.15968],[100.04013,15.15732]]}},{"type":"Feature","properties":{"k":"canal","n":""},"geometry":{"type":"LineString","coordinates":[[100.04013,15.15723],[100.04118,15.15515],[100.03984,15.15398],[100.04014,15.15167],[100.03978,15.15096],[100.04031,15.14994]]}},{"type":"Feature","properties":{"k":"canal","n":""},"geometry":{"type":"LineString","coordinates":[[100.04013,15.15732],[100.04013,15.15723]]}},{"type":"Feature","properties":{"k":"canal","n":""},"geometry":{"type":"LineString","coordinates":[[100.04041,15.14979],[100.04042,15.14828],[100.03915,15.14784]]}},{"type":"Feature","properties":{"k":"canal","n":""},"geometry":{"type":"LineString","coordinates":[[100.04031,15.14994],[100.04041,15.14979]]}},{"type":"Feature","properties":{"k":"canal","n":""},"geometry":{"type":"LineString","coordinates":[[100.03915,15.14784],[100.039,15.14779]]}},{"type":"Feature","properties":{"k":"canal","n":""},"geometry":{"type":"LineString","coordinates":[[100.039,15.14779],[100.03825,15.14756]]}},{"type":"Feature","properties":{"k":"drain","n":""},"geometry":{"type":"LineString","coordinates":[[100.03405,15.14784],[100.02276,15.1488],[100.01363,15.15325]]}},{"type":"Feature","properties":{"k":"canal","n":""},"geometry":{"type":"LineString","coordinates":[[100.01363,15.15325],[100.01319,15.15349]]}},{"type":"Feature","properties":{"k":"drain","n":""},"geometry":{"type":"LineString","coordinates":[[100.00691,15.09424],[100.00705,15.09434]]}},{"type":"Feature","properties":{"k":"drain","n":""},"geometry":{"type":"LineString","coordinates":[[100.00712,15.09438],[100.00723,15.09445]]}},{"type":"Feature","properties":{"k":"drain","n":""},"geometry":{"type":"LineString","coordinates":[[100.00705,15.09434],[100.00712,15.09438]]}},{"type":"Feature","properties":{"k":"drain","n":""},"geometry":{"type":"LineString","coordinates":[[100.00324,15.06365],[100.00355,15.06257],[99.99999,15.05869]]}},{"type":"Feature","properties":{"k":"drain","n":""},"geometry":{"type":"LineString","coordinates":[[99.99992,15.05852],[99.99983,15.0583]]}},{"type":"Feature","properties":{"k":"drain","n":""},"geometry":{"type":"LineString","coordinates":[[99.99999,15.05869],[99.99992,15.05852]]}},{"type":"Feature","properties":{"k":"drain","n":""},"geometry":{"type":"LineString","coordinates":[[100.14675,15.00374],[100.15588,15.00214],[100.17993,15.00479],[100.18986,15.00359]]}},{"type":"Feature","properties":{"k":"drain","n":""},"geometry":{"type":"LineString","coordinates":[[100.16857,15.45717],[100.18708,15.44918],[100.2039,15.43639],[100.211,15.43308],[100.21528,15.42956]]}},{"type":"Feature","properties":{"k":"drain","n":""},"geometry":{"type":"LineString","coordinates":[[100.18533,15.3294],[100.19392,15.33948],[100.20649,15.37087]]}},{"type":"Feature","properties":{"k":"canal","n":""},"geometry":{"type":"LineString","coordinates":[[100.26285,15.43015],[100.26429,15.43068],[100.26619,15.43244],[100.26718,15.43199]]}},{"type":"Feature","properties":{"k":"drain","n":""},"geometry":{"type":"LineString","coordinates":[[100.16857,15.45717],[100.16536,15.45833],[100.14723,15.461],[100.14536,15.46012]]}},{"type":"Feature","properties":{"k":"drain","n":""},"geometry":{"type":"LineString","coordinates":[[100.14495,15.45978],[100.14049,15.45559],[100.13642,15.45309],[100.13585,15.45187],[100.13323,15.45209]]}},{"type":"Feature","properties":{"k":"drain","n":""},"geometry":{"type":"LineString","coordinates":[[100.16668,15.48537],[100.15814,15.48307],[100.14979,15.48181]]}},{"type":"Feature","properties":{"k":"drain","n":""},"geometry":{"type":"LineString","coordinates":[[100.22713,15.42881],[100.21599,15.4329],[100.20873,15.43906],[100.2075,15.4391],[100.20634,15.43824]]}},{"type":"Feature","properties":{"k":"drain","n":""},"geometry":{"type":"LineString","coordinates":[[100.20612,15.43798],[100.2044,15.43607]]}},{"type":"Feature","properties":{"k":"canal","n":""},"geometry":{"type":"LineString","coordinates":[[100.26845,15.45322],[100.26736,15.45246],[100.26705,15.45008],[100.26738,15.44795],[100.26603,15.44698],[100.26665,15.44518]]}},{"type":"Feature","properties":{"k":"drain","n":""},"geometry":{"type":"LineString","coordinates":[[100.23632,15.09911],[100.23783,15.09591],[100.2455,15.09518],[100.25372,15.09571],[100.25704,15.09491],[100.26663,15.08452],[100.27336,15.0855],[100.27371,15.08214],[100.27521,15.07899]]}},{"type":"Feature","properties":{"k":"canal","n":"คลองส่งน้ำ 1 ซ้าย"},"geometry":{"type":"LineString","coordinates":[[100.27927,15.09772],[100.28001,15.08843],[100.28262,15.07998],[100.29007,15.07183],[100.29087,15.07038],[100.29095,15.06865],[100.28963,15.0615],[100.29,15.05989],[100.29202,15.05863],[100.29931,15.05959],[100.30163,15.05856],[100.30226,15.05709],[100.30199,15.05192],[100.30251,15.05055],[100.31446,15.04414],[100.31736,15.04175],[100.31961,15.03781],[100.3221,15.02775],[100.32766,15.0213],[100.32785,15.01945],[100.32437,15.01221],[100.32423,15.01],[100.33302,14.98153],[100.34222,14.97424],[100.34476,14.97002],[100.34532,14.95375],[100.34599,14.95128],[100.34741,14.94958],[100.35012,14.94853],[100.35239,14.94874],[100.35906,14.951],[100.36029,14.95073],[100.36124,14.94965]]}},{"type":"Feature","properties":{"k":"drain","n":""},"geometry":{"type":"LineString","coordinates":[[100.22733,15.08692],[100.24529,15.09503]]}},{"type":"Feature","properties":{"k":"canal","n":""},"geometry":{"type":"LineString","coordinates":[[99.90366,15.3935],[99.90447,15.39331],[99.90511,15.39388],[99.90869,15.39208],[99.91059,15.39216],[99.91137,15.39129],[99.91536,15.39231],[99.91772,15.39074],[99.92034,15.39079],[99.92192,15.38963],[99.92403,15.38933],[99.92444,15.38726]]}},{"type":"Feature","properties":{"k":"drain","n":""},"geometry":{"type":"LineString","coordinates":[[99.72529,15.41548],[99.73282,15.41857],[99.74161,15.42548],[99.75835,15.43055],[99.75923,15.43136],[99.76212,15.4364]]}},{"type":"Feature","properties":{"k":"drain","n":""},"geometry":{"type":"LineString","coordinates":[[99.71336,15.40743],[99.71257,15.40948],[99.71306,15.4105],[99.72454,15.41513]]}},{"type":"Feature","properties":{"k":"drain","n":""},"geometry":{"type":"LineString","coordinates":[[99.8821,15.36539],[99.88007,15.36466],[99.87869,15.36583],[99.87589,15.36518],[99.87465,15.36566],[99.87286,15.36526]]}},{"type":"Feature","properties":{"k":"drain","n":""},"geometry":{"type":"LineString","coordinates":[[99.8727,15.3652],[99.87092,15.36502],[99.86924,15.36399],[99.86577,15.36515],[99.86457,15.36465],[99.86027,15.36538]]}},{"type":"Feature","properties":{"k":"drain","n":""},"geometry":{"type":"LineString","coordinates":[[99.82202,15.4683],[99.78963,15.45407]]}},{"type":"Feature","properties":{"k":"canal","n":""},"geometry":{"type":"LineString","coordinates":[[99.82458,15.45807],[99.82255,15.45661],[99.82121,15.45485],[99.82033,15.45474],[99.81989,15.45385],[99.81841,15.45334],[99.81814,15.45226],[99.8173,15.45156],[99.816,15.45075],[99.81467,15.45099],[99.81386,15.45065],[99.81307,15.44845],[99.80774,15.44821],[99.80639,15.44761]]}},{"type":"Feature","properties":{"k":"drain","n":""},"geometry":{"type":"LineString","coordinates":[[99.69788,15.47394],[99.70024,15.4731],[99.70641,15.47307],[99.70939,15.47199]]}},{"type":"Feature","properties":{"k":"drain","n":""},"geometry":{"type":"LineString","coordinates":[[99.89768,15.45687],[99.89348,15.45837],[99.89288,15.46001],[99.89306,15.46145]]}},{"type":"Feature","properties":{"k":"drain","n":""},"geometry":{"type":"LineString","coordinates":[[99.77423,15.35679],[99.7664,15.35581],[99.76463,15.35606],[99.76326,15.35712],[99.76019,15.36224],[99.76039,15.36325],[99.7621,15.36517],[99.76615,15.36585],[99.76804,15.36689],[99.77139,15.37233]]}},{"type":"Feature","properties":{"k":"drain","n":""},"geometry":{"type":"LineString","coordinates":[[99.77314,15.3882],[99.76737,15.37915],[99.76767,15.37738],[99.76956,15.37556]]}},{"type":"Feature","properties":{"k":"drain","n":""},"geometry":{"type":"LineString","coordinates":[[99.75488,15.37555],[99.75806,15.37426],[99.75914,15.37147],[99.76057,15.37023],[99.7618,15.37101],[99.76379,15.37016]]}},{"type":"Feature","properties":{"k":"canal","n":""},"geometry":{"type":"LineString","coordinates":[[99.84436,15.39694],[99.84508,15.39735],[99.84548,15.39942],[99.84602,15.39983],[99.85099,15.39929],[99.85291,15.39984],[99.85871,15.39936],[99.86004,15.39895],[99.86023,15.3983],[99.86118,15.39795],[99.86252,15.3984],[99.86448,15.39807],[99.86627,15.39908],[99.86682,15.39878],[99.8676,15.39916]]}},{"type":"Feature","properties":{"k":"canal","n":""},"geometry":{"type":"LineString","coordinates":[[99.65199,15.1985],[99.6526,15.19833],[99.65348,15.19952]]}},{"type":"Feature","properties":{"k":"drain","n":""},"geometry":{"type":"LineString","coordinates":[[99.71646,15.22313],[99.71596,15.22431],[99.71657,15.22441],[99.71721,15.22568],[99.71579,15.22633],[99.71703,15.22764],[99.71667,15.22977]]}},{"type":"Feature","properties":{"k":"canal","n":""},"geometry":{"type":"LineString","coordinates":[[99.8551,15.41],[99.85611,15.40884],[99.85878,15.40801],[99.86005,15.40801],[99.85997,15.40878],[99.86057,15.40883],[99.86117,15.40771],[99.8624,15.40796],[99.86212,15.40651],[99.86299,15.40586],[99.86558,15.40522],[99.8665,15.4063]]}},{"type":"Feature","properties":{"k":"canal","n":""},"geometry":{"type":"LineString","coordinates":[[99.72624,15.31145],[99.72849,15.31293]]}},{"type":"Feature","properties":{"k":"canal","n":""},"geometry":{"type":"LineString","coordinates":[[100.12673,15.22168],[100.12777,15.22047]]}},{"type":"Feature","properties":{"k":"canal","n":""},"geometry":{"type":"LineString","coordinates":[[100.12064,15.22094],[100.12211,15.22115]]}},{"type":"Feature","properties":{"k":"canal","n":""},"geometry":{"type":"LineString","coordinates":[[100.11611,15.2221],[100.11875,15.22103],[100.12053,15.22094]]}},{"type":"Feature","properties":{"k":"canal","n":""},"geometry":{"type":"LineString","coordinates":[[100.12231,15.22121],[100.12463,15.22202],[100.12655,15.22179]]}},{"type":"Feature","properties":{"k":"canal","n":"คลองมหาราช"},"geometry":{"type":"LineString","coordinates":[[100.17308,15.16013],[100.17228,15.16418],[100.17346,15.16691],[100.17536,15.16906],[100.17661,15.16985],[100.17873,15.16989],[100.18106,15.16827],[100.18413,15.16748],[100.18579,15.16787],[100.18811,15.16922],[100.19762,15.1754],[100.19863,15.17714],[100.19939,15.18256],[100.20058,15.18477],[100.20249,15.18634],[100.20786,15.18916],[100.21053,15.18954],[100.21293,15.18929],[100.23079,15.18035],[100.23253,15.17882],[100.24634,15.15993],[100.24765,15.15704],[100.24956,15.14682],[100.25681,15.13811],[100.27026,15.1157],[100.27398,15.1126],[100.28675,15.10721],[100.28916,15.10516],[100.29019,15.10274],[100.29192,15.08952],[100.2933,15.08602],[100.31223,15.0681],[100.31423,15.06523],[100.31807,15.05713],[100.32492,15.04992],[100.33614,15.02306],[100.33684,15.02032],[100.33763,15.01219],[100.34493,14.98732],[100.35062,14.97754],[100.35526,14.96233],[100.35725,14.96025],[100.36686,14.95611],[100.36895,14.95325],[100.37242,14.94334],[100.37407,14.92705],[100.37665,14.92029],[100.37926,14.91769],[100.38975,14.91205],[100.40168,14.91238],[100.40327,14.91198],[100.4064,14.90829],[100.40708,14.90311]]}},{"type":"Feature","properties":{"k":"canal","n":"คลองมหาราช"},"geometry":{"type":"LineString","coordinates":[[100.17312,15.15995],[100.17308,15.16013]]}},{"type":"Feature","properties":{"k":"drain","n":""},"geometry":{"type":"LineString","coordinates":[[100.13121,15.08053],[100.12747,15.07885],[100.09371,15.05233]]}},{"type":"Feature","properties":{"k":"drain","n":""},"geometry":{"type":"LineString","coordinates":[[100.13139,15.08059],[100.13121,15.08053]]}},{"type":"Feature","properties":{"k":"drain","n":""},"geometry":{"type":"LineString","coordinates":[[100.1264,15.05469],[100.12645,15.0547]]}},{"type":"Feature","properties":{"k":"drain","n":""},"geometry":{"type":"LineString","coordinates":[[100.10399,15.04584],[100.1264,15.05469]]}},{"type":"Feature","properties":{"k":"drain","n":""},"geometry":{"type":"LineString","coordinates":[[100.13584,15.06019],[100.14801,15.06832]]}},{"type":"Feature","properties":{"k":"drain","n":""},"geometry":{"type":"LineString","coordinates":[[100.1358,15.06016],[100.13584,15.06019]]}},{"type":"Feature","properties":{"k":"canal","n":""},"geometry":{"type":"LineString","coordinates":[[100.25135,15.28903],[100.24936,15.28717],[100.24873,15.28507]]}},{"type":"Feature","properties":{"k":"canal","n":""},"geometry":{"type":"LineString","coordinates":[[100.25389,15.29094],[100.25344,15.28969],[100.25135,15.28903]]}},{"type":"Feature","properties":{"k":"canal","n":""},"geometry":{"type":"LineString","coordinates":[[100.25217,15.30065],[100.25261,15.30042],[100.25265,15.29959],[100.2543,15.29887],[100.25509,15.29726],[100.25503,15.29485],[100.25442,15.29389],[100.25464,15.2929],[100.25376,15.29118]]}},{"type":"Feature","properties":{"k":"canal","n":""},"geometry":{"type":"LineString","coordinates":[[100.2641,15.32553],[100.26435,15.32395],[100.26507,15.32321],[100.26457,15.32122],[100.26503,15.31865],[100.26468,15.31759],[100.26309,15.31659],[100.26343,15.31481],[100.263,15.31356],[100.25927,15.31203],[100.25792,15.31007],[100.2571,15.31053],[100.25592,15.30984]]}},{"type":"Feature","properties":{"k":"canal","n":""},"geometry":{"type":"LineString","coordinates":[[100.17209,15.15463],[100.18001,15.15788],[100.18404,15.16047],[100.18657,15.16344]]}},{"type":"Feature","properties":{"k":"canal","n":""},"geometry":{"type":"LineString","coordinates":[[99.95815,15.16126],[99.96521,15.17612],[99.96671,15.17748],[99.97647,15.18339],[99.97797,15.18519],[99.98004,15.19058],[99.97911,15.19324],[100.00065,15.24993],[100.00013,15.26814]]}},{"type":"Feature","properties":{"k":"canal","n":""},"geometry":{"type":"LineString","coordinates":[[99.83315,15.07866],[99.8382,15.07984],[99.84283,15.07877]]}},{"type":"Feature","properties":{"k":"drain","n":""},"geometry":{"type":"LineString","coordinates":[[99.76212,15.4364],[99.76224,15.43662]]}},{"type":"Feature","properties":{"k":"drain","n":""},"geometry":{"type":"LineString","coordinates":[[99.77121,15.44595],[99.78956,15.45403]]}},{"type":"Feature","properties":{"k":"drain","n":""},"geometry":{"type":"LineString","coordinates":[[99.76224,15.43662],[99.76612,15.44334],[99.77093,15.44582]]}},{"type":"Feature","properties":{"k":"drain","n":""},"geometry":{"type":"LineString","coordinates":[[99.77093,15.44582],[99.77121,15.44595]]}},{"type":"Feature","properties":{"k":"canal","n":""},"geometry":{"type":"LineString","coordinates":[[99.84594,15.28176],[99.84613,15.28183]]}},{"type":"Feature","properties":{"k":"canal","n":""},"geometry":{"type":"LineString","coordinates":[[99.86189,15.28307],[99.86206,15.28307]]}},{"type":"Feature","properties":{"k":"canal","n":""},"geometry":{"type":"LineString","coordinates":[[99.83018,15.27624],[99.83113,15.27719],[99.83112,15.2779],[99.83215,15.27868],[99.83249,15.28123],[99.83355,15.28165],[99.83482,15.28148],[99.83599,15.28288],[99.83743,15.28203],[99.83832,15.28229],[99.84057,15.28005],[99.84193,15.27994],[99.84233,15.27927],[99.84302,15.27972],[99.84297,15.28026],[99.84433,15.2806],[99.84433,15.28111],[99.84478,15.28095],[99.84594,15.28176]]}},{"type":"Feature","properties":{"k":"canal","n":""},"geometry":{"type":"LineString","coordinates":[[99.86206,15.28307],[99.86566,15.28265],[99.86672,15.28292]]}},{"type":"Feature","properties":{"k":"canal","n":""},"geometry":{"type":"LineString","coordinates":[[99.84613,15.28183],[99.84806,15.28194],[99.84936,15.28268],[99.85026,15.28213],[99.85033,15.28094],[99.85469,15.27999],[99.85529,15.28107],[99.85745,15.28167],[99.85846,15.28122],[99.8595,15.28272],[99.86189,15.28307]]}},{"type":"Feature","properties":{"k":"canal","n":""},"geometry":{"type":"LineString","coordinates":[[99.83115,15.27611],[99.82945,15.27664],[99.828,15.27879],[99.82646,15.27989],[99.82559,15.28198],[99.82479,15.28204],[99.82428,15.28285],[99.82313,15.28158],[99.82039,15.28222]]}},{"type":"Feature","properties":{"k":"canal","n":"คลองส่งน้ำ 1 ขวา"},"geometry":{"type":"LineString","coordinates":[[100.14403,15.16201],[100.1426,15.15288],[100.13978,15.14771],[100.13951,15.14531],[100.14274,15.13898],[100.14861,15.12335],[100.14915,15.11969],[100.14842,15.1169],[100.14708,15.11489],[100.13754,15.10774],[100.13627,15.10556],[100.13593,15.10256],[100.14064,15.08184],[100.15208,15.0615],[100.15271,15.05961],[100.15254,15.05641],[100.14994,15.04883]]}},{"type":"Feature","properties":{"k":"canal","n":"คลองส่งน้ำ 1 ขวา"},"geometry":{"type":"LineString","coordinates":[[100.14406,15.1622],[100.14403,15.16201]]}},{"type":"Feature","properties":{"k":"drain","n":""},"geometry":{"type":"LineString","coordinates":[[100.22725,15.42876],[100.23695,15.42515]]}},{"type":"Feature","properties":{"k":"drain","n":""},"geometry":{"type":"LineString","coordinates":[[100.23706,15.42509],[100.24407,15.41949]]}},{"type":"Feature","properties":{"k":"canal","n":""},"geometry":{"type":"LineString","coordinates":[[100.2907,15.24583],[100.29714,15.24324]]}},{"type":"Feature","properties":{"k":"canal","n":""},"geometry":{"type":"LineString","coordinates":[[100.29737,15.24313],[100.31015,15.23778]]}},{"type":"Feature","properties":{"k":"drain","n":""},"geometry":{"type":"LineString","coordinates":[[100.29397,15.2377],[100.29594,15.24226]]}},{"type":"Feature","properties":{"k":"drain","n":""},"geometry":{"type":"LineString","coordinates":[[100.29594,15.24226],[100.29614,15.24276]]}},{"type":"Feature","properties":{"k":"drain","n":""},"geometry":{"type":"LineString","coordinates":[[100.29388,15.23751],[100.28608,15.2191],[100.2873,15.20897]]}},{"type":"Feature","properties":{"k":"drain","n":""},"geometry":{"type":"LineString","coordinates":[[100.29032,15.19258],[100.28912,15.19594],[100.28733,15.20877]]}},{"type":"Feature","properties":{"k":"drain","n":""},"geometry":{"type":"LineString","coordinates":[[100.30241,15.17326],[100.29038,15.19248]]}},{"type":"Feature","properties":{"k":"drain","n":""},"geometry":{"type":"LineString","coordinates":[[100.29397,15.2377],[100.29388,15.23751]]}},{"type":"Feature","properties":{"k":"drain","n":""},"geometry":{"type":"LineString","coordinates":[[100.28733,15.20877],[100.2873,15.20897]]}},{"type":"Feature","properties":{"k":"canal","n":"คลองชลประทาน"},"geometry":{"type":"LineString","coordinates":[[100.32367,15.13438],[100.31447,15.14675],[100.31148,15.14894],[100.30848,15.14767],[100.30671,15.14629],[100.30569,15.1469],[100.3044,15.14686],[100.30186,15.15085],[100.29972,15.15218],[100.29807,15.15234],[100.29055,15.15608],[100.28886,15.15811],[100.28679,15.15932],[100.28547,15.15847],[100.2844,15.15964],[100.28307,15.15992],[100.28224,15.16195],[100.2776,15.16384],[100.27652,15.16895],[100.2771,15.17153],[100.27688,15.17311],[100.2745,15.17665],[100.27074,15.17926],[100.251,15.18581],[100.24693,15.18664],[100.24314,15.18928],[100.23856,15.19165],[100.23473,15.19144],[100.23232,15.19196],[100.22805,15.19395],[100.22721,15.19356],[100.21781,15.19533]]}},{"type":"Feature","properties":{"k":"canal","n":""},"geometry":{"type":"LineString","coordinates":[[100.21781,15.19533],[100.21751,15.19529]]}},{"type":"Feature","properties":{"k":"canal","n":""},"geometry":{"type":"LineString","coordinates":[[100.21738,15.02486],[100.23194,15.02477],[100.25131,15.01807],[100.25316,15.01782],[100.27663,15.02362]]}},{"type":"Feature","properties":{"k":"drain","n":""},"geometry":{"type":"LineString","coordinates":[[100.1466,15.41003],[100.14732,15.41]]}},{"type":"Feature","properties":{"k":"canal","n":""},"geometry":{"type":"LineString","coordinates":[[100.14147,15.3283],[100.14152,15.32977],[100.14285,15.33263],[100.14248,15.3335],[100.14317,15.33469]]}},{"type":"Feature","properties":{"k":"canal","n":""},"geometry":{"type":"LineString","coordinates":[[100.14317,15.33469],[100.14314,15.33553]]}},{"type":"Feature","properties":{"k":"canal","n":"คลองส่งน้ำ 1 ซ้าย"},"geometry":{"type":"LineString","coordinates":[[100.27019,15.10117],[100.2779,15.09976],[100.27895,15.0989],[100.27927,15.09772]]}},{"type":"Feature","properties":{"k":"canal","n":"คลองส่งน้ำ 1 ซ้าย"},"geometry":{"type":"LineString","coordinates":[[100.26978,15.10125],[100.27019,15.10117]]}},{"type":"Feature","properties":{"k":"canal","n":"คลองส่งน้ำ 2 ซ้าย"},"geometry":{"type":"LineString","coordinates":[[100.15457,15.15704],[100.15449,15.1568]]}},{"type":"Feature","properties":{"k":"canal","n":"คลองส่งน้ำ 2 ซ้าย"},"geometry":{"type":"LineString","coordinates":[[100.15449,15.1568],[100.15444,15.15666]]}},{"type":"Feature","properties":{"k":"canal","n":"คลองส่งน้ำ 1 ซ้าย"},"geometry":{"type":"LineString","coordinates":[[100.16507,15.15377],[100.16528,15.15238],[100.16706,15.15055],[100.16834,15.15016],[100.1688,15.14909],[100.17107,15.14841]]}},{"type":"Feature","properties":{"k":"canal","n":"คลองส่งน้ำ 1 ซ้าย"},"geometry":{"type":"LineString","coordinates":[[100.17107,15.14841],[100.17105,15.14828]]}},{"type":"Feature","properties":{"k":"canal","n":""},"geometry":{"type":"LineString","coordinates":[[100.01238,15.05691],[100.01151,15.05477],[100.01192,15.05211],[100.01398,15.05033]]}},{"type":"Feature","properties":{"k":"canal","n":"คลองหนึ่งซ้ายหนึ่งซ้าย"},"geometry":{"type":"LineString","coordinates":[[100.08265,15.0382],[100.08313,15.03844]]}},{"type":"Feature","properties":{"k":"canal","n":"คลองหนึ่งซ้ายหนึ่งซ้าย"},"geometry":{"type":"LineString","coordinates":[[100.0826,15.03818],[100.08265,15.0382]]}},{"type":"Feature","properties":{"k":"canal","n":"คลองหนึ่งซ้ายหนึ่งซ้าย"},"geometry":{"type":"LineString","coordinates":[[100.08202,15.03773],[100.0826,15.03818]]}},{"type":"Feature","properties":{"k":"canal","n":"คลองหนึ่งซ้ายหนึ่งซ้าย"},"geometry":{"type":"LineString","coordinates":[[100.08198,15.03771],[100.08202,15.03773]]}},{"type":"Feature","properties":{"k":"canal","n":"คลองส่งน้ำ 1 ขวา"},"geometry":{"type":"LineString","coordinates":[[100.1485,15.04472],[100.14453,15.03191],[100.1446,15.00815],[100.14506,15.00479],[100.14582,15.00297],[100.14951,14.99847]]}},{"type":"Feature","properties":{"k":"canal","n":""},"geometry":{"type":"LineString","coordinates":[[100.29044,15.06502],[100.29351,15.06432]]}},{"type":"Feature","properties":{"k":"canal","n":""},"geometry":{"type":"LineString","coordinates":[[100.28008,15.06375],[100.28133,15.06452],[100.2829,15.06445],[100.28855,15.06592],[100.29005,15.06511]]}},{"type":"Feature","properties":{"k":"canal","n":""},"geometry":{"type":"LineString","coordinates":[[100.29005,15.06511],[100.29044,15.06502]]}},{"type":"Feature","properties":{"k":"canal","n":""},"geometry":{"type":"LineString","coordinates":[[100.23058,15.04783],[100.23319,15.04388],[100.25465,15.02929],[100.26067,15.02785],[100.26427,15.02487],[100.26617,15.02495]]}},{"type":"Feature","properties":{"k":"canal","n":""},"geometry":{"type":"LineString","coordinates":[[100.23028,15.04779],[100.22146,15.04779],[100.21876,15.04549],[100.21872,15.0443]]}},{"type":"Feature","properties":{"k":"canal","n":""},"geometry":{"type":"LineString","coordinates":[[100.22253,15.06067],[100.2241,15.05931],[100.23021,15.04848]]}},{"type":"Feature","properties":{"k":"canal","n":""},"geometry":{"type":"LineString","coordinates":[[100.23021,15.04848],[100.23058,15.04783]]}},{"type":"Feature","properties":{"k":"canal","n":""},"geometry":{"type":"LineString","coordinates":[[100.23048,15.04781],[100.23028,15.04779]]}},{"type":"Feature","properties":{"k":"canal","n":""},"geometry":{"type":"LineString","coordinates":[[100.23058,15.04783],[100.23048,15.04781]]}},{"type":"Feature","properties":{"k":"canal","n":""},"geometry":{"type":"LineString","coordinates":[[100.21876,15.04057],[100.2188,15.03691]]}},{"type":"Feature","properties":{"k":"canal","n":""},"geometry":{"type":"LineString","coordinates":[[100.21872,15.04423],[100.21876,15.04063]]}},{"type":"Feature","properties":{"k":"canal","n":""},"geometry":{"type":"LineString","coordinates":[[100.21876,15.04063],[100.21876,15.04057]]}},{"type":"Feature","properties":{"k":"canal","n":""},"geometry":{"type":"LineString","coordinates":[[100.2188,15.03685],[100.21884,15.03339]]}},{"type":"Feature","properties":{"k":"canal","n":""},"geometry":{"type":"LineString","coordinates":[[100.2188,15.03691],[100.2188,15.03685]]}},{"type":"Feature","properties":{"k":"canal","n":""},"geometry":{"type":"LineString","coordinates":[[100.21883,15.03332],[100.21805,15.03251]]}},{"type":"Feature","properties":{"k":"canal","n":""},"geometry":{"type":"LineString","coordinates":[[100.21884,15.03339],[100.21883,15.03337]]}},{"type":"Feature","properties":{"k":"canal","n":""},"geometry":{"type":"LineString","coordinates":[[100.21883,15.03337],[100.21883,15.03332]]}},{"type":"Feature","properties":{"k":"canal","n":""},"geometry":{"type":"LineString","coordinates":[[100.21884,15.03339],[100.22197,15.03333]]}},{"type":"Feature","properties":{"k":"canal","n":""},"geometry":{"type":"LineString","coordinates":[[100.22196,15.03328],[100.2214,15.03283]]}},{"type":"Feature","properties":{"k":"canal","n":""},"geometry":{"type":"LineString","coordinates":[[100.22197,15.03333],[100.22197,15.03332]]}},{"type":"Feature","properties":{"k":"canal","n":""},"geometry":{"type":"LineString","coordinates":[[100.22197,15.03332],[100.22196,15.03328]]}},{"type":"Feature","properties":{"k":"canal","n":""},"geometry":{"type":"LineString","coordinates":[[100.22197,15.03333],[100.22295,15.03328]]}},{"type":"Feature","properties":{"k":"canal","n":""},"geometry":{"type":"LineString","coordinates":[[100.2214,15.03283],[100.21667,15.02913]]}},{"type":"Feature","properties":{"k":"canal","n":""},"geometry":{"type":"LineString","coordinates":[[100.22238,15.03108],[100.22301,15.03029]]}},{"type":"Feature","properties":{"k":"canal","n":""},"geometry":{"type":"LineString","coordinates":[[100.22242,15.0312],[100.22234,15.03113]]}},{"type":"Feature","properties":{"k":"canal","n":""},"geometry":{"type":"LineString","coordinates":[[100.22234,15.03113],[100.22235,15.03113]]}},{"type":"Feature","properties":{"k":"canal","n":""},"geometry":{"type":"LineString","coordinates":[[100.22234,15.03113],[100.22128,15.03032]]}},{"type":"Feature","properties":{"k":"canal","n":""},"geometry":{"type":"LineString","coordinates":[[100.22284,15.0313],[100.22242,15.0312]]}},{"type":"Feature","properties":{"k":"drain","n":""},"geometry":{"type":"LineString","coordinates":[[99.99125,15.06035],[99.98847,15.05108],[99.99052,15.04266],[99.98932,15.02401],[99.9877,15.02123],[99.97825,14.99918],[99.97852,14.99772],[99.98471,14.98791]]}},{"type":"Feature","properties":{"k":"drain","n":""},"geometry":{"type":"LineString","coordinates":[[99.99131,15.06053],[99.99125,15.06035]]}},{"type":"Feature","properties":{"k":"drain","n":""},"geometry":{"type":"LineString","coordinates":[[100.06326,15.22345],[100.06131,15.21967],[100.05904,15.21715],[100.04967,15.21177],[100.04737,15.20994],[100.0446,15.20664],[99.99983,15.13],[99.98924,15.0973],[99.98965,15.09529],[99.99473,15.09001],[99.9953,15.08838],[99.99232,15.08067],[99.99445,15.07132],[99.99131,15.06053]]}},{"type":"Feature","properties":{"k":"ditch","n":""},"geometry":{"type":"LineString","coordinates":[[100.19956,15.19453],[100.19975,15.19248],[100.19912,15.19143],[100.20137,15.18997],[100.20362,15.18698]]}},{"type":"Feature","properties":{"k":"drain","n":""},"geometry":{"type":"LineString","coordinates":[[99.82369,15.39429],[99.827,15.39491],[99.82867,15.39658],[99.83106,15.39794],[99.83282,15.3981],[99.83394,15.39933],[99.83735,15.39904],[99.84128,15.39734]]}},{"type":"Feature","properties":{"k":"drain","n":""},"geometry":{"type":"LineString","coordinates":[[99.84139,15.3973],[99.84436,15.39694]]}},{"type":"Feature","properties":{"k":"drain","n":""},"geometry":{"type":"LineString","coordinates":[[99.84128,15.39734],[99.84139,15.3973]]}},{"type":"Feature","properties":{"k":"drain","n":""},"geometry":{"type":"LineString","coordinates":[[100.01919,15.22743],[100.01727,15.23143]]}},{"type":"Feature","properties":{"k":"drain","n":""},"geometry":{"type":"LineString","coordinates":[[100.01727,15.23143],[100.01719,15.2316]]}},{"type":"Feature","properties":{"k":"drain","n":""},"geometry":{"type":"LineString","coordinates":[[100.00093,15.2524],[100.00072,15.2524]]}},{"type":"Feature","properties":{"k":"canal","n":""},"geometry":{"type":"LineString","coordinates":[[99.80196,15.1783],[99.8062,15.17972],[99.80662,15.18058],[99.80922,15.18053],[99.81198,15.18136],[99.81221,15.18219],[99.81347,15.18267],[99.81374,15.18394],[99.81321,15.18471],[99.81406,15.18485],[99.81506,15.18603],[99.81645,15.18628],[99.81714,15.18698],[99.81932,15.18726],[99.82053,15.18888],[99.82174,15.18865],[99.82229,15.18949],[99.82573,15.18993],[99.82584,15.18938],[99.82751,15.18925],[99.8283,15.19023],[99.83014,15.18976],[99.83232,15.1906],[99.83416,15.19207],[99.83488,15.19479],[99.83596,15.19473],[99.83568,15.19541],[99.83638,15.19563],[99.83651,15.19634],[99.83738,15.19623],[99.83761,15.1968],[99.83839,15.19619],[99.83882,15.19682],[99.8407,15.19674],[99.84068,15.1984],[99.84146,15.19882],[99.8415,15.20004]]}},{"type":"Feature","properties":{"k":"canal","n":""},"geometry":{"type":"LineString","coordinates":[[99.80946,15.15567],[99.81297,15.15295],[99.8187,15.15197],[99.8211,15.15244]]}},{"type":"Feature","properties":{"k":"canal","n":""},"geometry":{"type":"LineString","coordinates":[[99.80938,15.15592],[99.80946,15.15567]]}},{"type":"Feature","properties":{"k":"canal","n":""},"geometry":{"type":"LineString","coordinates":[[99.82135,15.15251],[99.82563,15.15394],[99.82959,15.15448]]}},{"type":"Feature","properties":{"k":"canal","n":""},"geometry":{"type":"LineString","coordinates":[[99.8211,15.15244],[99.82135,15.15251]]}},{"type":"Feature","properties":{"k":"drain","n":""},"geometry":{"type":"LineString","coordinates":[[99.79375,15.33901],[99.79525,15.33853],[99.79735,15.33697],[99.8008,15.33635],[99.80887,15.33713],[99.80944,15.33686],[99.80969,15.3359],[99.81404,15.33392],[99.80943,15.33187]]}},{"type":"Feature","properties":{"k":"drain","n":""},"geometry":{"type":"LineString","coordinates":[[99.76948,15.34617],[99.77446,15.34388],[99.77938,15.34373],[99.78231,15.34306]]}},{"type":"Feature","properties":{"k":"drain","n":""},"geometry":{"type":"LineString","coordinates":[[99.78231,15.34306],[99.7824,15.34302]]}},{"type":"Feature","properties":{"k":"drain","n":""},"geometry":{"type":"LineString","coordinates":[[99.7824,15.34302],[99.7859,15.34128],[99.79095,15.34053]]}},{"type":"Feature","properties":{"k":"drain","n":""},"geometry":{"type":"LineString","coordinates":[[99.79366,15.33904],[99.79375,15.33901]]}},{"type":"Feature","properties":{"k":"drain","n":""},"geometry":{"type":"LineString","coordinates":[[99.79104,15.3405],[99.79366,15.33904]]}},{"type":"Feature","properties":{"k":"drain","n":""},"geometry":{"type":"LineString","coordinates":[[99.79095,15.34053],[99.79104,15.3405]]}},{"type":"Feature","properties":{"k":"drain","n":""},"geometry":{"type":"LineString","coordinates":[[99.7714,15.37243],[99.77116,15.37394],[99.7698,15.37529]]}},{"type":"Feature","properties":{"k":"drain","n":""},"geometry":{"type":"LineString","coordinates":[[99.77139,15.37233],[99.7714,15.37243]]}},{"type":"Feature","properties":{"k":"drain","n":""},"geometry":{"type":"LineString","coordinates":[[99.77684,15.357],[99.77437,15.3568]]}},{"type":"Feature","properties":{"k":"drain","n":""},"geometry":{"type":"LineString","coordinates":[[99.77437,15.3568],[99.77423,15.35679]]}},{"type":"Feature","properties":{"k":"drain","n":""},"geometry":{"type":"LineString","coordinates":[[99.6931,15.326],[99.69403,15.3295],[99.69658,15.33113],[99.6986,15.33099],[99.70045,15.33224],[99.702,15.33248],[99.70601,15.33526],[99.70706,15.33723]]}},{"type":"Feature","properties":{"k":"drain","n":""},"geometry":{"type":"LineString","coordinates":[[99.69306,15.32594],[99.6931,15.326]]}},{"type":"Feature","properties":{"k":"drain","n":""},"geometry":{"type":"LineString","coordinates":[[99.70711,15.33732],[99.7074,15.3385]]}},{"type":"Feature","properties":{"k":"drain","n":""},"geometry":{"type":"LineString","coordinates":[[99.70706,15.33723],[99.70711,15.33732]]}},{"type":"Feature","properties":{"k":"canal","n":""},"geometry":{"type":"LineString","coordinates":[[99.97289,15.34134],[99.97516,15.34139],[99.97706,15.34299],[99.97843,15.34261],[99.97939,15.34294],[99.98139,15.34204],[99.98227,15.34223],[99.9831,15.3413],[99.98424,15.34216],[99.98557,15.34159]]}},{"type":"Feature","properties":{"k":"canal","n":""},"geometry":{"type":"LineString","coordinates":[[99.98557,15.34159],[99.98568,15.34155]]}},{"type":"Feature","properties":{"k":"canal","n":""},"geometry":{"type":"LineString","coordinates":[[99.9594,15.33644],[99.9593,15.3377],[99.95882,15.3382],[99.95904,15.33933],[99.96251,15.34161],[99.96447,15.34191],[99.9654,15.34254],[99.96583,15.34217],[99.96822,15.34222],[99.96955,15.34146],[99.97097,15.34172],[99.97152,15.34106],[99.97289,15.34134]]}},{"type":"Feature","properties":{"k":"canal","n":""},"geometry":{"type":"LineString","coordinates":[[99.95884,15.33403],[99.95956,15.33495],[99.9594,15.33634]]}},{"type":"Feature","properties":{"k":"canal","n":""},"geometry":{"type":"LineString","coordinates":[[99.9594,15.33634],[99.9594,15.33644]]}},{"type":"Feature","properties":{"k":"drain","n":""},"geometry":{"type":"LineString","coordinates":[[99.95474,15.29967],[99.95751,15.29726],[99.9589,15.29674],[99.95959,15.29699]]}},{"type":"Feature","properties":{"k":"drain","n":""},"geometry":{"type":"LineString","coordinates":[[99.94859,15.30096],[99.95028,15.30038]]}},{"type":"Feature","properties":{"k":"drain","n":""},"geometry":{"type":"LineString","coordinates":[[99.95028,15.30038],[99.95037,15.30039]]}},{"type":"Feature","properties":{"k":"drain","n":""},"geometry":{"type":"LineString","coordinates":[[99.95037,15.30039],[99.95301,15.30008],[99.95348,15.30061],[99.95471,15.29976]]}},{"type":"Feature","properties":{"k":"drain","n":""},"geometry":{"type":"LineString","coordinates":[[99.95471,15.29976],[99.95474,15.29967]]}},{"type":"Feature","properties":{"k":"canal","n":""},"geometry":{"type":"LineString","coordinates":[[100.00013,15.26823],[99.99969,15.28101],[100.00024,15.28212],[100.00145,15.28265],[100.03132,15.28461],[100.03284,15.2841],[100.03627,15.28174],[100.03834,15.27794],[100.04011,15.2779],[100.04202,15.27426],[100.04366,15.27372]]}},{"type":"Feature","properties":{"k":"canal","n":""},"geometry":{"type":"LineString","coordinates":[[100.00013,15.26814],[100.00013,15.26823]]}},{"type":"Feature","properties":{"k":"drain","n":""},"geometry":{"type":"LineString","coordinates":[[99.98767,15.26636],[99.9847,15.26435],[99.98392,15.26514],[99.98275,15.26543],[99.98196,15.26691],[99.98008,15.26805],[99.98004,15.2699],[99.97899,15.27096],[99.9788,15.27327],[99.97722,15.27392],[99.97577,15.2723],[99.97421,15.27225],[99.97217,15.27114],[99.97026,15.27133],[99.9673,15.27015],[99.96296,15.27046],[99.96205,15.26982],[99.96084,15.26995],[99.95782,15.269],[99.95604,15.27008],[99.9553,15.27142],[99.95528,15.2731],[99.95425,15.27386],[99.95494,15.27622],[99.95416,15.27639],[99.95411,15.27769],[99.95313,15.27863],[99.95113,15.27886],[99.94975,15.27978],[99.9484,15.27993],[99.94555,15.27931],[99.94481,15.27868],[99.94189,15.27932],[99.94167,15.27869]]}},{"type":"Feature","properties":{"k":"drain","n":""},"geometry":{"type":"LineString","coordinates":[[99.9367,15.27824],[99.93245,15.27776],[99.93165,15.27879],[99.93057,15.27884],[99.93055,15.27965],[99.9292,15.28008],[99.92904,15.28084],[99.92479,15.28029],[99.92404,15.28134],[99.92319,15.28157]]}},{"type":"Feature","properties":{"k":"drain","n":""},"geometry":{"type":"LineString","coordinates":[[99.93677,15.27825],[99.9367,15.27824]]}},{"type":"Feature","properties":{"k":"drain","n":""},"geometry":{"type":"LineString","coordinates":[[99.94157,15.27861],[99.94108,15.27793],[99.93677,15.27825]]}},{"type":"Feature","properties":{"k":"drain","n":""},"geometry":{"type":"LineString","coordinates":[[99.94167,15.27869],[99.94157,15.27861]]}},{"type":"Feature","properties":{"k":"canal","n":""},"geometry":{"type":"LineString","coordinates":[[100.12115,15.20619],[100.09881,15.25004],[100.09819,15.2527],[100.09557,15.25636],[100.09269,15.26207],[100.09294,15.26542],[100.09135,15.26539],[100.08768,15.26166],[100.08591,15.25771],[100.08482,15.25754]]}},{"type":"Feature","properties":{"k":"canal","n":""},"geometry":{"type":"LineString","coordinates":[[100.08457,15.25754],[100.08322,15.25619]]}},{"type":"Feature","properties":{"k":"canal","n":""},"geometry":{"type":"LineString","coordinates":[[100.08482,15.25754],[100.08457,15.25754]]}},{"type":"Feature","properties":{"k":"canal","n":""},"geometry":{"type":"LineString","coordinates":[[100.14521,15.19964],[100.13654,15.19396],[100.12535,15.19801],[100.12119,15.2061]]}},{"type":"Feature","properties":{"k":"canal","n":""},"geometry":{"type":"LineString","coordinates":[[100.12119,15.2061],[100.12115,15.20619]]}},{"type":"Feature","properties":{"k":"drain","n":""},"geometry":{"type":"LineString","coordinates":[[100.15543,15.20656],[100.15189,15.20217],[100.14988,15.2013],[100.14868,15.20206],[100.14529,15.1997]]}},{"type":"Feature","properties":{"k":"canal","n":""},"geometry":{"type":"LineString","coordinates":[[100.14529,15.1997],[100.14521,15.19964]]}},{"type":"Feature","properties":{"k":"canal","n":""},"geometry":{"type":"LineString","coordinates":[[100.28414,14.99477],[100.28394,14.99666],[100.28529,14.99777],[100.28783,15.00156],[100.29113,15.00283],[100.29313,15.00274],[100.2939,15.00225],[100.29536,14.99981],[100.29689,14.99877],[100.29716,14.99729]]}},{"type":"Feature","properties":{"k":"canal","n":""},"geometry":{"type":"LineString","coordinates":[[100.29711,14.99878],[100.29917,15.00233],[100.29701,15.00715],[100.29604,15.00835],[100.29593,15.01072],[100.29908,15.01155],[100.30076,15.01118],[100.30969,15.01188]]}},{"type":"Feature","properties":{"k":"canal","n":""},"geometry":{"type":"LineString","coordinates":[[100.24305,14.9887],[100.25024,14.99475],[100.26793,15.00317],[100.27333,15.00464],[100.27872,15.00344],[100.29068,15.00871]]}},{"type":"Feature","properties":{"k":"canal","n":""},"geometry":{"type":"LineString","coordinates":[[100.15536,15.13003],[100.15744,15.12771],[100.15785,15.12657],[100.15548,15.11181],[100.15445,15.11004],[100.14913,15.10531],[100.14806,15.10368],[100.14733,15.10103],[100.14835,15.08737],[100.14926,15.08443],[100.15026,15.0831],[100.16865,15.06792],[100.16985,15.06571],[100.171,15.05717],[100.17307,15.05409],[100.18626,15.04567],[100.20401,15.04136],[100.20756,15.03932],[100.21581,15.02931],[100.21653,15.02788],[100.21703,15.02426],[100.21713,15.00753],[100.2187,15.00361],[100.22316,15.00026],[100.23557,14.99806],[100.23721,14.997],[100.2417,14.99151],[100.24604,14.98069],[100.24704,14.97932],[100.24919,14.97772],[100.25349,14.97647]]}},{"type":"Feature","properties":{"k":"canal","n":""},"geometry":{"type":"LineString","coordinates":[[100.22216,15.01426],[100.24998,15.01367]]}},{"type":"Feature","properties":{"k":"drain","n":""},"geometry":{"type":"LineString","coordinates":[[100.15646,15.20787],[100.15549,15.20664]]}},{"type":"Feature","properties":{"k":"drain","n":""},"geometry":{"type":"LineString","coordinates":[[100.15549,15.20664],[100.15543,15.20656]]}},{"type":"Feature","properties":{"k":"canal","n":""},"geometry":{"type":"LineString","coordinates":[[100.22235,15.03113],[100.22238,15.03108]]}},{"type":"Feature","properties":{"k":"canal","n":""},"geometry":{"type":"LineString","coordinates":[[100.21872,15.0443],[100.21872,15.04423]]}},{"type":"Feature","properties":{"k":"canal","n":""},"geometry":{"type":"LineString","coordinates":[[100.26467,15.38999],[100.2671,15.39052],[100.26919,15.38981],[100.27193,15.38986],[100.27436,15.38923],[100.28109,15.38659],[100.28212,15.38659],[100.2834,15.38497],[100.28632,15.38291],[100.28871,15.38235]]}},{"type":"Feature","properties":{"k":"canal","n":""},"geometry":{"type":"LineString","coordinates":[[100.2888,15.38233],[100.2904,15.38208],[100.29441,15.38314],[100.29729,15.38234],[100.30226,15.38233]]}},{"type":"Feature","properties":{"k":"canal","n":""},"geometry":{"type":"LineString","coordinates":[[100.28871,15.38235],[100.2888,15.38233]]}},{"type":"Feature","properties":{"k":"drain","n":""},"geometry":{"type":"LineString","coordinates":[[100.13473,15.42011],[100.13571,15.41983]]}},{"type":"Feature","properties":{"k":"drain","n":""},"geometry":{"type":"LineString","coordinates":[[100.13571,15.41983],[100.136,15.41976]]}},{"type":"Feature","properties":{"k":"canal","n":""},"geometry":{"type":"LineString","coordinates":[[99.79437,15.02881],[99.79461,15.02545],[99.79552,15.02583],[99.79664,15.02507],[99.79746,15.0226],[99.79696,15.02134],[99.79748,15.02114],[99.79759,15.01896],[99.79941,15.01718],[99.7989,15.01565],[99.80008,15.01366],[99.79942,15.0128],[99.79982,15.01218],[99.79938,15.01159],[99.8013,15.01018],[99.80098,15.00953],[99.80112,15.00873],[99.80167,15.0085],[99.80172,15.0069],[99.80133,15.00613],[99.802,15.00611],[99.80282,15.00533],[99.80238,15.00412],[99.80397,15.00202],[99.80489,15.00147],[99.80549,15.00213],[99.80621,15.00143],[99.8055,15.00039],[99.80497,14.99707],[99.80412,14.99695],[99.80407,14.99635],[99.80648,14.99604],[99.80728,14.99529],[99.80921,14.99474],[99.80879,14.99308],[99.8093,14.99121],[99.81162,14.99034],[99.81105,14.98698],[99.81233,14.98657],[99.8137,14.98536],[99.81445,14.98378],[99.81547,14.98375],[99.8167,14.9847],[99.81773,14.98428],[99.81758,14.98288],[99.81801,14.98265],[99.81804,14.98172],[99.81939,14.98087],[99.81944,14.98009],[99.82232,14.97942],[99.82289,14.97713],[99.82233,14.97377],[99.82334,14.97298],[99.8243,14.97437],[99.82643,14.9735],[99.82619,14.97239],[99.82703,14.97208],[99.82753,14.97093],[99.82874,14.9709],[99.82936,14.96923],[99.83002,14.96941],[99.8309,14.96882],[99.83084,14.96814],[99.83163,14.96716],[99.83069,14.96633],[99.83148,14.96646],[99.83212,14.96523],[99.83594,14.9634],[99.83593,14.96259],[99.83726,14.96254],[99.83814,14.9618],[99.84028,14.96205],[99.84073,14.96154],[99.84247,14.96245],[99.84423,14.96151],[99.845,14.96051],[99.84666,14.96037],[99.84933,14.95731],[99.85131,14.95712],[99.85211,14.95656],[99.85282,14.95344],[99.85347,14.95376],[99.85519,14.95313],[99.85637,14.95439],[99.85795,14.95435],[99.86027,14.95672],[99.86253,14.95634],[99.86345,14.95439],[99.86441,14.95376],[99.86601,14.9546],[99.86562,14.95563],[99.86679,14.95713],[99.86857,14.95653],[99.86854,14.95588],[99.86948,14.95566],[99.87161,14.95776],[99.87204,14.95712],[99.87419,14.95789],[99.87596,14.95765],[99.87688,14.95693],[99.87929,14.95739],[99.8797,14.95676],[99.87908,14.95609],[99.87954,14.95552]]}},{"type":"Feature","properties":{"k":"canal","n":""},"geometry":{"type":"LineString","coordinates":[[100.1535,15.24428],[100.14727,15.2423],[100.14559,15.2422],[100.14461,15.23721],[100.14269,15.2349],[100.14273,15.23192],[100.14179,15.23062],[100.13802,15.23028],[100.13631,15.23078],[100.13425,15.22903],[100.13282,15.22888]]}},{"type":"Feature","properties":{"k":"canal","n":""},"geometry":{"type":"LineString","coordinates":[[100.13012,15.2418],[100.13387,15.24271],[100.13585,15.24204],[100.13548,15.23939],[100.13612,15.23765],[100.13497,15.23672],[100.13514,15.23478],[100.13278,15.23105],[100.13258,15.22859]]}},{"type":"Feature","properties":{"k":"ditch","n":""},"geometry":{"type":"LineString","coordinates":[[100.11612,15.18347],[100.10966,15.18456]]}},{"type":"Feature","properties":{"k":"canal","n":"คลองชลประทาน"},"geometry":{"type":"LineString","coordinates":[[100.25306,15.1941],[100.23058,15.21453]]}},{"type":"Feature","properties":{"k":"canal","n":"คลองชลประทาน"},"geometry":{"type":"LineString","coordinates":[[100.21269,15.2364],[100.21267,15.23787]]}},{"type":"Feature","properties":{"k":"canal","n":"คลองชลประทาน"},"geometry":{"type":"LineString","coordinates":[[100.2127,15.23595],[100.21269,15.2364]]}},{"type":"Feature","properties":{"k":"canal","n":"คลองชลประทาน"},"geometry":{"type":"LineString","coordinates":[[100.21682,15.22698],[100.21307,15.23091],[100.2127,15.23595]]}},{"type":"Feature","properties":{"k":"canal","n":"คลองชลประทาน"},"geometry":{"type":"LineString","coordinates":[[100.21689,15.22691],[100.21682,15.22698]]}},{"type":"Feature","properties":{"k":"canal","n":"คลองชลประทาน"},"geometry":{"type":"LineString","coordinates":[[100.2305,15.2146],[100.21689,15.22691]]}},{"type":"Feature","properties":{"k":"canal","n":"คลองชลประทาน"},"geometry":{"type":"LineString","coordinates":[[100.23058,15.21453],[100.2305,15.2146]]}},{"type":"Feature","properties":{"k":"canal","n":"คลองชลประทาน"},"geometry":{"type":"LineString","coordinates":[[100.24266,15.22766],[100.26545,15.18569],[100.2708,15.17922]]}},{"type":"Feature","properties":{"k":"canal","n":"คลองชลประทาน"},"geometry":{"type":"LineString","coordinates":[[100.23695,15.2411],[100.2377,15.23673],[100.23977,15.23294]]}},{"type":"Feature","properties":{"k":"canal","n":"คลองชลประทาน"},"geometry":{"type":"LineString","coordinates":[[100.23977,15.23294],[100.23981,15.23286]]}},{"type":"Feature","properties":{"k":"canal","n":"คลองชลประทาน"},"geometry":{"type":"LineString","coordinates":[[100.23981,15.23286],[100.24262,15.22774]]}},{"type":"Feature","properties":{"k":"canal","n":"คลองชลประทาน"},"geometry":{"type":"LineString","coordinates":[[100.24262,15.22774],[100.24266,15.22766]]}},{"type":"Feature","properties":{"k":"canal","n":""},"geometry":{"type":"LineString","coordinates":[[100.91463,15.37297],[100.91467,15.37296]]}},{"type":"Feature","properties":{"k":"drain","n":""},"geometry":{"type":"LineString","coordinates":[[100.48618,15.0356],[100.4748,15.05069],[100.47298,15.05157],[100.46521,15.05245],[100.46281,15.05218],[100.46107,15.05129],[100.45496,15.04619]]}},{"type":"Feature","properties":{"k":"canal","n":"Irrigation Canal"},"geometry":{"type":"LineString","coordinates":[[100.33631,15.16141],[100.32276,15.2007],[100.3209,15.2291],[100.32163,15.23187]]}},{"type":"Feature","properties":{"k":"canal","n":""},"geometry":{"type":"LineString","coordinates":[[100.32163,15.23187],[100.32188,15.23238]]}},{"type":"Feature","properties":{"k":"canal","n":""},"geometry":{"type":"LineString","coordinates":[[100.43067,14.99585],[100.43314,14.99673],[100.43775,14.99978],[100.43756,15.00017]]}},{"type":"Feature","properties":{"k":"canal","n":""},"geometry":{"type":"LineString","coordinates":[[100.43775,14.99978],[100.44456,15.00252],[100.45105,15.00394]]}},{"type":"Feature","properties":{"k":"canal","n":""},"geometry":{"type":"LineString","coordinates":[[100.42819,14.99757],[100.43756,15.00017]]}},{"type":"Feature","properties":{"k":"canal","n":""},"geometry":{"type":"LineString","coordinates":[[100.32367,15.13438],[100.33509,15.11872],[100.34451,15.09483],[100.34708,15.09125],[100.34959,15.08623],[100.35117,15.08454],[100.35672,15.08246],[100.3579,15.08102],[100.35908,15.07336],[100.35876,15.07265],[100.35422,15.07175],[100.34758,15.06842],[100.33625,15.0646],[100.33532,15.06373],[100.33195,15.06248],[100.32348,15.05789],[100.32101,15.05582],[100.32083,15.05478]]}},{"type":"Feature","properties":{"k":"canal","n":""},"geometry":{"type":"LineString","coordinates":[[100.45535,15.11887],[100.45475,15.11998],[100.45112,15.12089],[100.45027,15.12056],[100.44926,15.11909]]}},{"type":"Feature","properties":{"k":"canal","n":""},"geometry":{"type":"LineString","coordinates":[[100.45545,15.11858],[100.4548,15.11474],[100.45409,15.11405],[100.45286,15.11391]]}},{"type":"Feature","properties":{"k":"canal","n":""},"geometry":{"type":"LineString","coordinates":[[100.45269,15.1139],[100.45061,15.11414],[100.44938,15.11506],[100.44867,15.11662],[100.44922,15.11889]]}},{"type":"Feature","properties":{"k":"drain","n":""},"geometry":{"type":"LineString","coordinates":[[100.45211,15.13319],[100.44845,15.13742],[100.44803,15.14364],[100.44743,15.14495]]}},{"type":"Feature","properties":{"k":"drain","n":""},"geometry":{"type":"LineString","coordinates":[[100.3842,15.06495],[100.38817,15.09689],[100.38895,15.09914],[100.39101,15.10137],[100.4116,15.11659],[100.41365,15.11877],[100.41697,15.12379],[100.41932,15.12559]]}},{"type":"Feature","properties":{"k":"drain","n":""},"geometry":{"type":"LineString","coordinates":[[100.40546,15.16476],[100.40336,15.16414]]}},{"type":"Feature","properties":{"k":"drain","n":""},"geometry":{"type":"LineString","coordinates":[[100.40336,15.16414],[100.38988,15.1569],[100.38754,15.1546],[100.36995,15.1172]]}},{"type":"Feature","properties":{"k":"drain","n":""},"geometry":{"type":"LineString","coordinates":[[100.4744,15.19649],[100.47807,15.20287],[100.48313,15.20451],[100.486,15.208],[100.49411,15.216],[100.49983,15.21709],[100.50376,15.21915],[100.50454,15.22053]]}},{"type":"Feature","properties":{"k":"drain","n":""},"geometry":{"type":"LineString","coordinates":[[100.50458,15.22072],[100.50558,15.22671],[100.50828,15.23109],[100.51415,15.23431]]}},{"type":"Feature","properties":{"k":"canal","n":""},"geometry":{"type":"LineString","coordinates":[[100.56275,15.08932],[100.56437,15.09015],[100.5643,15.09347],[100.56532,15.09377]]}},{"type":"Feature","properties":{"k":"canal","n":""},"geometry":{"type":"LineString","coordinates":[[100.57073,15.09601],[100.5676,15.08653]]}},{"type":"Feature","properties":{"k":"canal","n":""},"geometry":{"type":"LineString","coordinates":[[100.56909,15.09174],[100.56675,15.09289],[100.56621,15.09417],[100.56545,15.09386]]}},{"type":"Feature","properties":{"k":"canal","n":""},"geometry":{"type":"LineString","coordinates":[[100.68828,15.45577],[100.68971,15.45556],[100.69224,15.45357]]}},{"type":"Feature","properties":{"k":"drain","n":""},"geometry":{"type":"LineString","coordinates":[[100.32994,15.03797],[100.33124,15.03856],[100.33342,15.04158]]}},{"type":"Feature","properties":{"k":"canal","n":""},"geometry":{"type":"LineString","coordinates":[[100.4139,15.03069],[100.41674,15.03171]]}},{"type":"Feature","properties":{"k":"drain","n":""},"geometry":{"type":"LineString","coordinates":[[100.38332,15.0492],[100.38664,15.04687],[100.39184,15.03624],[100.39374,15.03046],[100.3956,15.02979],[100.39703,15.02838]]}},{"type":"Feature","properties":{"k":"canal","n":""},"geometry":{"type":"LineString","coordinates":[[100.379,15.01708],[100.37967,15.01705],[100.38374,15.01411],[100.38596,15.0116],[100.3883,15.01065],[100.38866,15.00967],[100.3903,15.00879],[100.39202,15.00676],[100.39566,15.00509],[100.39718,15.00001],[100.3987,14.99835],[100.39897,14.9953]]}},{"type":"Feature","properties":{"k":"canal","n":""},"geometry":{"type":"LineString","coordinates":[[100.32031,15.05427],[100.3194,15.05398],[100.31791,15.05236],[100.31475,15.05148],[100.31367,15.04981]]}},{"type":"Feature","properties":{"k":"drain","n":""},"geometry":{"type":"LineString","coordinates":[[100.49423,15.00701],[100.49038,15.00533]]}},{"type":"Feature","properties":{"k":"canal","n":"คลองส่งน้ำ 16 ขวา"},"geometry":{"type":"LineString","coordinates":[[100.57516,15.00744],[100.57008,15.00626],[100.56951,15.0056],[100.57042,14.98036],[100.56971,14.97831],[100.56806,14.9773],[100.54135,14.9722]]}},{"type":"Feature","properties":{"k":"drain","n":""},"geometry":{"type":"LineString","coordinates":[[100.33342,15.04158],[100.33392,15.04206]]}},{"type":"Feature","properties":{"k":"drain","n":""},"geometry":{"type":"LineString","coordinates":[[100.33392,15.04206],[100.33553,15.04458],[100.33559,15.04925],[100.33662,15.05021],[100.33793,15.05043],[100.34,15.04967],[100.34113,15.05234],[100.34226,15.05306],[100.35082,15.05366],[100.35222,15.05304],[100.35395,15.05084],[100.35606,15.04933],[100.36117,15.04912],[100.36881,15.03201],[100.36776,15.03097],[100.36883,15.02838],[100.36739,15.02724],[100.3697,15.02077],[100.37143,15.01858],[100.37542,15.01715],[100.37662,15.01628],[100.37774,15.01611],[100.379,15.01708]]}},{"type":"Feature","properties":{"k":"drain","n":""},"geometry":{"type":"LineString","coordinates":[[100.53364,15.02805],[100.54164,15.03555],[100.54244,15.03583]]}},{"type":"Feature","properties":{"k":"drain","n":""},"geometry":{"type":"LineString","coordinates":[[100.49436,15.00707],[100.52979,15.02505],[100.53355,15.02797]]}},{"type":"Feature","properties":{"k":"drain","n":""},"geometry":{"type":"LineString","coordinates":[[100.53355,15.02797],[100.53364,15.02805]]}},{"type":"Feature","properties":{"k":"canal","n":""},"geometry":{"type":"LineString","coordinates":[[100.31026,15.23778],[100.3108,15.23769]]}},{"type":"Feature","properties":{"k":"canal","n":""},"geometry":{"type":"LineString","coordinates":[[100.31015,15.23778],[100.31026,15.23778]]}},{"type":"Feature","properties":{"k":"canal","n":""},"geometry":{"type":"LineString","coordinates":[[100.31005,15.23779],[100.31008,15.23786]]}},{"type":"Feature","properties":{"k":"canal","n":""},"geometry":{"type":"LineString","coordinates":[[100.31012,15.23796],[100.31051,15.23914],[100.31085,15.25314]]}},{"type":"Feature","properties":{"k":"canal","n":""},"geometry":{"type":"LineString","coordinates":[[100.31008,15.23786],[100.31012,15.23796]]}},{"type":"Feature","properties":{"k":"canal","n":""},"geometry":{"type":"LineString","coordinates":[[100.32016,15.40776],[100.32092,15.40884]]}},{"type":"Feature","properties":{"k":"canal","n":""},"geometry":{"type":"LineString","coordinates":[[100.32112,15.40901],[100.32295,15.41029]]}},{"type":"Feature","properties":{"k":"canal","n":""},"geometry":{"type":"LineString","coordinates":[[100.32315,15.41036],[100.32479,15.41054],[100.32544,15.41176]]}},{"type":"Feature","properties":{"k":"canal","n":""},"geometry":{"type":"LineString","coordinates":[[100.32553,15.41195],[100.32625,15.41326]]}},{"type":"Feature","properties":{"k":"canal","n":""},"geometry":{"type":"LineString","coordinates":[[100.32641,15.41346],[100.32901,15.41568]]}},{"type":"Feature","properties":{"k":"canal","n":""},"geometry":{"type":"LineString","coordinates":[[100.32923,15.41572],[100.33023,15.41571],[100.33333,15.41747]]}},{"type":"Feature","properties":{"k":"canal","n":""},"geometry":{"type":"LineString","coordinates":[[100.33998,15.4202],[100.33984,15.42234],[100.3416,15.42357],[100.34201,15.42496]]}},{"type":"Feature","properties":{"k":"canal","n":""},"geometry":{"type":"LineString","coordinates":[[100.34622,15.42716],[100.34599,15.42677]]}},{"type":"Feature","properties":{"k":"canal","n":""},"geometry":{"type":"LineString","coordinates":[[100.34214,15.42502],[100.3434,15.42424],[100.34398,15.42503]]}},{"type":"Feature","properties":{"k":"canal","n":""},"geometry":{"type":"LineString","coordinates":[[100.34846,15.43189],[100.34848,15.43297],[100.34907,15.433],[100.34911,15.43355],[100.35016,15.43419],[100.35024,15.43537],[100.35122,15.437],[100.35107,15.43764],[100.35192,15.4383],[100.35099,15.43926]]}},{"type":"Feature","properties":{"k":"canal","n":""},"geometry":{"type":"LineString","coordinates":[[100.35009,15.44164],[100.35021,15.44335],[100.34971,15.4448]]}},{"type":"Feature","properties":{"k":"canal","n":""},"geometry":{"type":"LineString","coordinates":[[100.34974,15.44515],[100.34975,15.44752]]}},{"type":"Feature","properties":{"k":"canal","n":""},"geometry":{"type":"LineString","coordinates":[[100.34981,15.44783],[100.34954,15.44837]]}},{"type":"Feature","properties":{"k":"canal","n":""},"geometry":{"type":"LineString","coordinates":[[100.34916,15.44873],[100.34896,15.44898],[100.35,15.44918],[100.34967,15.45037]]}},{"type":"Feature","properties":{"k":"canal","n":""},"geometry":{"type":"LineString","coordinates":[[100.34956,15.45057],[100.34949,15.45117],[100.34996,15.4515],[100.34885,15.45408],[100.34875,15.4558]]}},{"type":"Feature","properties":{"k":"canal","n":""},"geometry":{"type":"LineString","coordinates":[[100.34865,15.45632],[100.34929,15.45832]]}},{"type":"Feature","properties":{"k":"canal","n":""},"geometry":{"type":"LineString","coordinates":[[100.88489,15.38333],[100.88597,15.3823],[100.88641,15.38073],[100.88852,15.37877],[100.88847,15.37811],[100.88795,15.37806],[100.88821,15.37657],[100.88993,15.37607],[100.8917,15.37364]]}},{"type":"Feature","properties":{"k":"canal","n":""},"geometry":{"type":"LineString","coordinates":[[100.8791,15.37325],[100.88103,15.37253],[100.88395,15.37233]]}},{"type":"Feature","properties":{"k":"canal","n":""},"geometry":{"type":"LineString","coordinates":[[100.88523,15.37334],[100.88597,15.37445]]}},{"type":"Feature","properties":{"k":"canal","n":""},"geometry":{"type":"LineString","coordinates":[[100.88603,15.37454],[100.88644,15.37562],[100.88701,15.37566],[100.88803,15.37716]]}},{"type":"Feature","properties":{"k":"canal","n":""},"geometry":{"type":"LineString","coordinates":[[100.88597,15.37445],[100.88603,15.37454]]}},{"type":"Feature","properties":{"k":"canal","n":""},"geometry":{"type":"LineString","coordinates":[[100.89181,15.37363],[100.89191,15.37361]]}},{"type":"Feature","properties":{"k":"canal","n":""},"geometry":{"type":"LineString","coordinates":[[100.8917,15.37364],[100.89181,15.37363]]}},{"type":"Feature","properties":{"k":"canal","n":""},"geometry":{"type":"LineString","coordinates":[[100.88165,15.38781],[100.88092,15.38914],[100.88168,15.39054],[100.88116,15.39132],[100.88136,15.39374]]}},{"type":"Feature","properties":{"k":"canal","n":""},"geometry":{"type":"LineString","coordinates":[[100.87965,15.39603],[100.87911,15.39667]]}},{"type":"Feature","properties":{"k":"canal","n":""},"geometry":{"type":"LineString","coordinates":[[100.87911,15.39678],[100.8763,15.3983]]}},{"type":"Feature","properties":{"k":"canal","n":""},"geometry":{"type":"LineString","coordinates":[[100.87911,15.39667],[100.87911,15.39678]]}},{"type":"Feature","properties":{"k":"canal","n":""},"geometry":{"type":"LineString","coordinates":[[100.85387,15.4045],[100.85294,15.40418],[100.85232,15.4032],[100.85152,15.40319],[100.8512,15.40239],[100.8493,15.40176],[100.85021,15.4005],[100.84928,15.39948],[100.84915,15.39764],[100.84801,15.39786],[100.84765,15.39665],[100.84665,15.39571],[100.84463,15.39582],[100.8439,15.39667],[100.84347,15.39615],[100.8425,15.39634],[100.84046,15.39569],[100.83977,15.39424],[100.83865,15.39463],[100.83775,15.39409],[100.83826,15.39341],[100.83764,15.39323],[100.83755,15.3922],[100.83643,15.39128],[100.83643,15.39045],[100.83576,15.39042],[100.83589,15.3899]]}},{"type":"Feature","properties":{"k":"canal","n":""},"geometry":{"type":"LineString","coordinates":[[100.83589,15.3899],[100.83626,15.38955],[100.83594,15.38894],[100.83525,15.38936],[100.8346,15.389]]}},{"type":"Feature","properties":{"k":"canal","n":""},"geometry":{"type":"LineString","coordinates":[[100.8346,15.389],[100.8357,15.38808],[100.83497,15.38727],[100.83363,15.38718],[100.83424,15.38635],[100.83321,15.3862],[100.83245,15.38503],[100.83376,15.38437],[100.83336,15.38395],[100.83273,15.3842],[100.8323,15.38354]]}},{"type":"Feature","properties":{"k":"canal","n":""},"geometry":{"type":"LineString","coordinates":[[100.82989,15.37945],[100.83084,15.38057]]}},{"type":"Feature","properties":{"k":"canal","n":""},"geometry":{"type":"LineString","coordinates":[[100.83475,15.38015],[100.83701,15.38004],[100.83764,15.37947],[100.83867,15.38064],[100.83975,15.38073],[100.84056,15.38161],[100.84108,15.38143],[100.84183,15.38255],[100.8433,15.38222],[100.84347,15.38168],[100.84424,15.38176],[100.84637,15.38312],[100.85333,15.37985],[100.85427,15.38033],[100.85543,15.38013]]}},{"type":"Feature","properties":{"k":"canal","n":""},"geometry":{"type":"LineString","coordinates":[[100.86275,15.37579],[100.86144,15.38028],[100.86095,15.37997],[100.85953,15.38084],[100.85798,15.38064]]}},{"type":"Feature","properties":{"k":"canal","n":""},"geometry":{"type":"LineString","coordinates":[[100.85786,15.38068],[100.85664,15.38156],[100.85567,15.38428],[100.85387,15.38514],[100.85378,15.38734]]}},{"type":"Feature","properties":{"k":"canal","n":""},"geometry":{"type":"LineString","coordinates":[[100.85798,15.38064],[100.85786,15.38068]]}},{"type":"Feature","properties":{"k":"canal","n":""},"geometry":{"type":"LineString","coordinates":[[100.85378,15.38734],[100.85394,15.3888]]}},{"type":"Feature","properties":{"k":"canal","n":""},"geometry":{"type":"LineString","coordinates":[[100.86874,15.38445],[100.86853,15.38457]]}},{"type":"Feature","properties":{"k":"canal","n":""},"geometry":{"type":"LineString","coordinates":[[100.85772,15.38824],[100.85625,15.38768],[100.85595,15.38819],[100.85529,15.38788],[100.85421,15.38948]]}},{"type":"Feature","properties":{"k":"canal","n":""},"geometry":{"type":"LineString","coordinates":[[100.85782,15.3882],[100.85772,15.38824]]}},{"type":"Feature","properties":{"k":"canal","n":""},"geometry":{"type":"LineString","coordinates":[[100.86843,15.38463],[100.86683,15.3849],[100.86604,15.38557],[100.86346,15.38584],[100.86295,15.38656],[100.85941,15.3861],[100.85855,15.38795],[100.85782,15.3882]]}},{"type":"Feature","properties":{"k":"canal","n":""},"geometry":{"type":"LineString","coordinates":[[100.86853,15.38457],[100.86843,15.38463]]}},{"type":"Feature","properties":{"k":"canal","n":""},"geometry":{"type":"LineString","coordinates":[[100.84915,15.39764],[100.84967,15.39518],[100.85083,15.39502],[100.85124,15.39403],[100.85212,15.39365],[100.85141,15.39298],[100.85249,15.39203],[100.85223,15.39117],[100.853,15.39007]]}},{"type":"Feature","properties":{"k":"canal","n":""},"geometry":{"type":"LineString","coordinates":[[100.85304,15.38997],[100.85308,15.38988]]}},{"type":"Feature","properties":{"k":"canal","n":""},"geometry":{"type":"LineString","coordinates":[[100.853,15.39007],[100.85304,15.38997]]}},{"type":"Feature","properties":{"k":"canal","n":""},"geometry":{"type":"LineString","coordinates":[[100.6158,15.47095],[100.6158,15.47001],[100.61347,15.46918]]}},{"type":"Feature","properties":{"k":"canal","n":""},"geometry":{"type":"LineString","coordinates":[[100.61326,15.46906],[100.6116,15.46832],[100.61122,15.46751]]}},{"type":"Feature","properties":{"k":"canal","n":""},"geometry":{"type":"LineString","coordinates":[[100.61122,15.46751],[100.6105,15.4672]]}},{"type":"Feature","properties":{"k":"canal","n":""},"geometry":{"type":"LineString","coordinates":[[100.61003,15.46764],[100.61044,15.46679],[100.60971,15.46623],[100.60829,15.4663],[100.60678,15.46427],[100.60624,15.46434],[100.60584,15.46358],[100.60521,15.46375],[100.6051,15.46326]]}},{"type":"Feature","properties":{"k":"canal","n":""},"geometry":{"type":"LineString","coordinates":[[100.62316,15.47446],[100.62154,15.47424],[100.6204,15.47347],[100.61956,15.47358],[100.61935,15.47313]]}},{"type":"Feature","properties":{"k":"canal","n":""},"geometry":{"type":"LineString","coordinates":[[100.61935,15.47313],[100.61874,15.47276]]}},{"type":"Feature","properties":{"k":"canal","n":""},"geometry":{"type":"LineString","coordinates":[[100.61867,15.47268],[100.61857,15.47257]]}},{"type":"Feature","properties":{"k":"canal","n":""},"geometry":{"type":"LineString","coordinates":[[100.61874,15.47276],[100.61867,15.47268]]}},{"type":"Feature","properties":{"k":"canal","n":""},"geometry":{"type":"LineString","coordinates":[[100.63282,15.49438],[100.62936,15.49143],[100.62852,15.48936],[100.62899,15.48662],[100.62831,15.48315],[100.62723,15.48225],[100.62648,15.48037],[100.62585,15.48011],[100.62619,15.47966],[100.62556,15.47959],[100.62546,15.47872],[100.62451,15.4789],[100.62481,15.47781],[100.6244,15.4772]]}},{"type":"Feature","properties":{"k":"canal","n":""},"geometry":{"type":"LineString","coordinates":[[100.62435,15.47711],[100.62419,15.47681]]}},{"type":"Feature","properties":{"k":"canal","n":""},"geometry":{"type":"LineString","coordinates":[[100.6244,15.4772],[100.62435,15.47711]]}},{"type":"Feature","properties":{"k":"canal","n":""},"geometry":{"type":"LineString","coordinates":[[100.32122,15.15313],[100.30344,15.20895],[100.30393,15.21156],[100.30746,15.21603]]}},{"type":"Feature","properties":{"k":"drain","n":""},"geometry":{"type":"LineString","coordinates":[[100.46022,14.99984],[100.46916,15.02371],[100.46954,15.02647],[100.46912,15.02903],[100.46777,15.03171],[100.4663,15.03343],[100.42303,15.08206],[100.42255,15.08481],[100.42643,15.11065],[100.42641,15.11364],[100.42557,15.11585],[100.41419,15.13434],[100.41196,15.14129],[100.4102,15.14479],[100.41019,15.14523],[100.41163,15.14569]]}},{"type":"Feature","properties":{"k":"drain","n":""},"geometry":{"type":"LineString","coordinates":[[100.52213,15.02093],[100.52207,15.0211]]}},{"type":"Feature","properties":{"k":"drain","n":""},"geometry":{"type":"LineString","coordinates":[[100.51607,15.00623],[100.52213,15.02093]]}},{"type":"Feature","properties":{"k":"canal","n":""},"geometry":{"type":"LineString","coordinates":[[100.32083,15.05478],[100.32031,15.05427]]}},{"type":"Feature","properties":{"k":"canal","n":"คลองส่งน้ำ 16 ขวา"},"geometry":{"type":"LineString","coordinates":[[100.57569,15.00758],[100.5755,15.00753]]}},{"type":"Feature","properties":{"k":"canal","n":"คลองส่งน้ำ 16 ขวา"},"geometry":{"type":"LineString","coordinates":[[100.5755,15.00753],[100.57516,15.00744]]}},{"type":"Feature","properties":{"k":"canal","n":""},"geometry":{"type":"LineString","coordinates":[[100.45105,15.00394],[100.45128,15.00395]]}},{"type":"Feature","properties":{"k":"canal","n":""},"geometry":{"type":"LineString","coordinates":[[100.45128,15.00395],[100.45138,15.00395]]}},{"type":"Feature","properties":{"k":"canal","n":""},"geometry":{"type":"LineString","coordinates":[[100.45138,15.00395],[100.45142,15.00394]]}},{"type":"Feature","properties":{"k":"canal","n":""},"geometry":{"type":"LineString","coordinates":[[100.45932,15.01814],[100.45866,15.01898],[100.45443,15.0182]]}},{"type":"Feature","properties":{"k":"canal","n":""},"geometry":{"type":"LineString","coordinates":[[100.46016,15.01731],[100.45932,15.01814]]}},{"type":"Feature","properties":{"k":"canal","n":""},"geometry":{"type":"LineString","coordinates":[[100.45443,15.0182],[100.45094,15.01803]]}},{"type":"Feature","properties":{"k":"ditch","n":""},"geometry":{"type":"LineString","coordinates":[[100.37318,15.06753],[100.37044,15.09113],[100.37285,15.09733]]}},{"type":"Feature","properties":{"k":"drain","n":""},"geometry":{"type":"LineString","coordinates":[[100.41305,15.14615],[100.4133,15.14469],[100.41237,15.14324]]}},{"type":"Feature","properties":{"k":"drain","n":""},"geometry":{"type":"LineString","coordinates":[[100.41105,15.14763],[100.41305,15.14615]]}},{"type":"Feature","properties":{"k":"canal","n":""},"geometry":{"type":"LineString","coordinates":[[100.94162,15.07771],[100.94282,15.07616],[100.94448,15.07676],[100.94489,15.07624],[100.94738,15.07613],[100.94768,15.07521],[100.94983,15.07466],[100.95093,15.07337],[100.95394,15.07232],[100.95413,15.07175],[100.95495,15.07147],[100.95488,15.06996],[100.95638,15.06689],[100.95622,15.06482],[100.95669,15.06444],[100.95616,15.06429],[100.95609,15.06207],[100.95813,15.06061],[100.95855,15.05867]]}},{"type":"Feature","properties":{"k":"canal","n":""},"geometry":{"type":"LineString","coordinates":[[100.93744,15.06928],[100.9386,15.06936],[100.93952,15.06852],[100.94127,15.06844],[100.94306,15.06738],[100.94344,15.06689],[100.94309,15.06577],[100.94379,15.06509],[100.94486,15.06499],[100.94537,15.06549],[100.94574,15.06486],[100.94763,15.06404],[100.94874,15.06433],[100.95021,15.0638],[100.9506,15.06413],[100.95084,15.06336],[100.95239,15.06287],[100.95329,15.06187],[100.95613,15.06199]]}},{"type":"Feature","properties":{"k":"canal","n":""},"geometry":{"type":"LineString","coordinates":[[100.94165,15.07798],[100.94162,15.07771]]}},{"type":"Feature","properties":{"k":"canal","n":""},"geometry":{"type":"LineString","coordinates":[[100.94185,15.07911],[100.94165,15.07798]]}},{"type":"Feature","properties":{"k":"canal","n":""},"geometry":{"type":"LineString","coordinates":[[100.68207,15.05503],[100.68141,15.05756],[100.68184,15.0622],[100.68089,15.0671],[100.68119,15.06809],[100.68269,15.06879],[100.68272,15.06941]]}},{"type":"Feature","properties":{"k":"canal","n":""},"geometry":{"type":"LineString","coordinates":[[100.68151,15.06033],[100.68543,15.05993],[100.68549,15.06109],[100.68825,15.0609]]}},{"type":"Feature","properties":{"k":"canal","n":"ห้วยน้อย"},"geometry":{"type":"LineString","coordinates":[[100.66942,15.08385],[100.66875,15.0829],[100.66932,15.08015],[100.67001,15.08014],[100.67027,15.0793],[100.6717,15.07853],[100.67484,15.07932],[100.67497,15.08031],[100.67777,15.08048]]}},{"type":"Feature","properties":{"k":"canal","n":""},"geometry":{"type":"LineString","coordinates":[[100.64263,15.06201],[100.6437,15.06738],[100.64426,15.06826],[100.65102,15.07007],[100.65401,15.07441],[100.65556,15.08153],[100.64937,15.0855],[100.63927,15.08673],[100.63069,15.08624],[100.63053,15.0855],[100.62908,15.08551],[100.62914,15.08483],[100.62801,15.08451],[100.62484,15.08434],[100.62174,15.08478]]}},{"type":"Feature","properties":{"k":"canal","n":"บ้านวังกระเบียน"},"geometry":{"type":"LineString","coordinates":[[100.69424,15.0926],[100.69503,15.09263],[100.69597,15.09384],[100.69714,15.0939],[100.69709,15.09497],[100.69759,15.09579],[100.69806,15.09538],[100.69914,15.09582],[100.70047,15.09887],[100.70263,15.09932],[100.70509,15.0988],[100.70568,15.09992],[100.70645,15.09962],[100.7064,15.09911]]}},{"type":"Feature","properties":{"k":"canal","n":""},"geometry":{"type":"LineString","coordinates":[[100.75163,15.12121],[100.752,15.12235],[100.75149,15.12293],[100.75239,15.12284],[100.75382,15.12395],[100.75431,15.12261],[100.75535,15.12232],[100.75571,15.1229],[100.75669,15.12249],[100.75712,15.1233],[100.75637,15.1234],[100.75674,15.12363],[100.75651,15.12459],[100.75785,15.12516],[100.7582,15.12471],[100.75755,15.1243],[100.7583,15.12413],[100.75745,15.1238],[100.75771,15.12297],[100.75846,15.12345],[100.75858,15.12286],[100.75914,15.12275]]}},{"type":"Feature","properties":{"k":"canal","n":"คลองลำโพนทอง"},"geometry":{"type":"LineString","coordinates":[[100.6295,15.02381],[100.62734,15.02339],[100.62693,15.02225],[100.62722,15.02183],[100.62655,15.02097],[100.6249,15.02103],[100.6244,15.02027],[100.62375,15.02078],[100.62302,15.02026],[100.62213,15.02124],[100.62132,15.02052],[100.62012,15.02046],[100.61923,15.0211],[100.61816,15.02064],[100.6168,15.01913],[100.61721,15.01838],[100.61721,15.0151],[100.61658,15.01411],[100.61587,15.01439],[100.61507,15.0139],[100.61581,15.01305],[100.61568,15.0123],[100.61652,15.01196],[100.61765,15.00895],[100.61885,15.00804],[100.61873,15.00576],[100.61808,15.00479],[100.61786,15.00305],[100.61903,15.00024],[100.61928,14.99682],[100.62171,14.99574],[100.62042,14.99145],[100.61916,14.99068],[100.61899,14.98903],[100.61666,14.98892],[100.6154,14.98726],[100.61445,14.98698],[100.61162,14.98732],[100.61097,14.98629],[100.6085,14.98545],[100.60635,14.98104],[100.60133,14.98215],[100.59854,14.98212],[100.59612,14.98139],[100.59179,14.98221],[100.59144,14.98032]]}},{"type":"Feature","properties":{"k":"canal","n":""},"geometry":{"type":"LineString","coordinates":[[100.55497,15.07819],[100.55409,15.07794]]}},{"type":"Feature","properties":{"k":"ditch","n":""},"geometry":{"type":"LineString","coordinates":[[100.50818,15.03386],[100.51423,15.03142],[100.51427,15.03084],[100.51805,15.03051],[100.51838,15.02635]]}},{"type":"Feature","properties":{"k":"ditch","n":""},"geometry":{"type":"LineString","coordinates":[[100.50087,15.03397],[100.5259,15.02307]]}},{"type":"Feature","properties":{"k":"ditch","n":""},"geometry":{"type":"LineString","coordinates":[[100.532,15.03804],[100.53317,15.03556],[100.53306,15.02964],[100.53453,15.02889]]}},{"type":"Feature","properties":{"k":"ditch","n":""},"geometry":{"type":"LineString","coordinates":[[100.50613,15.04694],[100.50504,15.04111]]}},{"type":"Feature","properties":{"k":"ditch","n":""},"geometry":{"type":"LineString","coordinates":[[100.50231,15.04776],[100.50868,15.04662]]}},{"type":"Feature","properties":{"k":"ditch","n":""},"geometry":{"type":"LineString","coordinates":[[100.50175,15.03846],[100.50348,15.06689],[100.50253,15.07063],[100.50031,15.07318],[100.47318,15.09063]]}},{"type":"Feature","properties":{"k":"ditch","n":""},"geometry":{"type":"LineString","coordinates":[[100.52205,15.02884],[100.52113,15.03282],[100.52209,15.03295],[100.53379,15.0282]]}},{"type":"Feature","properties":{"k":"ditch","n":""},"geometry":{"type":"LineString","coordinates":[[100.51819,15.02981],[100.52107,15.02859],[100.52205,15.02884],[100.52221,15.02821],[100.52481,15.02688],[100.52966,15.02499]]}},{"type":"Feature","properties":{"k":"ditch","n":""},"geometry":{"type":"LineString","coordinates":[[100.50418,15.02838],[100.5215,15.02081]]}},{"type":"Feature","properties":{"k":"ditch","n":""},"geometry":{"type":"LineString","coordinates":[[100.50345,15.02566],[100.5045,15.02973],[100.5033,15.02981],[100.50335,15.0309],[100.50192,15.03094],[100.50185,15.03221]]}},{"type":"Feature","properties":{"k":"ditch","n":""},"geometry":{"type":"LineString","coordinates":[[100.4943,15.0403],[100.49453,15.04362],[100.49796,15.05546]]}},{"type":"Feature","properties":{"k":"ditch","n":""},"geometry":{"type":"LineString","coordinates":[[100.50234,15.04823],[100.48782,15.04578]]}},{"type":"Feature","properties":{"k":"ditch","n":""},"geometry":{"type":"LineString","coordinates":[[100.50335,15.0309],[100.50377,15.03462]]}},{"type":"Feature","properties":{"k":"ditch","n":""},"geometry":{"type":"LineString","coordinates":[[100.50486,15.04938],[100.50782,15.0485]]}},{"type":"Feature","properties":{"k":"ditch","n":""},"geometry":{"type":"LineString","coordinates":[[100.52988,15.04322],[100.52961,15.04179],[100.51619,15.04022],[100.51499,15.03965],[100.51353,15.04051],[100.51188,15.03975],[100.51136,15.04012]]}},{"type":"Feature","properties":{"k":"ditch","n":""},"geometry":{"type":"LineString","coordinates":[[100.51281,15.04365],[100.51255,15.04217],[100.51026,15.03766]]}},{"type":"Feature","properties":{"k":"canal","n":""},"geometry":{"type":"LineString","coordinates":[[100.55857,15.06401],[100.54609,15.06114]]}},{"type":"Feature","properties":{"k":"ditch","n":""},"geometry":{"type":"LineString","coordinates":[[100.50901,15.05078],[100.51807,15.04961],[100.52189,15.05237],[100.52501,15.05221]]}},{"type":"Feature","properties":{"k":"ditch","n":""},"geometry":{"type":"LineString","coordinates":[[100.50893,15.03499],[100.5089,15.03355]]}},{"type":"Feature","properties":{"k":"ditch","n":""},"geometry":{"type":"LineString","coordinates":[[100.49766,15.03942],[100.49847,15.04216],[100.49902,15.04229],[100.50017,15.04787]]}},{"type":"Feature","properties":{"k":"canal","n":""},"geometry":{"type":"LineString","coordinates":[[100.52959,15.11115],[100.52856,15.10077],[100.51065,15.08006],[100.5111,15.07835],[100.51865,15.06286]]}},{"type":"Feature","properties":{"k":"canal","n":""},"geometry":{"type":"LineString","coordinates":[[100.47136,15.11123],[100.48088,15.1015],[100.48639,15.09973],[100.48829,15.09824],[100.48858,15.09762],[100.48772,15.09534],[100.48789,15.09427],[100.49813,15.08374]]}},{"type":"Feature","properties":{"k":"canal","n":""},"geometry":{"type":"LineString","coordinates":[[100.35563,15.22892],[100.36303,15.23011],[100.3639,15.23094],[100.36376,15.23206],[100.36507,15.23301],[100.36505,15.23381],[100.36623,15.23444]]}},{"type":"Feature","properties":{"k":"canal","n":""},"geometry":{"type":"LineString","coordinates":[[100.52665,15.05373],[100.52,15.04775],[100.5196,15.04697],[100.52014,15.0459]]}},{"type":"Feature","properties":{"k":"canal","n":""},"geometry":{"type":"LineString","coordinates":[[100.52681,15.05388],[100.52665,15.05373]]}},{"type":"Feature","properties":{"k":"canal","n":""},"geometry":{"type":"LineString","coordinates":[[100.53843,15.05907],[100.53006,15.05649],[100.52681,15.05388]]}},{"type":"Feature","properties":{"k":"canal","n":""},"geometry":{"type":"LineString","coordinates":[[100.53853,15.05909],[100.53843,15.05907]]}},{"type":"Feature","properties":{"k":"canal","n":""},"geometry":{"type":"LineString","coordinates":[[100.53978,15.05943],[100.53853,15.05909]]}},{"type":"Feature","properties":{"k":"canal","n":""},"geometry":{"type":"LineString","coordinates":[[100.54023,15.05955],[100.53978,15.05943]]}},{"type":"Feature","properties":{"k":"canal","n":""},"geometry":{"type":"LineString","coordinates":[[100.5442,15.06063],[100.54023,15.05955]]}},{"type":"Feature","properties":{"k":"canal","n":""},"geometry":{"type":"LineString","coordinates":[[100.54465,15.06075],[100.5442,15.06063]]}},{"type":"Feature","properties":{"k":"canal","n":""},"geometry":{"type":"LineString","coordinates":[[100.54493,15.06083],[100.54465,15.06075]]}},{"type":"Feature","properties":{"k":"canal","n":""},"geometry":{"type":"LineString","coordinates":[[100.54538,15.06095],[100.54493,15.06083]]}},{"type":"Feature","properties":{"k":"canal","n":""},"geometry":{"type":"LineString","coordinates":[[100.54564,15.06102],[100.54538,15.06095]]}},{"type":"Feature","properties":{"k":"canal","n":""},"geometry":{"type":"LineString","coordinates":[[100.54609,15.06114],[100.54564,15.06102]]}},{"type":"Feature","properties":{"k":"canal","n":""},"geometry":{"type":"LineString","coordinates":[[100.55909,15.06416],[100.55868,15.06404]]}},{"type":"Feature","properties":{"k":"canal","n":""},"geometry":{"type":"LineString","coordinates":[[100.55868,15.06404],[100.55857,15.06401]]}},{"type":"Feature","properties":{"k":"canal","n":""},"geometry":{"type":"LineString","coordinates":[[99.61925,15.715],[99.62035,15.71342],[99.62079,15.71339],[99.62115,15.71433]]}},{"type":"Feature","properties":{"k":"canal","n":""},"geometry":{"type":"LineString","coordinates":[[99.61089,15.7221],[99.612,15.722]]}},{"type":"Feature","properties":{"k":"canal","n":""},"geometry":{"type":"LineString","coordinates":[[99.60811,15.72556],[99.60772,15.72499],[99.6079,15.72337],[99.61061,15.72214]]}},{"type":"Feature","properties":{"k":"canal","n":""},"geometry":{"type":"LineString","coordinates":[[99.61579,15.71647],[99.61606,15.71556],[99.61895,15.71522]]}},{"type":"Feature","properties":{"k":"canal","n":""},"geometry":{"type":"LineString","coordinates":[[99.61216,15.72182],[99.61328,15.71928]]}},{"type":"Feature","properties":{"k":"canal","n":""},"geometry":{"type":"LineString","coordinates":[[99.61339,15.71898],[99.61364,15.71703],[99.61494,15.71669]]}},{"type":"Feature","properties":{"k":"canal","n":""},"geometry":{"type":"LineString","coordinates":[[99.54079,15.84211],[99.54128,15.84105],[99.54228,15.84053],[99.5431,15.84066],[99.54377,15.83973],[99.54495,15.83996],[99.54517,15.83963]]}},{"type":"Feature","properties":{"k":"canal","n":""},"geometry":{"type":"LineString","coordinates":[[99.54521,15.8394],[99.5467,15.83842],[99.54597,15.83724],[99.54698,15.8354],[99.54684,15.83462],[99.54806,15.83473],[99.54745,15.8334]]}},{"type":"Feature","properties":{"k":"canal","n":""},"geometry":{"type":"LineString","coordinates":[[99.54074,15.84244],[99.5401,15.84388],[99.53912,15.84384]]}},{"type":"Feature","properties":{"k":"canal","n":""},"geometry":{"type":"LineString","coordinates":[[99.53888,15.8439],[99.53755,15.84569],[99.53694,15.84516],[99.53635,15.84559]]}},{"type":"Feature","properties":{"k":"canal","n":""},"geometry":{"type":"LineString","coordinates":[[99.55085,15.90529],[99.55112,15.90796],[99.55229,15.90842],[99.55317,15.90847],[99.5539,15.90764],[99.55382,15.90664],[99.5545,15.9057],[99.55659,15.90545],[99.55759,15.90629]]}},{"type":"Feature","properties":{"k":"drain","n":""},"geometry":{"type":"LineString","coordinates":[[99.53532,15.50214],[99.53157,15.50796],[99.52994,15.50822],[99.52878,15.50928],[99.5281,15.50865],[99.52686,15.50289]]}},{"type":"Feature","properties":{"k":"canal","n":""},"geometry":{"type":"LineString","coordinates":[[99.44618,15.52957],[99.44888,15.53124]]}},{"type":"Feature","properties":{"k":"canal","n":""},"geometry":{"type":"LineString","coordinates":[[99.54434,15.55359],[99.5427,15.5511],[99.54285,15.54962],[99.54222,15.54893]]}},{"type":"Feature","properties":{"k":"canal","n":""},"geometry":{"type":"LineString","coordinates":[[99.60969,15.86232],[99.61036,15.85715],[99.61092,15.85602],[99.61049,15.85499]]}},{"type":"Feature","properties":{"k":"canal","n":""},"geometry":{"type":"LineString","coordinates":[[99.60996,15.8646],[99.60968,15.86242]]}},{"type":"Feature","properties":{"k":"canal","n":""},"geometry":{"type":"LineString","coordinates":[[99.60968,15.86242],[99.60969,15.86232]]}},{"type":"Feature","properties":{"k":"canal","n":""},"geometry":{"type":"LineString","coordinates":[[99.61042,15.85493],[99.61029,15.85442]]}},{"type":"Feature","properties":{"k":"canal","n":""},"geometry":{"type":"LineString","coordinates":[[99.61049,15.85499],[99.61042,15.85493]]}},{"type":"Feature","properties":{"k":"canal","n":""},"geometry":{"type":"LineString","coordinates":[[99.44888,15.53124],[99.45301,15.53416],[99.45492,15.53498]]}},{"type":"Feature","properties":{"k":"canal","n":""},"geometry":{"type":"LineString","coordinates":[[99.44749,15.54382],[99.44838,15.54378]]}},{"type":"Feature","properties":{"k":"canal","n":""},"geometry":{"type":"LineString","coordinates":[[99.54965,15.90316],[99.55047,15.90349],[99.55086,15.90519]]}},{"type":"Feature","properties":{"k":"canal","n":""},"geometry":{"type":"LineString","coordinates":[[99.54958,15.90307],[99.54965,15.90316]]}},{"type":"Feature","properties":{"k":"canal","n":""},"geometry":{"type":"LineString","coordinates":[[99.41945,15.92725],[99.41988,15.92676],[99.41981,15.92572],[99.42048,15.9251],[99.42011,15.92418],[99.42157,15.92332],[99.42221,15.9238],[99.42679,15.92205],[99.42762,15.92128],[99.42899,15.91848],[99.42891,15.91768],[99.4297,15.91689],[99.42872,15.91524]]}},{"type":"Feature","properties":{"k":"canal","n":""},"geometry":{"type":"LineString","coordinates":[[99.40964,15.93381],[99.41041,15.93212],[99.41202,15.93179],[99.41281,15.93045],[99.41803,15.92872],[99.4194,15.92733]]}},{"type":"Feature","properties":{"k":"canal","n":""},"geometry":{"type":"LineString","coordinates":[[99.4194,15.92733],[99.41945,15.92725]]}},{"type":"Feature","properties":{"k":"canal","n":""},"geometry":{"type":"LineString","coordinates":[[99.95008,15.49992],[99.94998,15.49982]]}},{"type":"Feature","properties":{"k":"canal","n":""},"geometry":{"type":"LineString","coordinates":[[100.01668,15.89235],[100.01717,15.88978],[100.01469,15.88657]]}},{"type":"Feature","properties":{"k":"canal","n":""},"geometry":{"type":"LineString","coordinates":[[100.1078,15.72114],[100.10914,15.71855]]}},{"type":"Feature","properties":{"k":"drain","n":""},"geometry":{"type":"LineString","coordinates":[[100.28121,15.90316],[100.28041,15.91091],[100.28222,15.92159],[100.2811,15.9273],[100.27786,15.93449],[100.27325,15.9371],[100.26472,15.93808],[100.2602,15.93949],[100.25869,15.94074],[100.25702,15.94459],[100.25727,15.94639],[100.25977,15.94888],[100.26072,15.95061],[100.26094,15.95392],[100.25866,15.95724],[100.25855,15.95876],[100.26163,15.96288],[100.26262,15.96719],[100.26399,15.96854],[100.27106,15.97071],[100.27238,15.9715],[100.27628,15.98028],[100.27637,15.98376],[100.27541,15.98493],[100.27356,15.98572],[100.27275,15.98657],[100.27243,15.98961]]}},{"type":"Feature","properties":{"k":"drain","n":""},"geometry":{"type":"LineString","coordinates":[[100.29223,15.90353],[100.28438,15.9074],[100.28108,15.90718]]}},{"type":"Feature","properties":{"k":"drain","n":""},"geometry":{"type":"LineString","coordinates":[[100.30201,15.95671],[100.29798,15.9574],[100.29629,15.95578],[100.29597,15.95446],[100.29667,15.95186],[100.30031,15.94731],[100.30052,15.94441],[100.29947,15.94258],[100.2907,15.93274],[100.28963,15.92946],[100.28973,15.92811],[100.29063,15.92629],[100.29364,15.92361],[100.29446,15.92233],[100.29648,15.91586],[100.29615,15.91237],[100.29672,15.90982],[100.29741,15.90875],[100.29943,15.90759],[100.30048,15.906],[100.30115,15.9034],[100.30081,15.9013]]}},{"type":"Feature","properties":{"k":"drain","n":""},"geometry":{"type":"LineString","coordinates":[[99.96611,15.50564],[99.96765,15.50783],[99.98738,15.51761]]}},{"type":"Feature","properties":{"k":"canal","n":""},"geometry":{"type":"LineString","coordinates":[[99.98877,15.52377],[99.9833,15.52156],[99.98096,15.52157],[99.97733,15.52036],[99.97452,15.52063],[99.96775,15.51734]]}},{"type":"Feature","properties":{"k":"drain","n":""},"geometry":{"type":"LineString","coordinates":[[99.95549,15.51046],[99.95644,15.5076],[99.96059,15.50824],[99.96794,15.50456]]}},{"type":"Feature","properties":{"k":"canal","n":""},"geometry":{"type":"LineString","coordinates":[[100.05511,15.524],[100.05589,15.5237],[100.05776,15.52509],[100.05842,15.52692],[100.06092,15.52628],[100.06158,15.52721],[100.06308,15.52702],[100.06512,15.52785],[100.06615,15.52707],[100.06707,15.52423],[100.0673,15.52296],[100.06619,15.52201],[100.06489,15.51898],[100.06366,15.51771],[100.06374,15.51623],[100.06185,15.51437],[100.06151,15.51296],[100.05901,15.51124],[100.06253,15.5086],[100.06368,15.50505],[100.06341,15.50377],[100.0638,15.50275],[100.06005,15.49756],[100.06071,15.49705],[100.06051,15.49554],[100.06132,15.49552],[100.06213,15.49493],[100.0618,15.49425],[100.06278,15.49395],[100.06318,15.49028],[100.06402,15.48894],[100.06486,15.48877]]}},{"type":"Feature","properties":{"k":"canal","n":""},"geometry":{"type":"LineString","coordinates":[[99.71095,15.4897],[99.71096,15.49015]]}},{"type":"Feature","properties":{"k":"canal","n":""},"geometry":{"type":"LineString","coordinates":[[99.71271,15.4883],[99.71094,15.48833],[99.71095,15.4897]]}},{"type":"Feature","properties":{"k":"canal","n":""},"geometry":{"type":"LineString","coordinates":[[99.71292,15.4883],[99.71271,15.4883]]}},{"type":"Feature","properties":{"k":"drain","n":""},"geometry":{"type":"LineString","coordinates":[[100.14275,15.68028],[100.14281,15.68144],[100.14612,15.68142],[100.14608,15.68026]]}},{"type":"Feature","properties":{"k":"drain","n":""},"geometry":{"type":"LineString","coordinates":[[100.13843,15.68148],[100.13872,15.68081],[100.14064,15.68031],[100.14863,15.68024],[100.14864,15.6837],[100.14682,15.68386],[100.14628,15.68026]]}},{"type":"Feature","properties":{"k":"canal","n":"คลองโพ"},"geometry":{"type":"LineString","coordinates":[[99.85582,15.56513],[99.8562,15.56617],[99.85694,15.56637],[99.85712,15.5653],[99.85869,15.56392],[99.85783,15.5632],[99.8581,15.56169],[99.85902,15.56198],[99.85993,15.5612],[99.86019,15.56192],[99.86181,15.56239],[99.86302,15.56159],[99.86414,15.56169],[99.86335,15.56033],[99.8638,15.55907],[99.86573,15.5582],[99.86708,15.55852],[99.86745,15.55711],[99.87152,15.55607],[99.87161,15.55442],[99.87243,15.55318],[99.87331,15.55365],[99.87395,15.55487],[99.87593,15.55408],[99.87643,15.55475],[99.87771,15.55464]]}},{"type":"Feature","properties":{"k":"drain","n":""},"geometry":{"type":"LineString","coordinates":[[99.76791,15.94908],[99.76716,15.94212]]}},{"type":"Feature","properties":{"k":"drain","n":""},"geometry":{"type":"LineString","coordinates":[[99.7636,15.95356],[99.76462,15.94957]]}},{"type":"Feature","properties":{"k":"drain","n":""},"geometry":{"type":"LineString","coordinates":[[99.96384,15.84816],[99.96617,15.84786],[99.96796,15.84664]]}},{"type":"Feature","properties":{"k":"canal","n":""},"geometry":{"type":"LineString","coordinates":[[100.20915,15.9251],[100.21107,15.92673],[100.21243,15.92896],[100.21395,15.92864],[100.21442,15.92905],[100.21529,15.92814],[100.21676,15.92834],[100.21688,15.92406]]}},{"type":"Feature","properties":{"k":"drain","n":""},"geometry":{"type":"LineString","coordinates":[[100.26775,15.88158],[100.26695,15.88289],[100.26682,15.88422],[100.26877,15.89008],[100.28106,15.90293]]}},{"type":"Feature","properties":{"k":"canal","n":""},"geometry":{"type":"LineString","coordinates":[[99.78298,15.92537],[99.78716,15.9274],[99.78913,15.92631],[99.79247,15.92281],[99.79592,15.92144],[99.79706,15.92144],[99.79938,15.92041],[99.80154,15.92162],[99.80278,15.92151],[99.80942,15.91881],[99.81549,15.91805],[99.81641,15.91687]]}},{"type":"Feature","properties":{"k":"canal","n":""},"geometry":{"type":"LineString","coordinates":[[100.24205,15.95258],[100.24054,15.95246],[100.23969,15.95167],[100.23943,15.9493],[100.23978,15.94777],[100.24093,15.94548],[100.24741,15.93797],[100.24891,15.935],[100.24978,15.93139]]}},{"type":"Feature","properties":{"k":"canal","n":""},"geometry":{"type":"LineString","coordinates":[[100.15326,15.72864],[100.15475,15.72807],[100.15825,15.7303],[100.16071,15.73104]]}},{"type":"Feature","properties":{"k":"canal","n":""},"geometry":{"type":"LineString","coordinates":[[100.17475,15.73843],[100.17451,15.73734],[100.1728,15.73751]]}},{"type":"Feature","properties":{"k":"canal","n":""},"geometry":{"type":"LineString","coordinates":[[100.17277,15.73718],[100.17311,15.73594],[100.17146,15.7346],[100.17125,15.73297],[100.17037,15.7327]]}},{"type":"Feature","properties":{"k":"canal","n":""},"geometry":{"type":"LineString","coordinates":[[100.17269,15.72285],[100.17129,15.72215],[100.17048,15.72235],[100.16876,15.72352],[100.16633,15.72678]]}},{"type":"Feature","properties":{"k":"canal","n":""},"geometry":{"type":"LineString","coordinates":[[100.25434,15.79936],[100.25052,15.79978],[100.2444,15.79725],[100.23735,15.79656],[100.23509,15.79478],[100.23354,15.79027],[100.23305,15.79031],[100.23239,15.791],[100.23113,15.79464],[100.22874,15.79617],[100.22574,15.79654],[100.22564,15.79769],[100.22638,15.79918],[100.22632,15.79979],[100.22554,15.80029],[100.22423,15.80051],[100.22242,15.80007],[100.21977,15.79681],[100.21812,15.7963],[100.21646,15.79659],[100.21592,15.79798],[100.21809,15.80044],[100.2185,15.80245],[100.21827,15.80377],[100.21729,15.80306],[100.21539,15.8004],[100.2147,15.79769],[100.21552,15.79341],[100.21577,15.78855],[100.21777,15.78539],[100.22035,15.78457],[100.22452,15.78514],[100.23144,15.78326],[100.23355,15.78324],[100.23655,15.78415],[100.2412,15.78776],[100.24189,15.78779],[100.2423,15.7871],[100.24082,15.78444],[100.24136,15.78113],[100.24088,15.77869],[100.23686,15.77691],[100.23224,15.77299],[100.22725,15.77061],[100.22238,15.76667],[100.2193,15.76536],[100.21747,15.76383],[100.21502,15.75927],[100.2148,15.75677],[100.21572,15.75463],[100.21882,15.75194],[100.21808,15.75089],[100.21123,15.75098],[100.20804,15.75157],[100.20625,15.75265],[100.20443,15.75531],[100.20415,15.75806],[100.20578,15.76225],[100.208,15.76612],[100.20793,15.76987],[100.20686,15.7714],[100.20529,15.7723],[100.20329,15.77243],[100.20095,15.77154],[100.19958,15.76954],[100.19626,15.76929],[100.19405,15.77004],[100.19246,15.772],[100.19214,15.77436],[100.19334,15.77702],[100.19599,15.77878],[100.19526,15.77975],[100.19393,15.77962],[100.1929,15.77888],[100.19078,15.77523]]}},{"type":"Feature","properties":{"k":"canal","n":""},"geometry":{"type":"LineString","coordinates":[[100.14457,15.9025],[100.14666,15.90334]]}},{"type":"Feature","properties":{"k":"canal","n":""},"geometry":{"type":"LineString","coordinates":[[100.14655,15.90306],[100.14699,15.90053],[100.14834,15.89726],[100.15123,15.89749],[100.15257,15.89655],[100.15471,15.89373],[100.15701,15.89355],[100.157,15.89115],[100.15958,15.88979],[100.16057,15.888],[100.1632,15.88871],[100.16585,15.88729],[100.16616,15.88535],[100.1668,15.88477],[100.17046,15.88486]]}},{"type":"Feature","properties":{"k":"canal","n":""},"geometry":{"type":"LineString","coordinates":[[100.14139,15.9042],[100.14323,15.9025],[100.14436,15.90241]]}},{"type":"Feature","properties":{"k":"drain","n":""},"geometry":{"type":"LineString","coordinates":[[99.99882,15.94803],[99.99794,15.94729],[99.99717,15.94758],[99.9963,15.94702],[99.99455,15.94692],[99.99139,15.94381],[99.98959,15.94394],[99.9888,15.94347],[99.98733,15.94378],[99.9849,15.94903],[99.98462,15.95332],[99.98314,15.95511],[99.97979,15.95698],[99.97927,15.9605]]}},{"type":"Feature","properties":{"k":"canal","n":""},"geometry":{"type":"LineString","coordinates":[[100.23948,15.61233],[100.24026,15.61395],[100.2401,15.61485],[100.24202,15.61663],[100.24279,15.62032],[100.24425,15.62046],[100.24467,15.62209],[100.244,15.62309]]}},{"type":"Feature","properties":{"k":"canal","n":""},"geometry":{"type":"LineString","coordinates":[[100.20975,15.56741],[100.20869,15.56789],[100.20701,15.56742],[100.20526,15.56653],[100.20483,15.56571],[100.20239,15.56621],[100.2016,15.56728],[100.19948,15.56747],[100.1975,15.56898]]}},{"type":"Feature","properties":{"k":"drain","n":""},"geometry":{"type":"LineString","coordinates":[[99.8168,15.91609],[99.8174,15.9121],[99.82096,15.90615],[99.8262,15.89575]]}},{"type":"Feature","properties":{"k":"drain","n":""},"geometry":{"type":"LineString","coordinates":[[99.82628,15.89559],[99.82664,15.89399],[99.8296,15.89155]]}},{"type":"Feature","properties":{"k":"drain","n":""},"geometry":{"type":"LineString","coordinates":[[99.86788,15.8288],[99.86796,15.83068],[99.86897,15.83265],[99.86858,15.8345],[99.86764,15.8353],[99.86636,15.83542]]}},{"type":"Feature","properties":{"k":"canal","n":""},"geometry":{"type":"LineString","coordinates":[[99.75994,15.50325],[99.75982,15.5021],[99.75869,15.50191],[99.75753,15.49974],[99.75798,15.49789],[99.75727,15.49747],[99.75764,15.49706]]}},{"type":"Feature","properties":{"k":"drain","n":""},"geometry":{"type":"LineString","coordinates":[[99.70909,15.64045],[99.71091,15.64131],[99.71094,15.64283],[99.71436,15.64669],[99.71847,15.6495],[99.71986,15.6528],[99.72116,15.65413]]}},{"type":"Feature","properties":{"k":"drain","n":""},"geometry":{"type":"LineString","coordinates":[[99.72137,15.65417],[99.72285,15.65432],[99.72438,15.65582],[99.72619,15.65574]]}},{"type":"Feature","properties":{"k":"canal","n":""},"geometry":{"type":"LineString","coordinates":[[99.68122,15.5938],[99.68152,15.59733]]}},{"type":"Feature","properties":{"k":"canal","n":""},"geometry":{"type":"LineString","coordinates":[[99.68517,15.60174],[99.68429,15.60023],[99.68192,15.59906],[99.68152,15.59733]]}},{"type":"Feature","properties":{"k":"canal","n":""},"geometry":{"type":"LineString","coordinates":[[99.83063,15.56558],[99.83109,15.56541],[99.83145,15.56588],[99.83277,15.56496],[99.83242,15.5643],[99.83311,15.56367],[99.83374,15.56408],[99.83474,15.56362],[99.83536,15.56458],[99.83745,15.56499],[99.83826,15.56397],[99.83926,15.5646],[99.8408,15.56393]]}},{"type":"Feature","properties":{"k":"canal","n":""},"geometry":{"type":"LineString","coordinates":[[99.84615,15.56633],[99.84784,15.56662],[99.84843,15.56568],[99.84944,15.56693],[99.85136,15.566],[99.85346,15.56602],[99.85369,15.56521],[99.85478,15.56534],[99.85536,15.56463],[99.85582,15.56512]]}},{"type":"Feature","properties":{"k":"drain","n":""},"geometry":{"type":"LineString","coordinates":[[99.77393,15.95818],[99.77973,15.95098],[99.7807,15.95039],[99.78209,15.94755],[99.78322,15.94762],[99.78367,15.94551],[99.78327,15.94384],[99.78385,15.94294],[99.78418,15.94024]]}},{"type":"Feature","properties":{"k":"drain","n":""},"geometry":{"type":"LineString","coordinates":[[99.7867,15.94274],[99.78928,15.93648],[99.78952,15.93265],[99.78901,15.92877],[99.78824,15.92701]]}},{"type":"Feature","properties":{"k":"drain","n":""},"geometry":{"type":"LineString","coordinates":[[99.6715,15.94734],[99.67222,15.94818],[99.67377,15.94868],[99.67516,15.94783],[99.68103,15.9486],[99.68239,15.94856],[99.6823,15.94799],[99.68274,15.94784]]}},{"type":"Feature","properties":{"k":"canal","n":""},"geometry":{"type":"LineString","coordinates":[[100.13668,15.87976],[100.13738,15.88075],[100.13882,15.8806],[100.13991,15.88156],[100.14127,15.88435],[100.14135,15.88619],[100.14213,15.88664],[100.14181,15.88848],[100.14404,15.88862],[100.14571,15.89087],[100.14505,15.89151],[100.14273,15.89202],[100.14209,15.8938],[100.14226,15.89486],[100.14167,15.89566],[100.13992,15.89583],[100.13701,15.89788],[100.13663,15.90026],[100.13375,15.90062],[100.13266,15.90295],[100.12906,15.90342],[100.1281,15.9044],[100.12792,15.90535],[100.12895,15.90674],[100.12934,15.90861],[100.12785,15.91046],[100.12749,15.91165],[100.12777,15.91229],[100.13034,15.9125],[100.13113,15.9135],[100.1314,15.91488]]}},{"type":"Feature","properties":{"k":"drain","n":""},"geometry":{"type":"LineString","coordinates":[[100.28106,15.90293],[100.28121,15.90316]]}},{"type":"Feature","properties":{"k":"canal","n":""},"geometry":{"type":"LineString","coordinates":[[100.27671,15.9083],[100.27662,15.91019],[100.27735,15.912]]}},{"type":"Feature","properties":{"k":"canal","n":""},"geometry":{"type":"LineString","coordinates":[[100.26892,15.90599],[100.27322,15.90385],[100.2773,15.90301]]}},{"type":"Feature","properties":{"k":"canal","n":""},"geometry":{"type":"LineString","coordinates":[[100.27762,15.90292],[100.27959,15.90301],[100.2802,15.90425],[100.28003,15.9049],[100.27773,15.9067],[100.27681,15.90806]]}},{"type":"Feature","properties":{"k":"drain","n":""},"geometry":{"type":"LineString","coordinates":[[99.9777,15.96422],[99.97774,15.96436]]}},{"type":"Feature","properties":{"k":"drain","n":""},"geometry":{"type":"LineString","coordinates":[[99.97774,15.96436],[99.97826,15.96534],[99.98058,15.96567],[99.98202,15.96645],[99.98198,15.96747],[99.98118,15.96834]]}},{"type":"Feature","properties":{"k":"drain","n":""},"geometry":{"type":"LineString","coordinates":[[99.97927,15.96071],[99.9777,15.96422]]}},{"type":"Feature","properties":{"k":"drain","n":""},"geometry":{"type":"LineString","coordinates":[[99.97927,15.9605],[99.97927,15.96071]]}},{"type":"Feature","properties":{"k":"canal","n":""},"geometry":{"type":"LineString","coordinates":[[99.85901,15.93012],[99.85814,15.9333],[99.85773,15.93743],[99.86272,15.93826],[99.86343,15.93754],[99.86426,15.938],[99.86612,15.93625],[99.86922,15.93645],[99.8689,15.94047],[99.86252,15.93982],[99.86412,15.93798]]}},{"type":"Feature","properties":{"k":"canal","n":""},"geometry":{"type":"LineString","coordinates":[[99.87079,15.92685],[99.87081,15.92789],[99.8719,15.93008],[99.87013,15.93258],[99.86922,15.93645]]}},{"type":"Feature","properties":{"k":"canal","n":"คลองหนองสังข์ 1"},"geometry":{"type":"LineString","coordinates":[[99.89931,15.88425],[99.90041,15.8867],[99.90151,15.88739],[99.9029,15.88533],[99.9034,15.88571],[99.90261,15.8869],[99.904,15.8877],[99.90594,15.88587],[99.90782,15.88827]]}},{"type":"Feature","properties":{"k":"canal","n":""},"geometry":{"type":"LineString","coordinates":[[100.16912,15.51411],[100.16929,15.51465],[100.16861,15.51519],[100.16988,15.51611],[100.17037,15.51731],[100.16874,15.51975],[100.1693,15.52063],[100.1682,15.52145],[100.16891,15.5246],[100.1678,15.52455],[100.16747,15.52637],[100.1655,15.52631],[100.1652,15.52874],[100.16602,15.53004],[100.166,15.53116],[100.16753,15.53133],[100.16943,15.53263],[100.16969,15.53385],[100.17056,15.53471],[100.17071,15.53734],[100.17009,15.53897],[100.17202,15.54294],[100.17385,15.54449],[100.17383,15.5463],[100.173,15.54672],[100.17373,15.55228]]}},{"type":"Feature","properties":{"k":"canal","n":""},"geometry":{"type":"LineString","coordinates":[[100.16748,15.51134],[100.16846,15.51173],[100.16835,15.51323],[100.16909,15.51401]]}},{"type":"Feature","properties":{"k":"canal","n":""},"geometry":{"type":"LineString","coordinates":[[100.16909,15.51401],[100.16912,15.51411]]}},{"type":"Feature","properties":{"k":"canal","n":""},"geometry":{"type":"LineString","coordinates":[[99.84131,15.93204],[99.84711,15.93141],[99.84805,15.92813],[99.85293,15.92949],[99.85891,15.9301]]}},{"type":"Feature","properties":{"k":"canal","n":""},"geometry":{"type":"LineString","coordinates":[[99.85891,15.9301],[99.85901,15.93012]]}},{"type":"Feature","properties":{"k":"drain","n":""},"geometry":{"type":"LineString","coordinates":[[99.77219,15.97051],[99.77342,15.96653],[99.77207,15.96588],[99.77244,15.96491],[99.7713,15.9646],[99.77153,15.96343]]}},{"type":"Feature","properties":{"k":"drain","n":""},"geometry":{"type":"LineString","coordinates":[[99.77153,15.96343],[99.77154,15.96333]]}},{"type":"Feature","properties":{"k":"drain","n":""},"geometry":{"type":"LineString","coordinates":[[99.77662,15.97315],[99.77928,15.9661]]}},{"type":"Feature","properties":{"k":"drain","n":""},"geometry":{"type":"LineString","coordinates":[[99.77928,15.9661],[99.77931,15.966]]}},{"type":"Feature","properties":{"k":"drain","n":""},"geometry":{"type":"LineString","coordinates":[[99.77931,15.966],[99.78066,15.96197],[99.78122,15.95822]]}},{"type":"Feature","properties":{"k":"drain","n":""},"geometry":{"type":"LineString","coordinates":[[99.78122,15.95822],[99.78124,15.95813]]}},{"type":"Feature","properties":{"k":"drain","n":""},"geometry":{"type":"LineString","coordinates":[[99.78124,15.95813],[99.78664,15.94281]]}},{"type":"Feature","properties":{"k":"drain","n":""},"geometry":{"type":"LineString","coordinates":[[99.78664,15.94281],[99.7867,15.94274]]}},{"type":"Feature","properties":{"k":"drain","n":""},"geometry":{"type":"LineString","coordinates":[[99.77154,15.96333],[99.77304,15.96299],[99.77385,15.95822]]}},{"type":"Feature","properties":{"k":"drain","n":""},"geometry":{"type":"LineString","coordinates":[[99.77385,15.95822],[99.77393,15.95818]]}},{"type":"Feature","properties":{"k":"drain","n":""},"geometry":{"type":"LineString","coordinates":[[99.78414,15.94015],[99.78271,15.93632],[99.78262,15.92723],[99.78305,15.9254]]}},{"type":"Feature","properties":{"k":"drain","n":""},"geometry":{"type":"LineString","coordinates":[[99.78418,15.94024],[99.78414,15.94015]]}},{"type":"Feature","properties":{"k":"canal","n":""},"geometry":{"type":"LineString","coordinates":[[100.065,15.48878],[100.06555,15.48922],[100.0663,15.48895],[100.06703,15.48758],[100.06748,15.48755],[100.06897,15.48891],[100.06984,15.48901],[100.07079,15.48632]]}},{"type":"Feature","properties":{"k":"canal","n":""},"geometry":{"type":"LineString","coordinates":[[100.06486,15.48877],[100.065,15.48878]]}},{"type":"Feature","properties":{"k":"drain","n":""},"geometry":{"type":"LineString","coordinates":[[99.65429,15.9252],[99.655,15.92651],[99.65626,15.92725],[99.65774,15.92718]]}},{"type":"Feature","properties":{"k":"drain","n":""},"geometry":{"type":"LineString","coordinates":[[99.65774,15.92718],[99.65781,15.92724]]}},{"type":"Feature","properties":{"k":"drain","n":""},"geometry":{"type":"LineString","coordinates":[[99.65781,15.92724],[99.65986,15.93033],[99.65962,15.93367],[99.6611,15.93631],[99.66125,15.93783],[99.66411,15.93904]]}},{"type":"Feature","properties":{"k":"drain","n":""},"geometry":{"type":"LineString","coordinates":[[99.66411,15.93904],[99.66421,15.93906]]}},{"type":"Feature","properties":{"k":"drain","n":""},"geometry":{"type":"LineString","coordinates":[[99.66421,15.93906],[99.66728,15.94427],[99.66902,15.94592],[99.67145,15.94724]]}},{"type":"Feature","properties":{"k":"drain","n":""},"geometry":{"type":"LineString","coordinates":[[99.67145,15.94724],[99.6715,15.94734]]}},{"type":"Feature","properties":{"k":"canal","n":""},"geometry":{"type":"LineString","coordinates":[[99.94691,15.72821],[99.94743,15.73503],[99.94686,15.73883],[99.94567,15.74052]]}},{"type":"Feature","properties":{"k":"canal","n":""},"geometry":{"type":"LineString","coordinates":[[99.95333,15.71811],[99.9491,15.72168]]}},{"type":"Feature","properties":{"k":"canal","n":""},"geometry":{"type":"LineString","coordinates":[[99.9491,15.72168],[99.94903,15.72175]]}},{"type":"Feature","properties":{"k":"canal","n":""},"geometry":{"type":"LineString","coordinates":[[99.94903,15.72175],[99.94692,15.72811]]}},{"type":"Feature","properties":{"k":"canal","n":""},"geometry":{"type":"LineString","coordinates":[[99.94692,15.72811],[99.94691,15.72821]]}},{"type":"Feature","properties":{"k":"canal","n":""},"geometry":{"type":"LineString","coordinates":[[100.94317,15.51736],[100.94184,15.51649],[100.94189,15.516]]}},{"type":"Feature","properties":{"k":"canal","n":""},"geometry":{"type":"LineString","coordinates":[[100.35669,15.83012],[100.35639,15.82935],[100.35514,15.829],[100.35473,15.82784],[100.3533,15.82661],[100.35273,15.8267],[100.35203,15.82773],[100.35114,15.82705],[100.35004,15.82753],[100.34895,15.82737],[100.34747,15.82574],[100.34785,15.82473],[100.34594,15.82459],[100.34501,15.82177],[100.34211,15.82127],[100.3408,15.82049],[100.34039,15.81938],[100.33864,15.81956],[100.33819,15.81847],[100.33693,15.81814],[100.33632,15.81846],[100.33576,15.8205],[100.33407,15.82039],[100.33357,15.81933],[100.33227,15.81932],[100.33096,15.82003],[100.33074,15.82179],[100.33025,15.82237],[100.32927,15.82126],[100.3286,15.82125],[100.32804,15.82282],[100.32838,15.82354],[100.3273,15.82477],[100.32588,15.82298],[100.32508,15.82296],[100.3243,15.82432],[100.32553,15.82519]]}},{"type":"Feature","properties":{"k":"canal","n":""},"geometry":{"type":"LineString","coordinates":[[100.31329,15.85533],[100.3144,15.85679],[100.32068,15.85595],[100.32355,15.85749],[100.32585,15.85684],[100.32955,15.85658],[100.33183,15.85832],[100.33215,15.85903],[100.33183,15.8594]]}},{"type":"Feature","properties":{"k":"drain","n":""},"geometry":{"type":"LineString","coordinates":[[100.33618,15.86876],[100.33858,15.87233],[100.34212,15.87488],[100.34297,15.87626]]}},{"type":"Feature","properties":{"k":"drain","n":""},"geometry":{"type":"LineString","coordinates":[[100.33351,15.8678],[100.33564,15.8713],[100.3343,15.87202],[100.33575,15.87448],[100.33373,15.87668],[100.33049,15.87904]]}},{"type":"Feature","properties":{"k":"canal","n":""},"geometry":{"type":"LineString","coordinates":[[100.33049,15.87904],[100.32875,15.88183],[100.32333,15.88426],[100.32138,15.8838],[100.32114,15.88449]]}},{"type":"Feature","properties":{"k":"drain","n":""},"geometry":{"type":"LineString","coordinates":[[100.33391,15.86865],[100.33343,15.86594]]}},{"type":"Feature","properties":{"k":"drain","n":""},"geometry":{"type":"LineString","coordinates":[[100.40674,15.87047],[100.39983,15.87163],[100.39488,15.87329],[100.39223,15.87351],[100.39139,15.87413]]}},{"type":"Feature","properties":{"k":"drain","n":""},"geometry":{"type":"LineString","coordinates":[[100.39316,15.88289],[100.39307,15.87902],[100.39094,15.87295],[100.38945,15.8701],[100.38434,15.86301]]}},{"type":"Feature","properties":{"k":"canal","n":""},"geometry":{"type":"LineString","coordinates":[[100.76769,15.7679],[100.76868,15.768],[100.76903,15.77024],[100.77039,15.77193],[100.77175,15.77229],[100.77212,15.77323],[100.77539,15.77521],[100.77512,15.77577],[100.77563,15.77677],[100.7779,15.7788],[100.77936,15.77914],[100.77997,15.78062],[100.78273,15.78059],[100.78485,15.78224]]}},{"type":"Feature","properties":{"k":"canal","n":""},"geometry":{"type":"LineString","coordinates":[[100.4367,15.69977],[100.44143,15.69938],[100.44621,15.70044],[100.44727,15.6987],[100.44854,15.69797],[100.45984,15.69672]]}},{"type":"Feature","properties":{"k":"canal","n":""},"geometry":{"type":"LineString","coordinates":[[100.46338,15.71374],[100.45709,15.7071]]}},{"type":"Feature","properties":{"k":"canal","n":""},"geometry":{"type":"LineString","coordinates":[[100.48898,15.74546],[100.49025,15.74424],[100.49121,15.74401],[100.49222,15.74477],[100.49371,15.74501]]}},{"type":"Feature","properties":{"k":"canal","n":""},"geometry":{"type":"LineString","coordinates":[[100.48609,15.73374],[100.48817,15.73466],[100.48911,15.73578],[100.49044,15.7401],[100.49074,15.74417]]}},{"type":"Feature","properties":{"k":"canal","n":""},"geometry":{"type":"LineString","coordinates":[[100.46339,15.75862],[100.4666,15.75859],[100.46916,15.75793],[100.47161,15.75693],[100.47292,15.75569],[100.47471,15.75542],[100.47866,15.75667]]}},{"type":"Feature","properties":{"k":"drain","n":""},"geometry":{"type":"LineString","coordinates":[[100.44954,15.72805],[100.45261,15.72683],[100.45358,15.72687],[100.45657,15.72813],[100.46477,15.73427],[100.4713,15.73661]]}},{"type":"Feature","properties":{"k":"canal","n":""},"geometry":{"type":"LineString","coordinates":[[100.3697,15.92544],[100.37028,15.92603],[100.3715,15.92558]]}},{"type":"Feature","properties":{"k":"canal","n":""},"geometry":{"type":"LineString","coordinates":[[100.36742,15.92647],[100.36316,15.92692],[100.36274,15.92628],[100.3621,15.9263],[100.3539,15.92766],[100.35087,15.92712]]}},{"type":"Feature","properties":{"k":"canal","n":""},"geometry":{"type":"LineString","coordinates":[[100.37164,15.92554],[100.37682,15.92463]]}},{"type":"Feature","properties":{"k":"canal","n":""},"geometry":{"type":"LineString","coordinates":[[100.36741,15.9263],[100.3695,15.92547]]}},{"type":"Feature","properties":{"k":"canal","n":""},"geometry":{"type":"LineString","coordinates":[[100.47211,15.62559],[100.47385,15.62469],[100.47471,15.62489],[100.47563,15.62708],[100.47786,15.63018],[100.47846,15.6321],[100.47963,15.63343],[100.48152,15.63436],[100.48203,15.63651],[100.48276,15.63659],[100.48419,15.63563]]}},{"type":"Feature","properties":{"k":"canal","n":""},"geometry":{"type":"LineString","coordinates":[[100.55449,15.56257],[100.55324,15.56326],[100.55276,15.56429],[100.55345,15.5672],[100.55232,15.56886],[100.55156,15.56915],[100.5514,15.57001],[100.54945,15.57],[100.54885,15.57049],[100.54876,15.57106],[100.55007,15.57179],[100.54834,15.57315],[100.54827,15.57445],[100.54704,15.57526]]}},{"type":"Feature","properties":{"k":"canal","n":""},"geometry":{"type":"LineString","coordinates":[[100.56289,15.55445],[100.5617,15.5584],[100.56019,15.56054],[100.56055,15.56194]]}},{"type":"Feature","properties":{"k":"canal","n":""},"geometry":{"type":"LineString","coordinates":[[100.56055,15.56194],[100.55717,15.56237],[100.5563,15.56187],[100.5548,15.56249]]}},{"type":"Feature","properties":{"k":"canal","n":""},"geometry":{"type":"LineString","coordinates":[[100.33763,15.62923],[100.3386,15.63748],[100.33784,15.6442],[100.33823,15.65445],[100.33682,15.65906],[100.33629,15.66378],[100.33668,15.66417],[100.33415,15.66833]]}},{"type":"Feature","properties":{"k":"canal","n":""},"geometry":{"type":"LineString","coordinates":[[100.43855,15.75418],[100.4396,15.7558],[100.44103,15.75659],[100.44185,15.75857],[100.44174,15.7596],[100.44229,15.76051],[100.44193,15.76162],[100.44249,15.76285],[100.44485,15.76412],[100.44798,15.76421],[100.44883,15.76564]]}},{"type":"Feature","properties":{"k":"canal","n":""},"geometry":{"type":"LineString","coordinates":[[100.4489,15.76587],[100.44929,15.76667],[100.45123,15.76712],[100.45179,15.76861],[100.45169,15.77025]]}},{"type":"Feature","properties":{"k":"canal","n":""},"geometry":{"type":"LineString","coordinates":[[100.59047,15.56612],[100.59135,15.56587],[100.59095,15.56471],[100.59198,15.56329],[100.59178,15.56265],[100.59382,15.56054]]}},{"type":"Feature","properties":{"k":"canal","n":""},"geometry":{"type":"LineString","coordinates":[[100.59569,15.56028],[100.59838,15.56277],[100.60039,15.56212],[100.60065,15.56138],[100.60259,15.56003],[100.60388,15.56186],[100.6054,15.56102],[100.60627,15.56163]]}},{"type":"Feature","properties":{"k":"drain","n":""},"geometry":{"type":"LineString","coordinates":[[100.56431,15.58471],[100.56593,15.58334],[100.58309,15.57302]]}},{"type":"Feature","properties":{"k":"canal","n":""},"geometry":{"type":"LineString","coordinates":[[100.5872,15.56772],[100.58792,15.56714],[100.58868,15.5677],[100.58909,15.56666]]}},{"type":"Feature","properties":{"k":"canal","n":""},"geometry":{"type":"LineString","coordinates":[[100.58728,15.56882],[100.58695,15.56778]]}},{"type":"Feature","properties":{"k":"canal","n":""},"geometry":{"type":"LineString","coordinates":[[100.58622,15.56932],[100.58705,15.56887]]}},{"type":"Feature","properties":{"k":"canal","n":""},"geometry":{"type":"LineString","coordinates":[[100.58598,15.56934],[100.58507,15.5695],[100.58472,15.57107],[100.58329,15.5718]]}},{"type":"Feature","properties":{"k":"canal","n":""},"geometry":{"type":"LineString","coordinates":[[100.68118,15.56473],[100.68093,15.5652],[100.67836,15.56514],[100.67546,15.56362]]}},{"type":"Feature","properties":{"k":"canal","n":""},"geometry":{"type":"LineString","coordinates":[[100.64632,15.48992],[100.64627,15.49069],[100.64674,15.49095],[100.64585,15.49151],[100.64763,15.49234],[100.64675,15.49359],[100.64619,15.49367],[100.64646,15.49666],[100.64569,15.49683],[100.64591,15.49738],[100.64513,15.49787],[100.64522,15.49971],[100.64567,15.49934],[100.646,15.4997],[100.64607,15.50123],[100.64472,15.50167],[100.64422,15.50237],[100.64323,15.50211],[100.64284,15.50312],[100.63818,15.50649]]}},{"type":"Feature","properties":{"k":"drain","n":""},"geometry":{"type":"LineString","coordinates":[[100.65731,15.57552],[100.66101,15.57633],[100.66219,15.57547],[100.66613,15.57444],[100.66701,15.57458],[100.66756,15.57414],[100.6685,15.57451],[100.67131,15.57129],[100.67261,15.57155],[100.67319,15.57025],[100.67587,15.57081],[100.67776,15.57002],[100.68003,15.57023],[100.68199,15.57106],[100.68288,15.57226],[100.68512,15.57119],[100.68817,15.57197],[100.6912,15.57101],[100.69419,15.5707],[100.6948,15.56999],[100.6961,15.57092],[100.69775,15.57062],[100.69902,15.57096],[100.69946,15.57225],[100.70116,15.57195],[100.70196,15.57233]]}},{"type":"Feature","properties":{"k":"canal","n":""},"geometry":{"type":"LineString","coordinates":[[100.50077,15.51735],[100.50035,15.51545],[100.4988,15.51341],[100.49961,15.5127],[100.49927,15.51044]]}},{"type":"Feature","properties":{"k":"canal","n":""},"geometry":{"type":"LineString","coordinates":[[100.66527,15.81525],[100.66465,15.81543],[100.66423,15.81472],[100.66359,15.81505],[100.66241,15.814],[100.66138,15.81517],[100.66107,15.81394],[100.65873,15.81492],[100.65876,15.81582],[100.65807,15.81568],[100.65777,15.81492],[100.65675,15.81576],[100.65569,15.81498],[100.65625,15.81422],[100.65538,15.81405],[100.6548,15.81455],[100.65441,15.81398],[100.65347,15.81406],[100.65255,15.81336],[100.65256,15.81265],[100.65165,15.81285],[100.65158,15.8121],[100.64968,15.81272],[100.6487,15.81231],[100.64868,15.8114],[100.6461,15.81096],[100.64579,15.81033],[100.64536,15.81079],[100.64551,15.80935],[100.64376,15.81024]]}},{"type":"Feature","properties":{"k":"drain","n":""},"geometry":{"type":"LineString","coordinates":[[100.57433,15.76978],[100.57361,15.76979],[100.57313,15.76918],[100.56904,15.76905],[100.56355,15.7702],[100.55809,15.77061],[100.55126,15.77079],[100.54692,15.77007]]}},{"type":"Feature","properties":{"k":"drain","n":""},"geometry":{"type":"LineString","coordinates":[[100.60594,15.77474],[100.60463,15.77456],[100.6042,15.77553],[100.60151,15.77507],[100.59236,15.77578],[100.58274,15.77225]]}},{"type":"Feature","properties":{"k":"drain","n":""},"geometry":{"type":"LineString","coordinates":[[100.57452,15.76978],[100.57566,15.77165],[100.57777,15.77122],[100.5825,15.77215]]}},{"type":"Feature","properties":{"k":"canal","n":""},"geometry":{"type":"LineString","coordinates":[[100.47078,15.86793],[100.47241,15.86799],[100.47289,15.86867],[100.47517,15.86969],[100.47583,15.86901],[100.4764,15.86909],[100.47887,15.87178]]}},{"type":"Feature","properties":{"k":"canal","n":""},"geometry":{"type":"LineString","coordinates":[[100.54293,15.94705],[100.5422,15.94729],[100.54201,15.94653],[100.54063,15.94565],[100.54003,15.94585],[100.54002,15.9466],[100.53866,15.94572],[100.53867,15.94405],[100.53801,15.94403],[100.53807,15.9432],[100.53757,15.94269],[100.53786,15.94112],[100.5366,15.94169],[100.53705,15.94059],[100.53598,15.94098],[100.5345,15.93846],[100.53313,15.93829],[100.53281,15.93767],[100.53133,15.93786],[100.53059,15.93579],[100.53005,15.93547],[100.52926,15.93583],[100.52933,15.93405],[100.52775,15.93274],[100.5225,15.93175]]}},{"type":"Feature","properties":{"k":"canal","n":""},"geometry":{"type":"LineString","coordinates":[[100.52166,15.93168],[100.52228,15.9318]]}},{"type":"Feature","properties":{"k":"canal","n":""},"geometry":{"type":"LineString","coordinates":[[100.52169,15.9315],[100.52102,15.92794],[100.52212,15.9275]]}},{"type":"Feature","properties":{"k":"canal","n":""},"geometry":{"type":"LineString","coordinates":[[100.50795,15.9032],[100.50788,15.90169],[100.50735,15.90143]]}},{"type":"Feature","properties":{"k":"canal","n":""},"geometry":{"type":"LineString","coordinates":[[100.50131,15.89302],[100.50088,15.89242],[100.49985,15.89244]]}},{"type":"Feature","properties":{"k":"canal","n":""},"geometry":{"type":"LineString","coordinates":[[100.51183,15.91536],[100.51115,15.91615],[100.50938,15.91641],[100.50933,15.91772],[100.5088,15.91818],[100.50907,15.91867]]}},{"type":"Feature","properties":{"k":"canal","n":""},"geometry":{"type":"LineString","coordinates":[[100.50725,15.90125],[100.50662,15.89942],[100.50491,15.89838],[100.50453,15.89671],[100.50327,15.89573],[100.50381,15.89477],[100.50204,15.89453],[100.50143,15.89323]]}},{"type":"Feature","properties":{"k":"canal","n":""},"geometry":{"type":"LineString","coordinates":[[100.52205,15.92731],[100.52113,15.92532],[100.51949,15.92539],[100.5202,15.9247],[100.51972,15.92328],[100.5205,15.92235],[100.5202,15.92178],[100.51805,15.9218],[100.5177,15.92109],[100.51484,15.92034],[100.51294,15.91912],[100.51262,15.91958],[100.51074,15.92003],[100.50921,15.91881]]}},{"type":"Feature","properties":{"k":"canal","n":""},"geometry":{"type":"LineString","coordinates":[[100.49378,15.87119],[100.49274,15.8727],[100.49314,15.87334],[100.4937,15.87325],[100.49381,15.87543],[100.49544,15.87546],[100.49633,15.87598],[100.49897,15.8804],[100.50065,15.88065],[100.50168,15.87989]]}},{"type":"Feature","properties":{"k":"canal","n":""},"geometry":{"type":"LineString","coordinates":[[100.64456,15.91892],[100.64481,15.91826],[100.64555,15.91797],[100.64517,15.91716],[100.64549,15.91658],[100.64762,15.91643]]}},{"type":"Feature","properties":{"k":"canal","n":""},"geometry":{"type":"LineString","coordinates":[[100.63911,15.92178],[100.63824,15.92427],[100.63716,15.92421],[100.63662,15.9249],[100.63531,15.92521]]}},{"type":"Feature","properties":{"k":"canal","n":""},"geometry":{"type":"LineString","coordinates":[[100.64451,15.91908],[100.64409,15.92007],[100.64247,15.92085]]}},{"type":"Feature","properties":{"k":"canal","n":""},"geometry":{"type":"LineString","coordinates":[[100.59377,15.90006],[100.59344,15.90122],[100.59242,15.90167]]}},{"type":"Feature","properties":{"k":"canal","n":""},"geometry":{"type":"LineString","coordinates":[[100.57916,15.90883],[100.58164,15.9082],[100.58335,15.90678],[100.58676,15.90536],[100.58969,15.90483],[100.59082,15.90367],[100.59092,15.90246],[100.59181,15.90151],[100.59219,15.90165]]}},{"type":"Feature","properties":{"k":"canal","n":""},"geometry":{"type":"LineString","coordinates":[[100.60185,15.89674],[100.6004,15.89745],[100.59909,15.89704],[100.59791,15.89767],[100.59711,15.89755],[100.59635,15.89851],[100.59468,15.8988],[100.59392,15.90001]]}},{"type":"Feature","properties":{"k":"canal","n":""},"geometry":{"type":"LineString","coordinates":[[100.60195,15.89668],[100.6036,15.89589],[100.60524,15.89609],[100.60627,15.89504]]}},{"type":"Feature","properties":{"k":"canal","n":""},"geometry":{"type":"LineString","coordinates":[[100.67283,15.80617],[100.67341,15.80696],[100.67307,15.80991]]}},{"type":"Feature","properties":{"k":"canal","n":""},"geometry":{"type":"LineString","coordinates":[[100.60024,15.80825],[100.60114,15.80765],[100.60201,15.80805],[100.60229,15.80731],[100.60281,15.80742]]}},{"type":"Feature","properties":{"k":"canal","n":""},"geometry":{"type":"LineString","coordinates":[[100.60417,15.80748],[100.60506,15.80678],[100.60444,15.80635],[100.6056,15.80599]]}},{"type":"Feature","properties":{"k":"canal","n":""},"geometry":{"type":"LineString","coordinates":[[100.60301,15.80744],[100.60353,15.80712],[100.60401,15.80813],[100.6045,15.80814],[100.60414,15.80762]]}},{"type":"Feature","properties":{"k":"canal","n":""},"geometry":{"type":"LineString","coordinates":[[100.59561,15.80763],[100.59529,15.80667],[100.59709,15.80655]]}},{"type":"Feature","properties":{"k":"canal","n":""},"geometry":{"type":"LineString","coordinates":[[100.59729,15.80673],[100.59771,15.80697],[100.59767,15.80804],[100.5995,15.80709],[100.59897,15.80829],[100.59976,15.80807]]}},{"type":"Feature","properties":{"k":"canal","n":""},"geometry":{"type":"LineString","coordinates":[[100.60576,15.80597],[100.60577,15.80653],[100.60635,15.80606],[100.60678,15.80651],[100.60743,15.80588]]}},{"type":"Feature","properties":{"k":"canal","n":""},"geometry":{"type":"LineString","coordinates":[[100.59371,15.8075],[100.59356,15.80654],[100.59398,15.80625],[100.59278,15.80507],[100.59255,15.80419]]}},{"type":"Feature","properties":{"k":"canal","n":""},"geometry":{"type":"LineString","coordinates":[[100.57637,15.80516],[100.57598,15.8045],[100.57722,15.80479],[100.57803,15.80427],[100.57784,15.80504],[100.5785,15.80463],[100.57901,15.80488],[100.57837,15.8054]]}},{"type":"Feature","properties":{"k":"canal","n":""},"geometry":{"type":"LineString","coordinates":[[100.57845,15.80561],[100.57886,15.80595],[100.57927,15.805],[100.5801,15.80581],[100.57983,15.80518],[100.58026,15.80495],[100.5812,15.80613],[100.58113,15.80543],[100.58205,15.80528],[100.58125,15.80496],[100.58206,15.80491],[100.58189,15.8042],[100.58253,15.80455],[100.58265,15.80405],[100.58326,15.80429],[100.58344,15.8034],[100.58465,15.80277],[100.58487,15.80379],[100.58576,15.80376],[100.58654,15.80304]]}},{"type":"Feature","properties":{"k":"canal","n":""},"geometry":{"type":"LineString","coordinates":[[100.59244,15.80407],[100.59156,15.80334],[100.59082,15.80428]]}},{"type":"Feature","properties":{"k":"canal","n":""},"geometry":{"type":"LineString","coordinates":[[100.5868,15.80308],[100.58736,15.80453],[100.58794,15.80415],[100.5886,15.8046],[100.58873,15.80396],[100.5893,15.80435]]}},{"type":"Feature","properties":{"k":"canal","n":""},"geometry":{"type":"LineString","coordinates":[[100.58939,15.80453],[100.58984,15.80455],[100.58973,15.80371],[100.59054,15.80433]]}},{"type":"Feature","properties":{"k":"canal","n":""},"geometry":{"type":"LineString","coordinates":[[100.60765,15.80583],[100.60905,15.80548],[100.60841,15.80689],[100.60988,15.80738],[100.61027,15.80823],[100.60997,15.80887],[100.61059,15.80855],[100.6105,15.80918],[100.61185,15.80954]]}},{"type":"Feature","properties":{"k":"canal","n":""},"geometry":{"type":"LineString","coordinates":[[100.6729,15.81288],[100.67191,15.81273],[100.67304,15.81006]]}},{"type":"Feature","properties":{"k":"canal","n":""},"geometry":{"type":"LineString","coordinates":[[100.67712,15.81406],[100.67575,15.81455],[100.67478,15.81334],[100.67312,15.81291]]}},{"type":"Feature","properties":{"k":"canal","n":""},"geometry":{"type":"LineString","coordinates":[[100.68684,15.81536],[100.68846,15.81566],[100.68878,15.8163],[100.68965,15.81585],[100.69122,15.81695]]}},{"type":"Feature","properties":{"k":"canal","n":""},"geometry":{"type":"LineString","coordinates":[[100.68201,15.81573],[100.68365,15.8166],[100.68403,15.81595],[100.68666,15.8155]]}},{"type":"Feature","properties":{"k":"canal","n":""},"geometry":{"type":"LineString","coordinates":[[100.67734,15.81401],[100.67877,15.81461],[100.68067,15.81467],[100.68179,15.81564]]}},{"type":"Feature","properties":{"k":"canal","n":""},"geometry":{"type":"LineString","coordinates":[[100.51921,15.59405],[100.51641,15.58887],[100.51526,15.58776],[100.51384,15.58697],[100.51027,15.58617],[100.50904,15.58631],[100.50832,15.58707]]}},{"type":"Feature","properties":{"k":"drain","n":""},"geometry":{"type":"LineString","coordinates":[[100.50907,15.91867],[100.50921,15.91881]]}},{"type":"Feature","properties":{"k":"canal","n":""},"geometry":{"type":"LineString","coordinates":[[100.46556,15.56235],[100.46573,15.56342],[100.46511,15.56386],[100.4664,15.56538]]}},{"type":"Feature","properties":{"k":"canal","n":""},"geometry":{"type":"LineString","coordinates":[[100.46639,15.56566],[100.4672,15.56678]]}},{"type":"Feature","properties":{"k":"canal","n":""},"geometry":{"type":"LineString","coordinates":[[100.46735,15.56708],[100.46739,15.56782]]}},{"type":"Feature","properties":{"k":"canal","n":""},"geometry":{"type":"LineString","coordinates":[[100.46751,15.56798],[100.4683,15.56835]]}},{"type":"Feature","properties":{"k":"canal","n":""},"geometry":{"type":"LineString","coordinates":[[100.46843,15.56852],[100.46857,15.56955],[100.46931,15.57017]]}},{"type":"Feature","properties":{"k":"canal","n":""},"geometry":{"type":"LineString","coordinates":[[100.4696,15.57027],[100.47045,15.57182]]}},{"type":"Feature","properties":{"k":"canal","n":""},"geometry":{"type":"LineString","coordinates":[[100.42886,15.5992],[100.42871,15.59865],[100.42642,15.59907]]}},{"type":"Feature","properties":{"k":"canal","n":""},"geometry":{"type":"LineString","coordinates":[[100.42897,15.59977],[100.42949,15.60228]]}},{"type":"Feature","properties":{"k":"canal","n":""},"geometry":{"type":"LineString","coordinates":[[100.61107,15.64688],[100.61091,15.64831]]}},{"type":"Feature","properties":{"k":"canal","n":""},"geometry":{"type":"LineString","coordinates":[[100.61103,15.64852],[100.61167,15.64978]]}},{"type":"Feature","properties":{"k":"canal","n":""},"geometry":{"type":"LineString","coordinates":[[100.61184,15.64986],[100.61286,15.65057]]}},{"type":"Feature","properties":{"k":"canal","n":""},"geometry":{"type":"LineString","coordinates":[[100.61285,15.65085],[100.61418,15.6516]]}},{"type":"Feature","properties":{"k":"canal","n":""},"geometry":{"type":"LineString","coordinates":[[100.61439,15.65175],[100.61568,15.65209]]}},{"type":"Feature","properties":{"k":"canal","n":""},"geometry":{"type":"LineString","coordinates":[[100.61588,15.65204],[100.61685,15.65344],[100.6175,15.65353]]}},{"type":"Feature","properties":{"k":"canal","n":""},"geometry":{"type":"LineString","coordinates":[[100.61764,15.65349],[100.61867,15.6543],[100.61969,15.6542],[100.62029,15.65492]]}},{"type":"Feature","properties":{"k":"canal","n":""},"geometry":{"type":"LineString","coordinates":[[100.62939,15.65955],[100.62948,15.65887],[100.63091,15.65872],[100.63125,15.65773]]}},{"type":"Feature","properties":{"k":"canal","n":""},"geometry":{"type":"LineString","coordinates":[[100.63119,15.65762],[100.63041,15.65408],[100.63016,15.64938]]}},{"type":"Feature","properties":{"k":"canal","n":""},"geometry":{"type":"LineString","coordinates":[[100.62035,15.65521],[100.62067,15.65674],[100.62175,15.65744],[100.62715,15.65949]]}},{"type":"Feature","properties":{"k":"canal","n":""},"geometry":{"type":"LineString","coordinates":[[100.62737,15.65956],[100.62939,15.65955]]}},{"type":"Feature","properties":{"k":"canal","n":""},"geometry":{"type":"LineString","coordinates":[[100.62939,15.65955],[100.62976,15.6601],[100.63119,15.66]]}},{"type":"Feature","properties":{"k":"canal","n":""},"geometry":{"type":"LineString","coordinates":[[100.60709,15.64964],[100.60735,15.64851],[100.60653,15.6484],[100.60613,15.64908],[100.60578,15.64855],[100.60509,15.64891]]}},{"type":"Feature","properties":{"k":"canal","n":""},"geometry":{"type":"LineString","coordinates":[[100.60549,15.64857],[100.60533,15.64635],[100.60459,15.64631],[100.60427,15.64491]]}},{"type":"Feature","properties":{"k":"canal","n":""},"geometry":{"type":"LineString","coordinates":[[100.56191,15.63871],[100.56121,15.63889],[100.55788,15.6374],[100.55724,15.63762]]}},{"type":"Feature","properties":{"k":"canal","n":""},"geometry":{"type":"LineString","coordinates":[[100.55707,15.63763],[100.5564,15.63741],[100.55522,15.63828]]}},{"type":"Feature","properties":{"k":"canal","n":""},"geometry":{"type":"LineString","coordinates":[[100.53275,15.64039],[100.53991,15.63876],[100.54056,15.63777],[100.54207,15.63715],[100.54382,15.6373],[100.54802,15.63616],[100.54975,15.63701],[100.54999,15.63601],[100.55172,15.63419]]}},{"type":"Feature","properties":{"k":"canal","n":""},"geometry":{"type":"LineString","coordinates":[[100.55198,15.63415],[100.55328,15.63356],[100.55619,15.63454],[100.55777,15.63373],[100.55916,15.63397],[100.56125,15.63312],[100.56145,15.63406],[100.56263,15.63451],[100.56354,15.63415],[100.5656,15.63518]]}},{"type":"Feature","properties":{"k":"canal","n":""},"geometry":{"type":"LineString","coordinates":[[100.86664,15.78802],[100.86786,15.78737],[100.86842,15.78582],[100.86804,15.78505]]}},{"type":"Feature","properties":{"k":"canal","n":""},"geometry":{"type":"LineString","coordinates":[[100.86806,15.78494],[100.86817,15.78069],[100.86855,15.78028],[100.8685,15.77917],[100.8678,15.77845],[100.86886,15.77703],[100.86881,15.77634],[100.8679,15.77656],[100.86726,15.77593],[100.86777,15.77498],[100.86695,15.77401],[100.86736,15.77354],[100.86715,15.77259],[100.86658,15.77255],[100.86699,15.77196],[100.86689,15.77038],[100.86565,15.77007],[100.86567,15.76823],[100.86487,15.76827],[100.86339,15.76736],[100.86435,15.7668],[100.86417,15.76459],[100.86544,15.76251],[100.86551,15.76058],[100.86757,15.75991],[100.86746,15.75828],[100.86632,15.75523],[100.86492,15.75474],[100.86425,15.75381],[100.86468,15.7529],[100.86211,15.74983],[100.86084,15.74947],[100.86102,15.74808],[100.86045,15.74848]]}},{"type":"Feature","properties":{"k":"canal","n":""},"geometry":{"type":"LineString","coordinates":[[100.86804,15.78505],[100.86806,15.78494]]}},{"type":"Feature","properties":{"k":"canal","n":""},"geometry":{"type":"LineString","coordinates":[[100.8673,15.78949],[100.86829,15.79022],[100.86885,15.79176],[100.87055,15.79381]]}},{"type":"Feature","properties":{"k":"canal","n":""},"geometry":{"type":"LineString","coordinates":[[100.8042,15.72286],[100.80459,15.72221],[100.80398,15.72189],[100.8043,15.72107],[100.80465,15.72146],[100.80577,15.72134],[100.80599,15.7203],[100.80659,15.72145],[100.80746,15.72089]]}},{"type":"Feature","properties":{"k":"canal","n":""},"geometry":{"type":"LineString","coordinates":[[100.80794,15.72049],[100.80773,15.72111],[100.80841,15.7213],[100.80967,15.71956]]}},{"type":"Feature","properties":{"k":"canal","n":""},"geometry":{"type":"LineString","coordinates":[[100.81,15.71963],[100.81151,15.71718],[100.81161,15.71614],[100.8126,15.71584],[100.8124,15.71526],[100.81321,15.71459]]}},{"type":"Feature","properties":{"k":"canal","n":""},"geometry":{"type":"LineString","coordinates":[[100.8134,15.71455],[100.81437,15.71391],[100.815,15.71272],[100.81555,15.71379],[100.81703,15.71482],[100.81758,15.71497],[100.81732,15.71366],[100.81857,15.71398]]}},{"type":"Feature","properties":{"k":"canal","n":""},"geometry":{"type":"LineString","coordinates":[[100.81857,15.71398],[100.81838,15.71323],[100.82033,15.71174]]}},{"type":"Feature","properties":{"k":"canal","n":""},"geometry":{"type":"LineString","coordinates":[[100.82052,15.71191],[100.82132,15.71195],[100.82155,15.71119],[100.8226,15.7122],[100.82367,15.71136],[100.8234,15.71054],[100.82382,15.71027],[100.82397,15.71176],[100.82454,15.71169],[100.82519,15.7102],[100.82669,15.71026],[100.82837,15.7086],[100.82878,15.70907],[100.82933,15.70855],[100.82992,15.70893],[100.82999,15.70839]]}},{"type":"Feature","properties":{"k":"canal","n":""},"geometry":{"type":"LineString","coordinates":[[100.82999,15.70839],[100.83206,15.7074],[100.83374,15.70872],[100.83248,15.70905],[100.83295,15.70951],[100.83249,15.71003],[100.83327,15.71039],[100.8339,15.70988],[100.83683,15.70956]]}},{"type":"Feature","properties":{"k":"canal","n":""},"geometry":{"type":"LineString","coordinates":[[100.81356,15.71241],[100.81405,15.71113],[100.81503,15.71158]]}},{"type":"Feature","properties":{"k":"canal","n":""},"geometry":{"type":"LineString","coordinates":[[100.81473,15.71326],[100.81195,15.71179]]}},{"type":"Feature","properties":{"k":"canal","n":""},"geometry":{"type":"LineString","coordinates":[[100.81185,15.71174],[100.81106,15.71132]]}},{"type":"Feature","properties":{"k":"canal","n":""},"geometry":{"type":"LineString","coordinates":[[100.81195,15.71179],[100.81185,15.71174]]}},{"type":"Feature","properties":{"k":"canal","n":""},"geometry":{"type":"LineString","coordinates":[[100.807,15.70931],[100.80529,15.70889],[100.79995,15.70936]]}},{"type":"Feature","properties":{"k":"canal","n":""},"geometry":{"type":"LineString","coordinates":[[100.68129,15.63298],[100.68174,15.633],[100.68219,15.63184]]}},{"type":"Feature","properties":{"k":"canal","n":""},"geometry":{"type":"LineString","coordinates":[[100.68122,15.63284],[100.67851,15.63347]]}},{"type":"Feature","properties":{"k":"canal","n":""},"geometry":{"type":"LineString","coordinates":[[100.67823,15.63356],[100.67537,15.63489],[100.67246,15.63526]]}},{"type":"Feature","properties":{"k":"canal","n":""},"geometry":{"type":"LineString","coordinates":[[100.68103,15.63276],[100.67887,15.63262],[100.6777,15.63305]]}},{"type":"Feature","properties":{"k":"canal","n":""},"geometry":{"type":"LineString","coordinates":[[100.67758,15.63307],[100.67644,15.63252],[100.67477,15.63297]]}},{"type":"Feature","properties":{"k":"canal","n":""},"geometry":{"type":"LineString","coordinates":[[100.67069,15.63241],[100.67137,15.63202]]}},{"type":"Feature","properties":{"k":"canal","n":""},"geometry":{"type":"LineString","coordinates":[[100.67179,15.63196],[100.67467,15.6326]]}},{"type":"Feature","properties":{"k":"canal","n":""},"geometry":{"type":"LineString","coordinates":[[100.66711,15.6293],[100.67085,15.63259],[100.67182,15.63506]]}},{"type":"Feature","properties":{"k":"canal","n":""},"geometry":{"type":"LineString","coordinates":[[100.67201,15.6352],[100.67312,15.63615],[100.67418,15.6385]]}},{"type":"Feature","properties":{"k":"canal","n":""},"geometry":{"type":"LineString","coordinates":[[100.67431,15.63868],[100.67603,15.64398],[100.67697,15.64462]]}},{"type":"Feature","properties":{"k":"canal","n":""},"geometry":{"type":"LineString","coordinates":[[100.67714,15.64468],[100.67997,15.64518]]}},{"type":"Feature","properties":{"k":"canal","n":""},"geometry":{"type":"LineString","coordinates":[[100.68034,15.64528],[100.68236,15.64491]]}},{"type":"Feature","properties":{"k":"canal","n":""},"geometry":{"type":"LineString","coordinates":[[100.68022,15.64526],[100.68368,15.6505]]}},{"type":"Feature","properties":{"k":"canal","n":""},"geometry":{"type":"LineString","coordinates":[[100.79968,15.70937],[100.79631,15.70932]]}},{"type":"Feature","properties":{"k":"canal","n":""},"geometry":{"type":"LineString","coordinates":[[100.79561,15.7093],[100.79321,15.70878]]}},{"type":"Feature","properties":{"k":"canal","n":""},"geometry":{"type":"LineString","coordinates":[[100.7928,15.70866],[100.7919,15.70836]]}},{"type":"Feature","properties":{"k":"canal","n":""},"geometry":{"type":"LineString","coordinates":[[100.79159,15.70827],[100.78972,15.7078]]}},{"type":"Feature","properties":{"k":"canal","n":""},"geometry":{"type":"LineString","coordinates":[[100.78945,15.70773],[100.78354,15.70668]]}},{"type":"Feature","properties":{"k":"canal","n":""},"geometry":{"type":"LineString","coordinates":[[100.78325,15.70664],[100.7783,15.70543]]}},{"type":"Feature","properties":{"k":"canal","n":""},"geometry":{"type":"LineString","coordinates":[[100.77806,15.70533],[100.7738,15.70314]]}},{"type":"Feature","properties":{"k":"canal","n":""},"geometry":{"type":"LineString","coordinates":[[100.77323,15.70261],[100.76905,15.69916],[100.76356,15.69599]]}},{"type":"Feature","properties":{"k":"canal","n":""},"geometry":{"type":"LineString","coordinates":[[100.75149,15.68742],[100.74827,15.68415],[100.74248,15.68237]]}},{"type":"Feature","properties":{"k":"canal","n":""},"geometry":{"type":"LineString","coordinates":[[100.75158,15.68751],[100.75149,15.68742]]}},{"type":"Feature","properties":{"k":"canal","n":""},"geometry":{"type":"LineString","coordinates":[[100.76348,15.69592],[100.76084,15.69373],[100.75514,15.69063],[100.75158,15.68751]]}},{"type":"Feature","properties":{"k":"canal","n":""},"geometry":{"type":"LineString","coordinates":[[100.76356,15.69599],[100.76348,15.69592]]}},{"type":"Feature","properties":{"k":"canal","n":""},"geometry":{"type":"LineString","coordinates":[[100.64434,15.66369],[100.64596,15.66267],[100.64856,15.66325],[100.65156,15.66247],[100.65365,15.66282],[100.65465,15.66178],[100.65405,15.65997],[100.65519,15.65907],[100.65783,15.65817]]}},{"type":"Feature","properties":{"k":"canal","n":""},"geometry":{"type":"LineString","coordinates":[[100.65818,15.65787],[100.6608,15.65785],[100.6623,15.65601],[100.66566,15.65546],[100.66619,15.65463]]}},{"type":"Feature","properties":{"k":"canal","n":""},"geometry":{"type":"LineString","coordinates":[[100.66632,15.65439],[100.66694,15.65397]]}},{"type":"Feature","properties":{"k":"canal","n":""},"geometry":{"type":"LineString","coordinates":[[100.65234,15.66725],[100.65088,15.66756],[100.64982,15.66837],[100.64765,15.66848],[100.64569,15.66623],[100.64279,15.6657],[100.64063,15.66584],[100.63988,15.66507]]}},{"type":"Feature","properties":{"k":"canal","n":""},"geometry":{"type":"LineString","coordinates":[[100.63984,15.66477],[100.63784,15.66332],[100.63408,15.66276]]}},{"type":"Feature","properties":{"k":"canal","n":""},"geometry":{"type":"LineString","coordinates":[[100.61652,15.52607],[100.61716,15.52905],[100.61614,15.53015],[100.61611,15.53107],[100.615,15.53167]]}},{"type":"Feature","properties":{"k":"canal","n":""},"geometry":{"type":"LineString","coordinates":[[100.61641,15.5259],[100.61652,15.52607]]}},{"type":"Feature","properties":{"k":"canal","n":""},"geometry":{"type":"LineString","coordinates":[[100.61866,15.5213],[100.61792,15.52335],[100.61716,15.5237],[100.61645,15.52502],[100.61641,15.5259]]}},{"type":"Feature","properties":{"k":"canal","n":""},"geometry":{"type":"LineString","coordinates":[[100.61884,15.5213],[100.61866,15.5213]]}},{"type":"Feature","properties":{"k":"canal","n":""},"geometry":{"type":"LineString","coordinates":[[100.62621,15.5146],[100.62096,15.51874],[100.62014,15.51869],[100.61884,15.5213]]}},{"type":"Feature","properties":{"k":"canal","n":""},"geometry":{"type":"LineString","coordinates":[[100.62638,15.51447],[100.62621,15.5146]]}},{"type":"Feature","properties":{"k":"canal","n":""},"geometry":{"type":"LineString","coordinates":[[100.63804,15.5066],[100.63104,15.51254],[100.62638,15.51447]]}},{"type":"Feature","properties":{"k":"canal","n":""},"geometry":{"type":"LineString","coordinates":[[100.63818,15.50649],[100.63804,15.5066]]}},{"type":"Feature","properties":{"k":"canal","n":""},"geometry":{"type":"LineString","coordinates":[[100.65456,15.48566],[100.65157,15.48465],[100.65041,15.48536],[100.65021,15.48614],[100.64969,15.48604],[100.65005,15.48686],[100.64927,15.48774],[100.6497,15.48801],[100.64901,15.48814],[100.64853,15.48948],[100.64799,15.48905],[100.64632,15.48995]]}},{"type":"Feature","properties":{"k":"drain","n":""},"geometry":{"type":"LineString","coordinates":[[100.33695,15.99662],[100.33324,15.99313],[100.32716,15.99072],[100.32577,15.99083],[100.32297,15.99239],[100.32147,15.99215],[100.32056,15.99142],[100.31888,15.98882],[100.31853,15.98723],[100.32066,15.98069],[100.32117,15.97375],[100.32062,15.97182],[100.31949,15.97081],[100.31494,15.96899],[100.31275,15.96635],[100.3122,15.96491],[100.31262,15.96094],[100.31149,15.95714],[100.31079,15.95642],[100.30858,15.95602],[100.30214,15.95669]]}},{"type":"Feature","properties":{"k":"drain","n":""},"geometry":{"type":"LineString","coordinates":[[100.30214,15.95669],[100.30201,15.95671]]}},{"type":"Feature","properties":{"k":"canal","n":""},"geometry":{"type":"LineString","coordinates":[[100.79234,15.48581],[100.78965,15.48822],[100.78989,15.48873]]}},{"type":"Feature","properties":{"k":"canal","n":""},"geometry":{"type":"LineString","coordinates":[[100.78989,15.48873],[100.79028,15.48927]]}},{"type":"Feature","properties":{"k":"canal","n":""},"geometry":{"type":"LineString","coordinates":[[100.54234,15.94734],[100.54221,15.94815],[100.5437,15.94874],[100.54314,15.95051],[100.54595,15.9508],[100.54694,15.95202],[100.5499,15.95229],[100.55234,15.95375]]}},{"type":"Feature","properties":{"k":"canal","n":""},"geometry":{"type":"LineString","coordinates":[[99.54199,16.4345],[99.54321,16.43499],[99.5438,16.437],[99.54715,16.43762],[99.54889,16.44195],[99.5522,16.44282],[99.55382,16.44214],[99.55656,16.44187],[99.55758,16.44298],[99.55701,16.44486],[99.55864,16.44737],[99.56154,16.44816],[99.56236,16.45051],[99.56454,16.45084],[99.56642,16.44954],[99.56718,16.4497],[99.56959,16.45232],[99.56831,16.45537],[99.56898,16.45659],[99.5701,16.45715],[99.57242,16.45669],[99.57281,16.4572],[99.57151,16.46],[99.57157,16.46091],[99.57377,16.46077],[99.57501,16.46006],[99.57688,16.46146],[99.57749,16.46131],[99.57814,16.46025],[99.58065,16.46001],[99.58172,16.46058],[99.58261,16.45943],[99.58543,16.46039],[99.58656,16.45896],[99.58881,16.45787],[99.58879,16.45655],[99.59087,16.45556],[99.59138,16.45477],[99.5935,16.45666],[99.59442,16.4564],[99.59467,16.45537],[99.59357,16.45377],[99.59378,16.45299],[99.59585,16.45287],[99.59651,16.45176],[99.59751,16.45123],[99.59911,16.45296],[99.60008,16.45325],[99.60069,16.45265],[99.60103,16.45048],[99.60484,16.45053],[99.60714,16.44688],[99.60644,16.44442],[99.60665,16.44377],[99.60999,16.44306],[99.61145,16.44158],[99.61445,16.4412],[99.61663,16.44195],[99.61721,16.44132],[99.6183,16.44111],[99.62004,16.44305],[99.62232,16.44277],[99.62299,16.4442],[99.62366,16.44439],[99.62532,16.44303],[99.62691,16.44378],[99.63063,16.44148],[99.63511,16.44023],[99.63773,16.43885],[99.63913,16.43894]]}},{"type":"Feature","properties":{"k":"canal","n":""},"geometry":{"type":"LineString","coordinates":[[99.62109,16.42985],[99.62104,16.42766],[99.62906,16.42628],[99.63255,16.42237],[99.64171,16.41821]]}},{"type":"Feature","properties":{"k":"drain","n":""},"geometry":{"type":"LineString","coordinates":[[99.58115,16.45262],[99.57562,16.44849],[99.57141,16.44643]]}},{"type":"Feature","properties":{"k":"canal","n":"คลองท่าส้ม"},"geometry":{"type":"LineString","coordinates":[[99.39826,16.23637],[99.40011,16.23568],[99.40145,16.23614],[99.4023,16.23523],[99.40662,16.23434],[99.40845,16.23248],[99.40975,16.23301],[99.4118,16.23249],[99.4122,16.23316],[99.41294,16.23325],[99.41383,16.23225],[99.41476,16.23246],[99.41691,16.23072],[99.41784,16.22879],[99.41954,16.22818],[99.42011,16.22842],[99.42028,16.22919],[99.42142,16.2289],[99.42197,16.22945],[99.42311,16.22884],[99.42457,16.2265],[99.42526,16.22643],[99.42627,16.22526],[99.42729,16.22507],[99.42723,16.22336],[99.42858,16.22267],[99.42834,16.22213],[99.42906,16.22131],[99.42836,16.2196],[99.42558,16.21593],[99.42513,16.21312],[99.42367,16.21212],[99.4223,16.20985],[99.42253,16.20813],[99.42161,16.20587],[99.42164,16.205],[99.42319,16.20401],[99.42202,16.20028],[99.42279,16.19949],[99.42269,16.19841],[99.42311,16.1979],[99.42473,16.19808],[99.42616,16.19761],[99.42623,16.19683],[99.4282,16.1963],[99.42965,16.19365],[99.43355,16.19193],[99.43399,16.19101],[99.43468,16.1912],[99.43465,16.19048],[99.4358,16.1896],[99.43906,16.18926],[99.43982,16.18859],[99.43955,16.18791],[99.44035,16.18847],[99.44088,16.18783],[99.44158,16.18896],[99.44323,16.18899],[99.4449,16.18843],[99.44509,16.18798],[99.44697,16.18896],[99.44702,16.18834],[99.4486,16.18856],[99.44998,16.18789],[99.45027,16.18845],[99.45123,16.18749],[99.45199,16.1879],[99.45272,16.18723],[99.45367,16.18727],[99.45364,16.18671],[99.45437,16.1867],[99.45389,16.1862],[99.45432,16.18552],[99.45394,16.18501],[99.45589,16.1842],[99.45631,16.18447],[99.45821,16.1838],[99.46127,16.18418],[99.46487,16.18343],[99.46717,16.18409],[99.46805,16.18303],[99.47012,16.18244],[99.47037,16.18162],[99.47187,16.18126],[99.47198,16.1807],[99.47322,16.18015],[99.47345,16.17967],[99.47276,16.17958],[99.47291,16.17891],[99.47487,16.17776],[99.47519,16.17706],[99.47735,16.17633],[99.47717,16.17585],[99.47791,16.17527],[99.47796,16.17412],[99.48165,16.17244],[99.48223,16.17066],[99.48148,16.17016],[99.48159,16.1695],[99.48337,16.16731]]}},{"type":"Feature","properties":{"k":"canal","n":""},"geometry":{"type":"LineString","coordinates":[[99.62651,16.44387],[99.62664,16.44631],[99.62843,16.44905],[99.6269,16.4512]]}},{"type":"Feature","properties":{"k":"canal","n":""},"geometry":{"type":"LineString","coordinates":[[99.48504,16.42784],[99.48773,16.42776],[99.48987,16.42587],[99.49136,16.42678],[99.49226,16.42597],[99.49508,16.425],[99.4985,16.42505],[99.50324,16.42076],[99.5036,16.41961],[99.50332,16.41769],[99.50456,16.4167],[99.50597,16.41407],[99.50744,16.41303],[99.51036,16.41299],[99.51172,16.41215]]}},{"type":"Feature","properties":{"k":"canal","n":""},"geometry":{"type":"LineString","coordinates":[[99.33281,16.11746],[99.33439,16.11745],[99.33519,16.11682],[99.33992,16.11709],[99.34181,16.1153],[99.34857,16.11274],[99.35249,16.10964],[99.35586,16.10826],[99.35716,16.10957],[99.36111,16.1072],[99.36552,16.10577],[99.36588,16.10369],[99.3671,16.10244],[99.36701,16.10177]]}},{"type":"Feature","properties":{"k":"drain","n":""},"geometry":{"type":"LineString","coordinates":[[99.55804,16.43959],[99.55041,16.43813],[99.54574,16.43664]]}},{"type":"Feature","properties":{"k":"drain","n":""},"geometry":{"type":"LineString","coordinates":[[99.55813,16.43962],[99.55804,16.43959]]}},{"type":"Feature","properties":{"k":"drain","n":""},"geometry":{"type":"LineString","coordinates":[[99.56108,16.44052],[99.55813,16.43962]]}},{"type":"Feature","properties":{"k":"drain","n":""},"geometry":{"type":"LineString","coordinates":[[99.5612,16.44056],[99.56108,16.44052]]}},{"type":"Feature","properties":{"k":"drain","n":""},"geometry":{"type":"LineString","coordinates":[[99.57131,16.44637],[99.56811,16.44489],[99.56495,16.44242],[99.5612,16.44056]]}},{"type":"Feature","properties":{"k":"drain","n":""},"geometry":{"type":"LineString","coordinates":[[99.57141,16.44643],[99.57131,16.44637]]}},{"type":"Feature","properties":{"k":"canal","n":""},"geometry":{"type":"LineString","coordinates":[[99.6204,16.2304],[99.62059,16.23629],[99.61993,16.23817],[99.61871,16.23982]]}},{"type":"Feature","properties":{"k":"canal","n":""},"geometry":{"type":"LineString","coordinates":[[99.61865,16.23989],[99.61886,16.24008]]}},{"type":"Feature","properties":{"k":"canal","n":""},"geometry":{"type":"LineString","coordinates":[[99.61871,16.23982],[99.61865,16.23989]]}},{"type":"Feature","properties":{"k":"canal","n":""},"geometry":{"type":"LineString","coordinates":[[99.61976,16.21687],[99.61979,16.2174]]}},{"type":"Feature","properties":{"k":"canal","n":""},"geometry":{"type":"LineString","coordinates":[[99.61979,16.2174],[99.61982,16.21758]]}},{"type":"Feature","properties":{"k":"canal","n":""},"geometry":{"type":"LineString","coordinates":[[99.61982,16.21758],[99.61982,16.21882]]}},{"type":"Feature","properties":{"k":"canal","n":""},"geometry":{"type":"LineString","coordinates":[[99.61982,16.21882],[99.61982,16.21892]]}},{"type":"Feature","properties":{"k":"canal","n":""},"geometry":{"type":"LineString","coordinates":[[99.61982,16.21892],[99.61993,16.22113]]}},{"type":"Feature","properties":{"k":"canal","n":""},"geometry":{"type":"LineString","coordinates":[[99.61993,16.22113],[99.61994,16.22123]]}},{"type":"Feature","properties":{"k":"canal","n":""},"geometry":{"type":"LineString","coordinates":[[99.61994,16.22123],[99.61998,16.22251]]}},{"type":"Feature","properties":{"k":"canal","n":""},"geometry":{"type":"LineString","coordinates":[[99.61998,16.22251],[99.61998,16.22261]]}},{"type":"Feature","properties":{"k":"canal","n":""},"geometry":{"type":"LineString","coordinates":[[99.61998,16.22261],[99.6204,16.23031]]}},{"type":"Feature","properties":{"k":"canal","n":""},"geometry":{"type":"LineString","coordinates":[[99.6204,16.23031],[99.6204,16.2304]]}},{"type":"Feature","properties":{"k":"canal","n":""},"geometry":{"type":"LineString","coordinates":[[99.44223,16.24234],[99.4414,16.24488],[99.43895,16.24401],[99.43668,16.24388],[99.43495,16.24439],[99.43413,16.24402],[99.43295,16.23904],[99.43297,16.23638],[99.43368,16.23517],[99.43212,16.2313],[99.43241,16.2298],[99.43069,16.22919],[99.43055,16.22843],[99.42729,16.22507]]}},{"type":"Feature","properties":{"k":"canal","n":"คลองท่าส้ม"},"geometry":{"type":"LineString","coordinates":[[99.37718,16.24564],[99.37884,16.24325],[99.3809,16.24216],[99.38352,16.24221],[99.38478,16.24303],[99.3862,16.24305],[99.3923,16.23667],[99.39445,16.23686],[99.39544,16.23651],[99.39578,16.23556],[99.39668,16.23546],[99.39781,16.23619]]}},{"type":"Feature","properties":{"k":"canal","n":"คลองท่าส้ม"},"geometry":{"type":"LineString","coordinates":[[99.39781,16.23619],[99.39788,16.23628]]}},{"type":"Feature","properties":{"k":"canal","n":"คลองท่าส้ม"},"geometry":{"type":"LineString","coordinates":[[99.39788,16.23628],[99.39818,16.23645]]}},{"type":"Feature","properties":{"k":"canal","n":"คลองท่าส้ม"},"geometry":{"type":"LineString","coordinates":[[99.39818,16.23645],[99.39826,16.23637]]}},{"type":"Feature","properties":{"k":"canal","n":""},"geometry":{"type":"LineString","coordinates":[[99.42116,16.44817],[99.42064,16.44704],[99.42141,16.44674],[99.42335,16.44287],[99.42475,16.44281],[99.42529,16.44367],[99.42652,16.44395],[99.42678,16.44445]]}},{"type":"Feature","properties":{"k":"canal","n":""},"geometry":{"type":"LineString","coordinates":[[99.42692,16.44445],[99.42954,16.44544],[99.43055,16.44528],[99.43078,16.44583]]}},{"type":"Feature","properties":{"k":"canal","n":""},"geometry":{"type":"LineString","coordinates":[[99.42678,16.44445],[99.42692,16.44445]]}},{"type":"Feature","properties":{"k":"canal","n":""},"geometry":{"type":"LineString","coordinates":[[99.42122,16.44864],[99.42117,16.44826]]}},{"type":"Feature","properties":{"k":"canal","n":""},"geometry":{"type":"LineString","coordinates":[[99.42117,16.44826],[99.42116,16.44817]]}},{"type":"Feature","properties":{"k":"canal","n":""},"geometry":{"type":"LineString","coordinates":[[99.61395,16.19708],[99.61625,16.19564],[99.61866,16.19526],[99.61824,16.19724],[99.62022,16.1974],[99.61986,16.19815],[99.62126,16.1994],[99.62104,16.20064],[99.62203,16.20012],[99.62379,16.20124],[99.62467,16.20076],[99.62438,16.19979],[99.62545,16.19848]]}},{"type":"Feature","properties":{"k":"canal","n":""},"geometry":{"type":"LineString","coordinates":[[99.61377,16.19738],[99.61392,16.19716]]}},{"type":"Feature","properties":{"k":"canal","n":""},"geometry":{"type":"LineString","coordinates":[[99.61392,16.19716],[99.61395,16.19708]]}},{"type":"Feature","properties":{"k":"canal","n":""},"geometry":{"type":"LineString","coordinates":[[99.62554,16.19845],[99.62648,16.19776],[99.62751,16.19866],[99.62808,16.1974],[99.62965,16.19822],[99.63043,16.19963],[99.63129,16.19905],[99.6321,16.20073],[99.63371,16.20065],[99.63358,16.20134],[99.63478,16.20159],[99.63502,16.20216],[99.63613,16.20211],[99.63598,16.2039],[99.63554,16.20402],[99.63672,16.20615],[99.63705,16.20544],[99.63767,16.20536],[99.63744,16.20595],[99.63809,16.20628],[99.63815,16.20731],[99.63945,16.20813],[99.64063,16.20811],[99.64081,16.20892],[99.64154,16.20874],[99.6418,16.2095],[99.64257,16.2093],[99.64265,16.20869],[99.6448,16.2088],[99.64489,16.21006],[99.64419,16.21059],[99.64522,16.2137],[99.64606,16.2134],[99.648,16.21455],[99.64856,16.21681],[99.65032,16.21647],[99.65117,16.21719]]}},{"type":"Feature","properties":{"k":"canal","n":""},"geometry":{"type":"LineString","coordinates":[[99.62545,16.19848],[99.62554,16.19845]]}},{"type":"Feature","properties":{"k":"canal","n":""},"geometry":{"type":"LineString","coordinates":[[99.63677,16.19858],[99.63687,16.1979],[99.63978,16.19649],[99.63977,16.19297],[99.64319,16.19278]]}},{"type":"Feature","properties":{"k":"canal","n":""},"geometry":{"type":"LineString","coordinates":[[99.63371,16.20065],[99.63386,16.2006]]}},{"type":"Feature","properties":{"k":"canal","n":""},"geometry":{"type":"LineString","coordinates":[[99.63386,16.2006],[99.63393,16.20054]]}},{"type":"Feature","properties":{"k":"canal","n":""},"geometry":{"type":"LineString","coordinates":[[99.63393,16.20054],[99.63668,16.19861]]}},{"type":"Feature","properties":{"k":"canal","n":""},"geometry":{"type":"LineString","coordinates":[[99.63668,16.19861],[99.63677,16.19858]]}},{"type":"Feature","properties":{"k":"canal","n":""},"geometry":{"type":"LineString","coordinates":[[99.64329,16.19275],[99.64346,16.19268]]}},{"type":"Feature","properties":{"k":"canal","n":""},"geometry":{"type":"LineString","coordinates":[[99.64319,16.19278],[99.64329,16.19275]]}},{"type":"Feature","properties":{"k":"canal","n":""},"geometry":{"type":"LineString","coordinates":[[99.62635,16.20739],[99.62749,16.20734],[99.62857,16.20835],[99.62969,16.20845],[99.63039,16.2101],[99.6327,16.20991],[99.63435,16.21392],[99.63458,16.21843]]}},{"type":"Feature","properties":{"k":"canal","n":""},"geometry":{"type":"LineString","coordinates":[[99.62379,16.20124],[99.62461,16.20313],[99.62377,16.20431],[99.62495,16.20539],[99.6244,16.20679],[99.62536,16.20762],[99.62564,16.20715],[99.62626,16.20739]]}},{"type":"Feature","properties":{"k":"canal","n":""},"geometry":{"type":"LineString","coordinates":[[99.62626,16.20739],[99.62635,16.20739]]}},{"type":"Feature","properties":{"k":"canal","n":""},"geometry":{"type":"LineString","coordinates":[[99.63458,16.21854],[99.63409,16.22042],[99.63565,16.22084]]}},{"type":"Feature","properties":{"k":"canal","n":""},"geometry":{"type":"LineString","coordinates":[[99.63458,16.21843],[99.63458,16.21854]]}},{"type":"Feature","properties":{"k":"canal","n":""},"geometry":{"type":"LineString","coordinates":[[99.57016,16.33245],[99.57169,16.3325],[99.57285,16.33081]]}},{"type":"Feature","properties":{"k":"canal","n":"คลองท่าส้ม"},"geometry":{"type":"LineString","coordinates":[[99.49872,16.14694],[99.49948,16.14667],[99.50179,16.14719],[99.50563,16.14622],[99.5079,16.14503],[99.50833,16.14545],[99.50879,16.14499],[99.50924,16.14523],[99.50949,16.14665],[99.50991,16.14641],[99.51129,16.14739],[99.51202,16.14936],[99.51272,16.14915],[99.51341,16.15],[99.51403,16.14982],[99.51421,16.15061],[99.51676,16.15169],[99.51891,16.15125],[99.52077,16.15005],[99.52098,16.15071],[99.52353,16.15005],[99.52487,16.15013],[99.52604,16.1508],[99.52689,16.15064],[99.5272,16.15142],[99.52781,16.15093]]}},{"type":"Feature","properties":{"k":"canal","n":"คลองท่าส้ม"},"geometry":{"type":"LineString","coordinates":[[99.49865,16.147],[99.49872,16.14694]]}},{"type":"Feature","properties":{"k":"canal","n":"คลองท่าส้ม"},"geometry":{"type":"LineString","coordinates":[[99.52785,16.15081],[99.52822,16.1508]]}},{"type":"Feature","properties":{"k":"canal","n":"คลองท่าส้ม"},"geometry":{"type":"LineString","coordinates":[[99.52781,16.15093],[99.52785,16.15081]]}},{"type":"Feature","properties":{"k":"canal","n":"คลองท่าส้ม"},"geometry":{"type":"LineString","coordinates":[[99.5283,16.15083],[99.52843,16.15087]]}},{"type":"Feature","properties":{"k":"canal","n":"คลองท่าส้ม"},"geometry":{"type":"LineString","coordinates":[[99.52822,16.1508],[99.5283,16.15083]]}},{"type":"Feature","properties":{"k":"ditch","n":""},"geometry":{"type":"LineString","coordinates":[[99.45447,16.09347],[99.46178,16.09471]]}},{"type":"Feature","properties":{"k":"ditch","n":""},"geometry":{"type":"LineString","coordinates":[[99.43992,16.09059],[99.44105,16.09099]]}},{"type":"Feature","properties":{"k":"ditch","n":""},"geometry":{"type":"LineString","coordinates":[[99.44105,16.09099],[99.44116,16.09103]]}},{"type":"Feature","properties":{"k":"ditch","n":""},"geometry":{"type":"LineString","coordinates":[[99.44116,16.09103],[99.44185,16.09127]]}},{"type":"Feature","properties":{"k":"ditch","n":""},"geometry":{"type":"LineString","coordinates":[[99.44185,16.09127],[99.44194,16.0913]]}},{"type":"Feature","properties":{"k":"ditch","n":""},"geometry":{"type":"LineString","coordinates":[[99.44253,16.09147],[99.44354,16.09167]]}},{"type":"Feature","properties":{"k":"ditch","n":""},"geometry":{"type":"LineString","coordinates":[[99.44439,16.09182],[99.4445,16.09184]]}},{"type":"Feature","properties":{"k":"ditch","n":""},"geometry":{"type":"LineString","coordinates":[[99.4445,16.09184],[99.4462,16.09212]]}},{"type":"Feature","properties":{"k":"ditch","n":""},"geometry":{"type":"LineString","coordinates":[[99.4462,16.09212],[99.4463,16.09214]]}},{"type":"Feature","properties":{"k":"ditch","n":""},"geometry":{"type":"LineString","coordinates":[[99.4463,16.09214],[99.44755,16.09234]]}},{"type":"Feature","properties":{"k":"ditch","n":""},"geometry":{"type":"LineString","coordinates":[[99.44755,16.09234],[99.44764,16.09235]]}},{"type":"Feature","properties":{"k":"ditch","n":""},"geometry":{"type":"LineString","coordinates":[[99.44764,16.09235],[99.44832,16.09246]]}},{"type":"Feature","properties":{"k":"ditch","n":""},"geometry":{"type":"LineString","coordinates":[[99.44909,16.09259],[99.44918,16.0926]]}},{"type":"Feature","properties":{"k":"ditch","n":""},"geometry":{"type":"LineString","coordinates":[[99.44918,16.0926],[99.44952,16.09266]]}},{"type":"Feature","properties":{"k":"ditch","n":""},"geometry":{"type":"LineString","coordinates":[[99.44952,16.09266],[99.44962,16.09268]]}},{"type":"Feature","properties":{"k":"ditch","n":""},"geometry":{"type":"LineString","coordinates":[[99.45039,16.0928],[99.45279,16.09319]]}},{"type":"Feature","properties":{"k":"ditch","n":""},"geometry":{"type":"LineString","coordinates":[[99.45279,16.09319],[99.45289,16.09321]]}},{"type":"Feature","properties":{"k":"ditch","n":""},"geometry":{"type":"LineString","coordinates":[[99.46393,16.09505],[99.46567,16.09526],[99.46843,16.09457]]}},{"type":"Feature","properties":{"k":"ditch","n":""},"geometry":{"type":"LineString","coordinates":[[99.46382,16.09503],[99.46393,16.09505]]}},{"type":"Feature","properties":{"k":"ditch","n":""},"geometry":{"type":"LineString","coordinates":[[99.43479,16.07274],[99.43655,16.07199]]}},{"type":"Feature","properties":{"k":"ditch","n":""},"geometry":{"type":"LineString","coordinates":[[99.4181,16.07032],[99.41868,16.07037]]}},{"type":"Feature","properties":{"k":"ditch","n":""},"geometry":{"type":"LineString","coordinates":[[99.41868,16.07037],[99.41875,16.07038]]}},{"type":"Feature","properties":{"k":"ditch","n":""},"geometry":{"type":"LineString","coordinates":[[99.41875,16.07038],[99.42575,16.07155]]}},{"type":"Feature","properties":{"k":"ditch","n":""},"geometry":{"type":"LineString","coordinates":[[99.427,16.07161],[99.42711,16.07161]]}},{"type":"Feature","properties":{"k":"ditch","n":""},"geometry":{"type":"LineString","coordinates":[[99.42711,16.07161],[99.42968,16.07169]]}},{"type":"Feature","properties":{"k":"ditch","n":""},"geometry":{"type":"LineString","coordinates":[[99.42968,16.07169],[99.42978,16.0717]]}},{"type":"Feature","properties":{"k":"ditch","n":""},"geometry":{"type":"LineString","coordinates":[[99.42978,16.0717],[99.43311,16.07217]]}},{"type":"Feature","properties":{"k":"ditch","n":""},"geometry":{"type":"LineString","coordinates":[[99.43311,16.07217],[99.43319,16.07222]]}},{"type":"Feature","properties":{"k":"ditch","n":""},"geometry":{"type":"LineString","coordinates":[[99.43319,16.07222],[99.43469,16.07274]]}},{"type":"Feature","properties":{"k":"ditch","n":""},"geometry":{"type":"LineString","coordinates":[[99.43469,16.07274],[99.43479,16.07274]]}},{"type":"Feature","properties":{"k":"ditch","n":""},"geometry":{"type":"LineString","coordinates":[[99.42586,16.07155],[99.427,16.07161]]}},{"type":"Feature","properties":{"k":"ditch","n":""},"geometry":{"type":"LineString","coordinates":[[99.42575,16.07155],[99.42586,16.07155]]}},{"type":"Feature","properties":{"k":"canal","n":""},"geometry":{"type":"LineString","coordinates":[[99.58357,16.15864],[99.58468,16.15944],[99.58613,16.15967],[99.60163,16.15749]]}},{"type":"Feature","properties":{"k":"canal","n":""},"geometry":{"type":"LineString","coordinates":[[99.58295,16.15811],[99.5835,16.15858]]}},{"type":"Feature","properties":{"k":"canal","n":""},"geometry":{"type":"LineString","coordinates":[[99.5835,16.15858],[99.58357,16.15864]]}},{"type":"Feature","properties":{"k":"drain","n":""},"geometry":{"type":"LineString","coordinates":[[99.60846,16.15639],[99.61378,16.15661],[99.61726,16.15768],[99.61979,16.15957],[99.6218,16.15988],[99.62529,16.16173],[99.63056,16.16283],[99.63296,16.16465],[99.63714,16.16634],[99.64119,16.1692],[99.64267,16.16963]]}},{"type":"Feature","properties":{"k":"drain","n":""},"geometry":{"type":"LineString","coordinates":[[99.60492,16.15748],[99.60835,16.15643]]}},{"type":"Feature","properties":{"k":"drain","n":""},"geometry":{"type":"LineString","coordinates":[[99.60835,16.15643],[99.60846,16.15639]]}},{"type":"Feature","properties":{"k":"drain","n":""},"geometry":{"type":"LineString","coordinates":[[99.64276,16.16963],[99.64443,16.16993],[99.64691,16.17211],[99.65467,16.17462]]}},{"type":"Feature","properties":{"k":"drain","n":""},"geometry":{"type":"LineString","coordinates":[[99.64267,16.16963],[99.64276,16.16963]]}},{"type":"Feature","properties":{"k":"canal","n":"คลองท่าส้ม"},"geometry":{"type":"LineString","coordinates":[[99.48345,16.16727],[99.48427,16.16672],[99.48501,16.16689],[99.48483,16.16578],[99.48614,16.164],[99.48592,16.16368],[99.4873,16.1631],[99.4869,16.16259],[99.48757,16.16132],[99.4875,16.15992],[99.48868,16.15956],[99.48896,16.15798],[99.49026,16.15816],[99.4907,16.15703],[99.49136,16.15694],[99.49185,16.15635],[99.49137,16.15522],[99.49179,16.15455],[99.49362,16.15315],[99.49583,16.1492],[99.49732,16.14838],[99.49788,16.14721],[99.49865,16.147]]}},{"type":"Feature","properties":{"k":"canal","n":"คลองท่าส้ม"},"geometry":{"type":"LineString","coordinates":[[99.48337,16.16731],[99.48345,16.16727]]}},{"type":"Feature","properties":{"k":"ditch","n":""},"geometry":{"type":"LineString","coordinates":[[99.44364,16.09169],[99.44439,16.09182]]}},{"type":"Feature","properties":{"k":"ditch","n":""},"geometry":{"type":"LineString","coordinates":[[99.44354,16.09167],[99.44364,16.09169]]}},{"type":"Feature","properties":{"k":"ditch","n":""},"geometry":{"type":"LineString","coordinates":[[99.44194,16.0913],[99.44243,16.09145]]}},{"type":"Feature","properties":{"k":"ditch","n":""},"geometry":{"type":"LineString","coordinates":[[99.44243,16.09145],[99.44253,16.09147]]}},{"type":"Feature","properties":{"k":"ditch","n":""},"geometry":{"type":"LineString","coordinates":[[99.44842,16.09248],[99.44909,16.09259]]}},{"type":"Feature","properties":{"k":"ditch","n":""},"geometry":{"type":"LineString","coordinates":[[99.44832,16.09246],[99.44842,16.09248]]}},{"type":"Feature","properties":{"k":"ditch","n":""},"geometry":{"type":"LineString","coordinates":[[99.4918,16.44631],[99.4931,16.44832],[99.49539,16.45012]]}},{"type":"Feature","properties":{"k":"canal","n":""},"geometry":{"type":"LineString","coordinates":[[99.58127,16.12328],[99.58283,16.12338]]}},{"type":"Feature","properties":{"k":"drain","n":""},"geometry":{"type":"LineString","coordinates":[[99.55588,16.41259],[99.55272,16.41204]]}},{"type":"Feature","properties":{"k":"drain","n":""},"geometry":{"type":"LineString","coordinates":[[99.55262,16.412],[99.55105,16.41082]]}},{"type":"Feature","properties":{"k":"drain","n":""},"geometry":{"type":"LineString","coordinates":[[99.55272,16.41204],[99.55262,16.412]]}},{"type":"Feature","properties":{"k":"drain","n":""},"geometry":{"type":"LineString","coordinates":[[99.42301,16.35524],[99.42418,16.35731]]}},{"type":"Feature","properties":{"k":"drain","n":""},"geometry":{"type":"LineString","coordinates":[[99.42251,16.3544],[99.42295,16.35515]]}},{"type":"Feature","properties":{"k":"drain","n":""},"geometry":{"type":"LineString","coordinates":[[99.42295,16.35515],[99.42301,16.35524]]}},{"type":"Feature","properties":{"k":"drain","n":""},"geometry":{"type":"LineString","coordinates":[[99.36771,16.09158],[99.36829,16.09072]]}},{"type":"Feature","properties":{"k":"drain","n":""},"geometry":{"type":"LineString","coordinates":[[99.36643,16.09384],[99.36684,16.09292]]}},{"type":"Feature","properties":{"k":"drain","n":""},"geometry":{"type":"LineString","coordinates":[[99.36684,16.09292],[99.36688,16.09282]]}},{"type":"Feature","properties":{"k":"drain","n":""},"geometry":{"type":"LineString","coordinates":[[99.36688,16.09282],[99.36752,16.09152]]}},{"type":"Feature","properties":{"k":"drain","n":""},"geometry":{"type":"LineString","coordinates":[[99.36752,16.09152],[99.36771,16.09158]]}},{"type":"Feature","properties":{"k":"drain","n":""},"geometry":{"type":"LineString","coordinates":[[99.36861,16.09068],[99.36894,16.09084]]}},{"type":"Feature","properties":{"k":"drain","n":""},"geometry":{"type":"LineString","coordinates":[[99.36829,16.09072],[99.36861,16.09068]]}},{"type":"Feature","properties":{"k":"canal","n":""},"geometry":{"type":"LineString","coordinates":[[99.30217,16.11412],[99.30262,16.11634]]}},{"type":"Feature","properties":{"k":"drain","n":""},"geometry":{"type":"LineString","coordinates":[[99.3681,16.08995],[99.36747,16.09151]]}},{"type":"Feature","properties":{"k":"drain","n":""},"geometry":{"type":"LineString","coordinates":[[99.37046,16.0824],[99.36998,16.08476]]}},{"type":"Feature","properties":{"k":"drain","n":""},"geometry":{"type":"LineString","coordinates":[[99.3703,16.08191],[99.36969,16.08455]]}},{"type":"Feature","properties":{"k":"drain","n":""},"geometry":{"type":"LineString","coordinates":[[99.32129,16.16471],[99.32318,16.16258]]}},{"type":"Feature","properties":{"k":"drain","n":""},"geometry":{"type":"LineString","coordinates":[[99.32084,16.16649],[99.32124,16.16479]]}},{"type":"Feature","properties":{"k":"drain","n":""},"geometry":{"type":"LineString","coordinates":[[99.32124,16.16479],[99.32129,16.16471]]}},{"type":"Feature","properties":{"k":"ditch","n":""},"geometry":{"type":"LineString","coordinates":[[99.44962,16.09268],[99.44985,16.09271]]}},{"type":"Feature","properties":{"k":"ditch","n":""},"geometry":{"type":"LineString","coordinates":[[99.44985,16.09271],[99.44995,16.09273]]}},{"type":"Feature","properties":{"k":"ditch","n":""},"geometry":{"type":"LineString","coordinates":[[99.44995,16.09273],[99.45029,16.09278]]}},{"type":"Feature","properties":{"k":"ditch","n":""},"geometry":{"type":"LineString","coordinates":[[99.45029,16.09278],[99.45039,16.0928]]}},{"type":"Feature","properties":{"k":"ditch","n":""},"geometry":{"type":"LineString","coordinates":[[99.45289,16.09321],[99.45437,16.09345]]}},{"type":"Feature","properties":{"k":"ditch","n":""},"geometry":{"type":"LineString","coordinates":[[99.45437,16.09345],[99.45447,16.09347]]}},{"type":"Feature","properties":{"k":"ditch","n":""},"geometry":{"type":"LineString","coordinates":[[99.46188,16.09472],[99.46382,16.09503]]}},{"type":"Feature","properties":{"k":"ditch","n":""},"geometry":{"type":"LineString","coordinates":[[99.46178,16.09471],[99.46188,16.09472]]}},{"type":"Feature","properties":{"k":"ditch","n":""},"geometry":{"type":"LineString","coordinates":[[99.61958,16.21762],[99.62024,16.23059]]}},{"type":"Feature","properties":{"k":"ditch","n":""},"geometry":{"type":"LineString","coordinates":[[99.60719,16.20054],[99.61177,16.20445]]}},{"type":"Feature","properties":{"k":"ditch","n":""},"geometry":{"type":"LineString","coordinates":[[99.61177,16.20445],[99.61184,16.20453]]}},{"type":"Feature","properties":{"k":"ditch","n":""},"geometry":{"type":"LineString","coordinates":[[99.61184,16.20453],[99.61241,16.20521]]}},{"type":"Feature","properties":{"k":"ditch","n":""},"geometry":{"type":"LineString","coordinates":[[99.61241,16.20521],[99.61248,16.20529]]}},{"type":"Feature","properties":{"k":"ditch","n":""},"geometry":{"type":"LineString","coordinates":[[99.61248,16.20529],[99.61878,16.21265],[99.61942,16.21442],[99.61957,16.21739]]}},{"type":"Feature","properties":{"k":"ditch","n":""},"geometry":{"type":"LineString","coordinates":[[99.61957,16.21739],[99.61958,16.21762]]}},{"type":"Feature","properties":{"k":"ditch","n":""},"geometry":{"type":"LineString","coordinates":[[99.62029,16.23171],[99.62036,16.23633],[99.61961,16.2384],[99.61824,16.24002]]}},{"type":"Feature","properties":{"k":"ditch","n":""},"geometry":{"type":"LineString","coordinates":[[99.62024,16.23059],[99.62025,16.23068]]}},{"type":"Feature","properties":{"k":"ditch","n":""},"geometry":{"type":"LineString","coordinates":[[99.62025,16.23068],[99.62028,16.23143]]}},{"type":"Feature","properties":{"k":"ditch","n":""},"geometry":{"type":"LineString","coordinates":[[99.62028,16.23143],[99.62029,16.23171]]}},{"type":"Feature","properties":{"k":"ditch","n":""},"geometry":{"type":"LineString","coordinates":[[99.59545,16.26856],[99.58855,16.27546]]}},{"type":"Feature","properties":{"k":"ditch","n":""},"geometry":{"type":"LineString","coordinates":[[99.58696,16.27703],[99.58691,16.27708]]}},{"type":"Feature","properties":{"k":"ditch","n":""},"geometry":{"type":"LineString","coordinates":[[99.58703,16.27697],[99.58696,16.27703]]}},{"type":"Feature","properties":{"k":"ditch","n":""},"geometry":{"type":"LineString","coordinates":[[99.58848,16.27552],[99.58703,16.27697]]}},{"type":"Feature","properties":{"k":"ditch","n":""},"geometry":{"type":"LineString","coordinates":[[99.58855,16.27546],[99.58848,16.27552]]}},{"type":"Feature","properties":{"k":"ditch","n":""},"geometry":{"type":"LineString","coordinates":[[99.59698,16.26702],[99.59552,16.26849]]}},{"type":"Feature","properties":{"k":"ditch","n":""},"geometry":{"type":"LineString","coordinates":[[99.59552,16.26849],[99.59545,16.26856]]}},{"type":"Feature","properties":{"k":"canal","n":"คลองชลประทาน"},"geometry":{"type":"LineString","coordinates":[[100.32777,16.11183],[100.32668,16.11387],[100.3182,16.12447],[100.30552,16.13377],[100.30512,16.1358],[100.30829,16.14345],[100.30829,16.145],[100.2996,16.15706],[100.29164,16.16089],[100.29063,16.16301],[100.29089,16.16442],[100.29561,16.17336],[100.2961,16.17507],[100.29344,16.18158],[100.29245,16.19275],[100.2946,16.19982],[100.29482,16.20323],[100.29739,16.21332],[100.29861,16.2149],[100.30333,16.21643],[100.30469,16.21755],[100.30515,16.2195],[100.30338,16.22924],[100.30357,16.23042],[100.30468,16.23173],[100.31151,16.2351],[100.31246,16.23643],[100.31475,16.24218],[100.31432,16.24368],[100.31329,16.24463],[100.29767,16.25223],[100.29243,16.26251],[100.29194,16.26575],[100.294,16.27349],[100.29292,16.2786],[100.29323,16.28689],[100.29438,16.28886],[100.29629,16.28964],[100.30975,16.28947],[100.3114,16.28993],[100.31906,16.30003],[100.31918,16.30134],[100.31604,16.30728],[100.31583,16.30855],[100.31612,16.30986],[100.31833,16.31316],[100.31848,16.31411],[100.31116,16.32372],[100.31068,16.32592],[100.312,16.32844],[100.32159,16.33099],[100.32309,16.3321],[100.32375,16.33383],[100.31962,16.36291],[100.29702,16.36752],[100.29581,16.36872],[100.29589,16.36998],[100.3014,16.3758],[100.30717,16.39784],[100.30503,16.40923],[100.29822,16.41402],[100.2943,16.41911],[100.29249,16.42454],[100.31108,16.43623],[100.31926,16.44394],[100.32001,16.44502],[100.32013,16.44681],[100.31849,16.45131],[100.30462,16.45662],[100.29737,16.46584],[100.2858,16.47207],[100.28489,16.47297],[100.28409,16.47531],[100.28457,16.48245],[100.28412,16.48364],[100.2677,16.49536],[100.26687,16.4964],[100.26685,16.49765],[100.27117,16.50975],[100.26919,16.51664],[100.24954,16.52843],[100.2484,16.52917],[100.24795,16.53012],[100.2472,16.53479],[100.24959,16.54676],[100.24915,16.54775],[100.24439,16.55215],[100.2325,16.58161],[100.23314,16.58254],[100.24132,16.58804],[100.24237,16.58933],[100.24709,16.6077],[100.24705,16.60977],[100.24535,16.61522],[100.24702,16.62039]]}},{"type":"Feature","properties":{"k":"canal","n":""},"geometry":{"type":"LineString","coordinates":[[100.27243,15.98961],[100.27242,15.9972],[100.27795,16.00993],[100.27771,16.02267],[100.27876,16.0239],[100.28338,16.02498],[100.289,16.02796],[100.29038,16.02891],[100.29147,16.03047],[100.2921,16.03353],[100.28995,16.04225],[100.29255,16.04626],[100.29329,16.05206],[100.29414,16.05336],[100.30432,16.05783],[100.3159,16.06021],[100.31886,16.06275],[100.32767,16.05787],[100.33076,16.05765],[100.3369,16.05843],[100.3393,16.06044],[100.34498,16.07164],[100.34505,16.07317],[100.34189,16.07902],[100.3414,16.08163],[100.3421,16.0845],[100.3429,16.08546],[100.34749,16.08712],[100.3487,16.08808],[100.34906,16.08953],[100.34865,16.09475],[100.34721,16.09609],[100.34066,16.09811],[100.33918,16.09797],[100.33657,16.09641],[100.33482,16.09619],[100.32676,16.09991],[100.32603,16.1007],[100.32591,16.10179],[100.32782,16.10973],[100.32777,16.11183]]}},{"type":"Feature","properties":{"k":"canal","n":"คลองชลประทาน"},"geometry":{"type":"LineString","coordinates":[[100.26744,16.49503],[100.2518,16.47837],[100.25063,16.47531],[100.25092,16.47212],[100.25256,16.46932],[100.25402,16.46813],[100.26451,16.46586],[100.26814,16.4614],[100.27541,16.45629],[100.29027,16.45682],[100.29444,16.45532],[100.29564,16.45424],[100.29614,16.4529],[100.29635,16.44623],[100.29551,16.44236],[100.29391,16.43967],[100.2921,16.43804],[100.28515,16.43455],[100.28269,16.43],[100.28158,16.42484],[100.28205,16.4214],[100.28432,16.41885],[100.28477,16.41767],[100.2836,16.41339],[100.28426,16.41148],[100.28678,16.40811],[100.29488,16.40282],[100.29801,16.39875],[100.2985,16.39738],[100.29812,16.39289],[100.29333,16.38333],[100.29277,16.37886],[100.2898,16.37303],[100.28993,16.36992],[100.29124,16.36396],[100.29221,16.36286],[100.29489,16.36125],[100.31066,16.36061],[100.312,16.35945],[100.31232,16.35687],[100.31189,16.35538],[100.31109,16.35447],[100.3072,16.35219],[100.30305,16.35101],[100.302,16.35003],[100.30186,16.34588],[100.30551,16.33961],[100.30522,16.33786],[100.30364,16.33619],[100.30253,16.33579],[100.30088,16.336],[100.29527,16.34098],[100.29429,16.34132],[100.29144,16.34077],[100.28996,16.33882],[100.28989,16.33396],[100.29113,16.33198],[100.29632,16.32676],[100.30463,16.32403],[100.30771,16.32147],[100.30864,16.31022],[100.30759,16.30499],[100.30649,16.30337],[100.28955,16.29316],[100.28869,16.29136],[100.28632,16.28073],[100.28612,16.27573],[100.28436,16.27439],[100.27991,16.27361],[100.27855,16.27235],[100.27867,16.26656],[100.28662,16.26336],[100.28772,16.26199],[100.28692,16.25521],[100.28704,16.24881],[100.28906,16.24135],[100.29728,16.23495],[100.29868,16.23285],[100.29904,16.23148],[100.29871,16.2302],[100.29343,16.22273],[100.29218,16.22233],[100.28834,16.22275],[100.28576,16.22144],[100.27844,16.22067],[100.27697,16.21937],[100.27509,16.21499],[100.27508,16.21332],[100.27648,16.21082],[100.28555,16.2072],[100.28758,16.20486],[100.28792,16.20379],[100.28602,16.20017],[100.27942,16.19419],[100.28078,16.18397],[100.28048,16.18292],[100.27926,16.18201],[100.27363,16.18039],[100.27292,16.17961],[100.27342,16.16972],[100.27461,16.16441],[100.27981,16.16187],[100.28059,16.1606],[100.28006,16.15914],[100.27711,16.15802],[100.27635,16.15707],[100.27615,16.15353],[100.27684,16.1521],[100.28054,16.14975],[100.2818,16.14982],[100.28396,16.1509],[100.28575,16.15057],[100.29202,16.1434],[100.2977,16.14171],[100.29885,16.14049],[100.29903,16.13902],[100.29836,16.13754],[100.29184,16.13455],[100.29101,16.13363],[100.29088,16.1326],[100.29135,16.13145],[100.29258,16.13056],[100.3025,16.12854],[100.30389,16.12759],[100.30438,16.12638],[100.30417,16.12476],[100.30118,16.12072],[100.30069,16.1191],[100.30269,16.11449],[100.30561,16.11271],[100.30784,16.11254],[100.31405,16.11656],[100.31552,16.11685],[100.3173,16.11618],[100.32011,16.11345],[100.32086,16.11157],[100.32091,16.10825],[100.31851,16.10358],[100.31812,16.10194],[100.31887,16.09499],[100.32001,16.09351],[100.32657,16.08831],[100.3317,16.07695],[100.33138,16.07603],[100.32889,16.07325],[100.32722,16.07204],[100.31414,16.0687],[100.30991,16.06486],[100.29837,16.06046],[100.28958,16.05871],[100.28799,16.05796],[100.28704,16.0562],[100.28743,16.04567],[100.2859,16.03438],[100.28429,16.03293],[100.27729,16.03104],[100.27354,16.02659]]}},{"type":"Feature","properties":{"k":"canal","n":"คลองโนน"},"geometry":{"type":"LineString","coordinates":[[100.25119,16.50557],[100.25209,16.50527],[100.25221,16.50426],[100.25046,16.50284],[100.25017,16.50009],[100.25235,16.4979],[100.25019,16.49622],[100.25015,16.4957],[100.25076,16.49449],[100.25322,16.49269],[100.2539,16.49092],[100.25322,16.49016],[100.25076,16.49028],[100.24993,16.48982],[100.24964,16.4882],[100.25024,16.48551],[100.24951,16.48279],[100.2495,16.48059],[100.2467,16.47334],[100.24937,16.47118],[100.2506,16.46956],[100.2538,16.46735],[100.25487,16.46491],[100.25472,16.4611],[100.25629,16.45838],[100.25654,16.45645],[100.2562,16.45592],[100.25407,16.45519],[100.25426,16.45226],[100.25212,16.44944],[100.25352,16.44731],[100.25122,16.44366],[100.24915,16.44405],[100.24687,16.44289],[100.24433,16.44471],[100.24343,16.44326],[100.24365,16.44034],[100.24132,16.43845],[100.23997,16.43637],[100.23896,16.43638],[100.23802,16.43729],[100.23686,16.43699],[100.23062,16.43338],[100.22824,16.43364],[100.22651,16.43172],[100.22697,16.42976],[100.22775,16.42891],[100.22767,16.42791],[100.23037,16.4271],[100.23166,16.42596],[100.23166,16.42182],[100.23298,16.42084],[100.23533,16.41666],[100.23552,16.41286]]}},{"type":"Feature","properties":{"k":"drain","n":""},"geometry":{"type":"LineString","coordinates":[[100.25028,16.39745],[100.24689,16.40082],[100.24446,16.40962],[100.24371,16.41061],[100.24105,16.41219],[100.23869,16.41905],[100.23861,16.4208],[100.2401,16.42694],[100.23922,16.4322],[100.24033,16.4342],[100.25554,16.44512],[100.25805,16.4563],[100.25759,16.46001],[100.25544,16.46473],[100.25562,16.46766]]}},{"type":"Feature","properties":{"k":"drain","n":""},"geometry":{"type":"LineString","coordinates":[[100.05102,16.44352],[100.04784,16.44371],[100.04424,16.44288],[100.02403,16.44734],[100.02196,16.44736]]}},{"type":"Feature","properties":{"k":"drain","n":""},"geometry":{"type":"LineString","coordinates":[[100.02021,16.44677],[100.02029,16.44358],[100.01745,16.43868],[100.01821,16.43639],[100.01592,16.43538],[100.0132,16.43317]]}},{"type":"Feature","properties":{"k":"drain","n":""},"geometry":{"type":"LineString","coordinates":[[99.99239,16.4327],[99.99369,16.4343]]}},{"type":"Feature","properties":{"k":"drain","n":""},"geometry":{"type":"LineString","coordinates":[[100.01305,16.43303],[100.00512,16.43358],[99.99971,16.43237],[99.99529,16.43282],[99.9949,16.43373],[99.99301,16.43456],[99.99219,16.43615],[99.99082,16.43691]]}},{"type":"Feature","properties":{"k":"drain","n":""},"geometry":{"type":"LineString","coordinates":[[99.80943,16.17202],[99.81356,16.17108],[99.81417,16.16955],[99.81357,16.16895],[99.81441,16.16675],[99.81635,16.16607],[99.81592,16.16432]]}},{"type":"Feature","properties":{"k":"drain","n":""},"geometry":{"type":"LineString","coordinates":[[99.79954,16.17769],[99.80301,16.17612],[99.80342,16.17646],[99.80546,16.17591],[99.80893,16.17255]]}},{"type":"Feature","properties":{"k":"canal","n":""},"geometry":{"type":"LineString","coordinates":[[99.81592,16.16432],[99.81426,16.16339],[99.80738,16.16354],[99.80321,16.16218],[99.79716,16.1618]]}},{"type":"Feature","properties":{"k":"drain","n":""},"geometry":{"type":"LineString","coordinates":[[100.05878,15.98665],[100.06267,15.99107],[100.06425,15.99131],[100.06502,15.99254],[100.06649,15.99334]]}},{"type":"Feature","properties":{"k":"drain","n":""},"geometry":{"type":"LineString","coordinates":[[100.05413,15.97721],[100.05596,15.97532]]}},{"type":"Feature","properties":{"k":"drain","n":""},"geometry":{"type":"LineString","coordinates":[[100.05596,15.97532],[100.05724,15.9756],[100.05806,15.9771],[100.05978,15.97693],[100.06062,15.9776]]}},{"type":"Feature","properties":{"k":"drain","n":""},"geometry":{"type":"LineString","coordinates":[[99.75672,15.99448],[99.75882,15.99252],[99.75986,15.99037],[99.7598,15.98934],[99.76237,15.98741],[99.76316,15.98762],[99.76516,15.98365],[99.76624,15.98292],[99.76685,15.98315],[99.76801,15.98263],[99.77072,15.97775],[99.77052,15.97467],[99.77006,15.97417],[99.77211,15.97066]]}},{"type":"Feature","properties":{"k":"drain","n":""},"geometry":{"type":"LineString","coordinates":[[99.96488,16.05914],[99.9631,16.05992],[99.96049,16.06014],[99.95936,16.05961],[99.95808,16.05971],[99.95669,16.06095],[99.95472,16.06149],[99.95209,16.06125],[99.94973,16.06022],[99.94721,16.06209],[99.94413,16.06112],[99.94188,16.06135],[99.93958,16.06257],[99.93851,16.06251],[99.93447,16.06381],[99.93258,16.06499],[99.93157,16.06726],[99.93198,16.06895],[99.93161,16.07048],[99.92974,16.07217],[99.92856,16.0721],[99.92683,16.07095],[99.9242,16.06721],[99.90357,16.06196],[99.90195,16.06114],[99.90035,16.06357],[99.89877,16.06463]]}},{"type":"Feature","properties":{"k":"drain","n":""},"geometry":{"type":"LineString","coordinates":[[99.96848,16.10171],[99.96415,16.09398],[99.96053,16.08859],[99.94835,16.07612],[99.94328,16.07277],[99.93851,16.07132],[99.93383,16.06879],[99.93185,16.06949]]}},{"type":"Feature","properties":{"k":"drain","n":""},"geometry":{"type":"LineString","coordinates":[[99.77399,16.30261],[99.7716,16.30584],[99.77224,16.30848],[99.76919,16.31227],[99.77099,16.31493],[99.77023,16.31858],[99.7703,16.32171],[99.76873,16.32469],[99.76773,16.3293],[99.76647,16.33155],[99.76465,16.33228],[99.76192,16.33592],[99.7567,16.33867],[99.75566,16.34061],[99.7538,16.34263]]}},{"type":"Feature","properties":{"k":"drain","n":""},"geometry":{"type":"LineString","coordinates":[[99.69058,16.39699],[99.69281,16.39571],[99.69476,16.3936],[99.69372,16.39163]]}},{"type":"Feature","properties":{"k":"canal","n":""},"geometry":{"type":"LineString","coordinates":[[100.05647,16.32093],[100.05659,16.32016],[100.05778,16.31997],[100.05855,16.32049],[100.05974,16.32011],[100.06161,16.31812],[100.06216,16.31697],[100.06194,16.31495]]}},{"type":"Feature","properties":{"k":"canal","n":""},"geometry":{"type":"LineString","coordinates":[[99.70084,16.48019],[99.70208,16.47776],[99.70215,16.47486],[99.70715,16.4717],[99.71555,16.47181],[99.71638,16.47117],[99.72022,16.46587],[99.7204,16.46199],[99.72108,16.45966],[99.72251,16.45725],[99.72187,16.45474],[99.72192,16.45199],[99.72385,16.45023],[99.72498,16.4502],[99.72663,16.45136],[99.72845,16.45375],[99.73046,16.45409],[99.73411,16.45225],[99.73859,16.45284],[99.7411,16.45144],[99.74382,16.45085],[99.7478,16.44768],[99.75052,16.44724],[99.7568,16.45046],[99.7586,16.45249],[99.76065,16.45278],[99.76489,16.45114],[99.7659,16.4479],[99.76819,16.44635]]}},{"type":"Feature","properties":{"k":"canal","n":"คลองขวัญ"},"geometry":{"type":"LineString","coordinates":[[99.81826,16.16503],[99.82251,16.16327],[99.82302,16.16215],[99.82438,16.16122],[99.831,16.15794],[99.83073,16.15518],[99.83137,16.15335],[99.83266,16.15177],[99.83601,16.15164],[99.83858,16.15265],[99.84082,16.15099],[99.84113,16.14992],[99.84391,16.14677],[99.84452,16.14367],[99.84641,16.14131],[99.85007,16.14102],[99.85273,16.14284],[99.85381,16.14297],[99.85903,16.141],[99.86057,16.13954],[99.86106,16.13639],[99.86007,16.13328],[99.86047,16.13115],[99.85915,16.12989],[99.8581,16.12968],[99.85591,16.1301],[99.85251,16.12974],[99.85307,16.12793],[99.85469,16.127],[99.85507,16.12606],[99.8548,16.12493],[99.85378,16.12388],[99.85106,16.123],[99.85084,16.12078],[99.85326,16.11794],[99.85685,16.11587],[99.85861,16.11574],[99.86014,16.11338],[99.86062,16.11153],[99.86438,16.10974],[99.86557,16.10803],[99.86593,16.1062],[99.86665,16.10572],[99.86646,16.10284],[99.86814,16.10024],[99.87254,16.10001],[99.87288,16.09744],[99.87464,16.09558],[99.87449,16.09317],[99.87545,16.091],[99.87539,16.09011],[99.87439,16.08891],[99.87509,16.08537],[99.87577,16.08467],[99.87661,16.08478],[99.87822,16.08701],[99.88093,16.08647],[99.88154,16.08528],[99.8813,16.08293],[99.88328,16.08096],[99.88405,16.07743],[99.88676,16.07582],[99.8903,16.07645],[99.89145,16.07377],[99.89441,16.07303],[99.89498,16.0705],[99.89636,16.06843],[99.8965,16.06613],[99.89877,16.06463]]}},{"type":"Feature","properties":{"k":"canal","n":""},"geometry":{"type":"LineString","coordinates":[[99.9721,16.14521],[99.97215,16.14373],[99.97077,16.14242],[99.97107,16.14051],[99.9722,16.13942],[99.9725,16.13629],[99.97471,16.13378],[99.97559,16.13065],[99.97801,16.13024],[99.97779,16.12797],[99.97819,16.12681]]}},{"type":"Feature","properties":{"k":"canal","n":""},"geometry":{"type":"LineString","coordinates":[[99.74984,16.3164],[99.75187,16.31486],[99.75193,16.31382],[99.75255,16.31309],[99.7511,16.31043]]}},{"type":"Feature","properties":{"k":"canal","n":""},"geometry":{"type":"LineString","coordinates":[[100.12104,16.2148],[100.12279,16.2157],[100.12478,16.21554],[100.12571,16.21659],[100.12562,16.21777],[100.1263,16.21839]]}},{"type":"Feature","properties":{"k":"canal","n":""},"geometry":{"type":"LineString","coordinates":[[100.12678,16.2187],[100.12769,16.21871],[100.12853,16.21782],[100.13069,16.21268]]}},{"type":"Feature","properties":{"k":"canal","n":""},"geometry":{"type":"LineString","coordinates":[[100.1263,16.21839],[100.12678,16.2187]]}},{"type":"Feature","properties":{"k":"canal","n":""},"geometry":{"type":"LineString","coordinates":[[100.28595,16.11742],[100.2876,16.11649],[100.28821,16.11544],[100.28791,16.11085],[100.28723,16.11015],[100.28477,16.10977],[100.28349,16.10864],[100.28301,16.10486],[100.28167,16.1015],[100.28201,16.09441],[100.28452,16.09044],[100.28411,16.08918],[100.28253,16.08891],[100.28343,16.087]]}},{"type":"Feature","properties":{"k":"drain","n":""},"geometry":{"type":"LineString","coordinates":[[100.27244,15.98986],[100.28551,15.99036],[100.28883,15.98948],[100.28992,15.98874],[100.29366,15.98198],[100.29307,15.97374],[100.29171,15.97131],[100.28736,15.96897]]}},{"type":"Feature","properties":{"k":"canal","n":""},"geometry":{"type":"LineString","coordinates":[[100.26051,16.22583],[100.26124,16.22527],[100.26304,16.22529],[100.26521,16.22464],[100.26679,16.22481],[100.26686,16.22568],[100.26774,16.22607],[100.26952,16.22607],[100.27016,16.22447],[100.26979,16.22283],[100.27116,16.22208],[100.27127,16.22115]]}},{"type":"Feature","properties":{"k":"canal","n":""},"geometry":{"type":"LineString","coordinates":[[100.26124,16.22527],[100.26099,16.22461]]}},{"type":"Feature","properties":{"k":"canal","n":""},"geometry":{"type":"LineString","coordinates":[[100.20403,16.36954],[100.20606,16.36983],[100.20857,16.37209],[100.21033,16.37269],[100.21246,16.37216],[100.21413,16.36961]]}},{"type":"Feature","properties":{"k":"canal","n":""},"geometry":{"type":"LineString","coordinates":[[100.21517,16.36326],[100.21434,16.36349],[100.21353,16.36456],[100.21359,16.36691]]}},{"type":"Feature","properties":{"k":"canal","n":""},"geometry":{"type":"LineString","coordinates":[[100.20044,16.36968],[100.20304,16.37055],[100.20386,16.36967]]}},{"type":"Feature","properties":{"k":"canal","n":""},"geometry":{"type":"LineString","coordinates":[[100.22054,16.36275],[100.22207,16.35989]]}},{"type":"Feature","properties":{"k":"canal","n":""},"geometry":{"type":"LineString","coordinates":[[100.21561,16.36322],[100.21973,16.36358],[100.22034,16.36317]]}},{"type":"Feature","properties":{"k":"canal","n":""},"geometry":{"type":"LineString","coordinates":[[100.21375,16.36712],[100.21474,16.36869],[100.21458,16.36934]]}},{"type":"Feature","properties":{"k":"canal","n":""},"geometry":{"type":"LineString","coordinates":[[100.20006,16.36962],[100.19885,16.36892],[100.19806,16.36703]]}},{"type":"Feature","properties":{"k":"canal","n":""},"geometry":{"type":"LineString","coordinates":[[100.15082,16.35475],[100.15206,16.35595],[100.1534,16.35639],[100.15489,16.35528],[100.15607,16.3553]]}},{"type":"Feature","properties":{"k":"canal","n":""},"geometry":{"type":"LineString","coordinates":[[100.15644,16.35533],[100.15792,16.35506],[100.15934,16.35611],[100.16204,16.35669],[100.16292,16.35861],[100.16348,16.35884]]}},{"type":"Feature","properties":{"k":"canal","n":""},"geometry":{"type":"LineString","coordinates":[[100.05783,16.29363],[100.05875,16.29502],[100.06065,16.29562],[100.06119,16.2935],[100.06201,16.29259],[100.06191,16.29138]]}},{"type":"Feature","properties":{"k":"canal","n":"คลองยาง"},"geometry":{"type":"LineString","coordinates":[[100.08281,16.11129],[100.08384,16.11071],[100.0848,16.10927],[100.08768,16.10991],[100.0907,16.1091],[100.09236,16.10705],[100.09191,16.10532],[100.09249,16.10439],[100.0936,16.09921],[100.0956,16.09675],[100.09609,16.09432],[100.09837,16.09486],[100.09985,16.0944],[100.10053,16.09318],[100.1009,16.08927],[100.10684,16.08423],[100.10839,16.08371],[100.11029,16.08191],[100.11232,16.08122],[100.11333,16.0802],[100.11328,16.07942],[100.11123,16.07916],[100.11073,16.07797],[100.10922,16.07708],[100.10865,16.07602],[100.10945,16.07432],[100.11239,16.07327],[100.11225,16.07221],[100.11275,16.07099],[100.11173,16.06971],[100.11273,16.06659],[100.11403,16.06533],[100.11408,16.06358],[100.11621,16.06339],[100.1165,16.06298],[100.117,16.06161],[100.11635,16.06067],[100.11811,16.05879],[100.11782,16.05696],[100.11864,16.05376],[100.11754,16.05263],[100.11775,16.05107],[100.11643,16.04777],[100.11578,16.04749],[100.11553,16.04673],[100.11703,16.04608],[100.11909,16.0431],[100.12022,16.04233],[100.12172,16.0389],[100.12471,16.03805],[100.12645,16.03892],[100.12788,16.03772],[100.12751,16.03632],[100.12779,16.03563],[100.12944,16.03581],[100.13057,16.03501],[100.13149,16.03211],[100.13134,16.03098],[100.12959,16.02892],[100.12797,16.02908],[100.12739,16.0285],[100.12878,16.02416],[100.13002,16.02327],[100.12986,16.02144],[100.13092,16.02028],[100.13119,16.01806],[100.13444,16.01555],[100.13504,16.01312],[100.13777,16.01165],[100.13798,16.01038],[100.13752,16.00853],[100.14019,16.00481],[100.14085,16.00584],[100.14241,16.00602],[100.14332,16.00725],[100.14526,16.00786],[100.14646,16.00904],[100.14695,16.00772],[100.14837,16.00658],[100.1519,16.00597]]}},{"type":"Feature","properties":{"k":"drain","n":""},"geometry":{"type":"LineString","coordinates":[[99.77843,16.13123],[99.78138,16.13518],[99.78414,16.13536]]}},{"type":"Feature","properties":{"k":"drain","n":""},"geometry":{"type":"LineString","coordinates":[[99.7843,16.13534],[99.78559,16.13514]]}},{"type":"Feature","properties":{"k":"canal","n":""},"geometry":{"type":"LineString","coordinates":[[99.68592,16.26559],[99.68525,16.26895]]}},{"type":"Feature","properties":{"k":"canal","n":"คลองสะพาน"},"geometry":{"type":"LineString","coordinates":[[99.79706,16.38678],[99.79393,16.38421],[99.7931,16.38425],[99.79225,16.38649],[99.79272,16.39018],[99.79094,16.39099],[99.79009,16.39257],[99.78856,16.39262],[99.788,16.39429],[99.78845,16.3957],[99.78604,16.39802],[99.7859,16.39957],[99.78257,16.39812]]}},{"type":"Feature","properties":{"k":"canal","n":"คลองปลาร้า"},"geometry":{"type":"LineString","coordinates":[[99.83987,16.3316],[99.83713,16.33239],[99.83489,16.33575],[99.83532,16.33645],[99.83519,16.33946],[99.83581,16.34199],[99.83467,16.34494],[99.83484,16.34627],[99.83271,16.34689],[99.8298,16.34906],[99.82722,16.34849],[99.82553,16.349],[99.8259,16.34991],[99.82569,16.35125],[99.82715,16.35302],[99.82701,16.35374],[99.82519,16.35403],[99.82418,16.35523],[99.82176,16.35597],[99.8195,16.3583],[99.8184,16.35651],[99.81619,16.3573],[99.81565,16.35602],[99.81468,16.35557]]}},{"type":"Feature","properties":{"k":"canal","n":""},"geometry":{"type":"LineString","coordinates":[[99.73226,16.43903],[99.73327,16.43958],[99.73501,16.43835],[99.73726,16.43902],[99.73912,16.43779],[99.74014,16.43971],[99.74208,16.4395],[99.74308,16.43988],[99.74299,16.43854],[99.74191,16.43757],[99.74214,16.43687],[99.74479,16.437],[99.74543,16.43606],[99.74676,16.43603],[99.74748,16.43308],[99.7482,16.43295],[99.74927,16.43387],[99.74965,16.43371],[99.74927,16.43169],[99.74959,16.43098],[99.75062,16.43076],[99.75263,16.43199],[99.75328,16.43091],[99.75328,16.42952],[99.75498,16.42942],[99.75477,16.42808],[99.75303,16.42786],[99.75293,16.42728],[99.75381,16.42657],[99.75586,16.42686],[99.75594,16.42563],[99.75528,16.42378],[99.75707,16.42265],[99.75686,16.42083],[99.75858,16.42053],[99.76006,16.41941],[99.76165,16.42019],[99.76282,16.41946],[99.7656,16.4208],[99.76661,16.42041],[99.76624,16.41889],[99.76738,16.41756],[99.76752,16.41624],[99.76964,16.41598],[99.76972,16.41432],[99.7715,16.41452],[99.77208,16.41347],[99.77153,16.41276],[99.77017,16.41312],[99.76871,16.41184],[99.76749,16.41175],[99.76745,16.4108],[99.76812,16.40962],[99.76875,16.40909],[99.77107,16.40938],[99.77209,16.40742],[99.77339,16.40717],[99.77477,16.40583],[99.7767,16.40549],[99.77858,16.40334],[99.78106,16.40268],[99.7824,16.40096],[99.78248,16.39998],[99.78166,16.39869],[99.7824,16.39807]]}},{"type":"Feature","properties":{"k":"canal","n":"คลองไน"},"geometry":{"type":"LineString","coordinates":[[99.72662,16.43886],[99.72801,16.43761],[99.7285,16.43863],[99.72808,16.43995],[99.72869,16.44043],[99.72993,16.43971],[99.73029,16.43796],[99.73205,16.43875]]}},{"type":"Feature","properties":{"k":"canal","n":""},"geometry":{"type":"LineString","coordinates":[[99.85962,16.35395],[99.86091,16.35376],[99.86349,16.35449],[99.86395,16.35278],[99.86328,16.3512],[99.86149,16.34927],[99.86142,16.34855],[99.86259,16.34788],[99.86548,16.34896],[99.86619,16.34883],[99.86747,16.34697],[99.86748,16.34457]]}},{"type":"Feature","properties":{"k":"canal","n":""},"geometry":{"type":"LineString","coordinates":[[99.77985,16.42695],[99.77961,16.42498],[99.77767,16.42135],[99.77745,16.41961],[99.77841,16.4181],[99.78057,16.41686],[99.78276,16.41688],[99.78766,16.41909],[99.7894,16.42043],[99.79703,16.4192],[99.79907,16.41828],[99.80062,16.41832],[99.80484,16.41978],[99.80667,16.41898],[99.80796,16.41666],[99.81105,16.41639],[99.81491,16.41399],[99.81781,16.41389]]}},{"type":"Feature","properties":{"k":"canal","n":""},"geometry":{"type":"LineString","coordinates":[[99.84316,16.37772],[99.84818,16.37461],[99.84902,16.37226],[99.84859,16.37017],[99.84983,16.36872],[99.85356,16.36747],[99.85446,16.36673],[99.85453,16.36483],[99.85361,16.36332],[99.85415,16.36221],[99.85575,16.36098],[99.85582,16.36018],[99.85508,16.35924],[99.85531,16.3588],[99.85649,16.35807],[99.85863,16.35998],[99.8598,16.35943],[99.86073,16.35646],[99.8593,16.35495],[99.85962,16.35395]]}},{"type":"Feature","properties":{"k":"canal","n":""},"geometry":{"type":"LineString","coordinates":[[99.83351,16.39969],[99.8341,16.39733],[99.83605,16.39752],[99.83953,16.39693],[99.84079,16.39614],[99.8417,16.39388],[99.84323,16.39263],[99.84154,16.38904]]}},{"type":"Feature","properties":{"k":"canal","n":"คลองเจริญ"},"geometry":{"type":"LineString","coordinates":[[99.84147,16.38871],[99.83902,16.38426],[99.84109,16.38086],[99.84146,16.37913],[99.84316,16.37772]]}},{"type":"Feature","properties":{"k":"canal","n":""},"geometry":{"type":"LineString","coordinates":[[99.83337,16.39986],[99.83191,16.40244],[99.83103,16.40833],[99.82891,16.40999],[99.82866,16.41184],[99.82786,16.41292],[99.82716,16.41341],[99.82582,16.4133],[99.82446,16.41201],[99.82179,16.41195],[99.81801,16.41387]]}},{"type":"Feature","properties":{"k":"canal","n":""},"geometry":{"type":"LineString","coordinates":[[99.86745,16.34429],[99.8659,16.34093],[99.86514,16.33713]]}},{"type":"Feature","properties":{"k":"canal","n":"คลองตะกอง"},"geometry":{"type":"LineString","coordinates":[[99.86512,16.33703],[99.86192,16.33431],[99.86104,16.33291],[99.86,16.33024],[99.86118,16.32604],[99.85936,16.32443],[99.85699,16.31972],[99.85674,16.3167],[99.85628,16.31587],[99.85131,16.31157],[99.8486,16.30806],[99.84856,16.3046],[99.8495,16.30122],[99.84783,16.29532],[99.84634,16.29376],[99.84613,16.29295],[99.84738,16.29043],[99.84656,16.2883],[99.84627,16.2847],[99.84817,16.28038],[99.84389,16.27653],[99.84162,16.27398],[99.84057,16.27202]]}},{"type":"Feature","properties":{"k":"drain","n":""},"geometry":{"type":"LineString","coordinates":[[99.782,16.29829],[99.78065,16.29887],[99.77988,16.29998],[99.77721,16.30198],[99.7755,16.3022]]}},{"type":"Feature","properties":{"k":"canal","n":""},"geometry":{"type":"LineString","coordinates":[[99.91238,16.23243],[99.91237,16.23028],[99.91492,16.22968],[99.91612,16.22712],[99.91929,16.22566],[99.92095,16.22164],[99.92368,16.22197],[99.92451,16.22124],[99.92425,16.22059]]}},{"type":"Feature","properties":{"k":"drain","n":""},"geometry":{"type":"LineString","coordinates":[[99.96246,15.98122],[99.96308,15.98008],[99.96474,15.97993],[99.9659,15.97787],[99.96696,15.97718],[99.96962,15.97743],[99.97311,15.97634],[99.97585,15.97754]]}},{"type":"Feature","properties":{"k":"canal","n":""},"geometry":{"type":"LineString","coordinates":[[99.97854,16.08574],[99.97861,16.08306],[99.97997,16.08103]]}},{"type":"Feature","properties":{"k":"canal","n":""},"geometry":{"type":"LineString","coordinates":[[99.9803,16.08097],[99.98309,16.08175],[99.98359,16.08038]]}},{"type":"Feature","properties":{"k":"drain","n":""},"geometry":{"type":"LineString","coordinates":[[100.02174,16.05797],[100.02433,16.05737],[100.02442,16.05637],[100.02282,16.05382],[100.02278,16.05254],[100.0237,16.05111],[100.02534,16.05047],[100.02776,16.05076],[100.02876,16.04997],[100.03197,16.0495],[100.0329,16.04871],[100.03614,16.04747],[100.03868,16.04376],[100.04145,16.04157],[100.04333,16.04153],[100.04528,16.0425],[100.04634,16.04422]]}},{"type":"Feature","properties":{"k":"canal","n":""},"geometry":{"type":"LineString","coordinates":[[100.06839,16.00636],[100.06855,16.00822],[100.06779,16.00905],[100.0661,16.00826],[100.06337,16.00834],[100.06047,16.01048],[100.0578,16.01012],[100.05593,16.01135],[100.05357,16.01205],[100.04935,16.01142],[100.04513,16.01261],[100.04368,16.01162],[100.04351,16.00951],[100.04297,16.00875],[100.04352,16.00722],[100.04128,16.00612],[100.04087,16.0078],[100.03783,16.00912],[100.03737,16.01035],[100.03505,16.01204],[100.03448,16.01439],[100.0322,16.01626],[100.03224,16.01799],[100.03139,16.01953],[100.03079,16.02273],[100.03212,16.02487],[100.03128,16.02811]]}},{"type":"Feature","properties":{"k":"canal","n":""},"geometry":{"type":"LineString","coordinates":[[100.04464,16.0125],[100.0435,16.01271],[100.04317,16.01375],[100.04124,16.01541],[100.04094,16.01765],[100.04142,16.01931]]}},{"type":"Feature","properties":{"k":"drain","n":""},"geometry":{"type":"LineString","coordinates":[[100.04792,15.98465],[100.04944,15.98664],[100.0588,15.99505],[100.06388,16.00052]]}},{"type":"Feature","properties":{"k":"drain","n":""},"geometry":{"type":"LineString","coordinates":[[100.06404,16.00069],[100.0651,16.00287],[100.06743,16.00378]]}},{"type":"Feature","properties":{"k":"canal","n":""},"geometry":{"type":"LineString","coordinates":[[100.06082,16.07619],[100.06211,16.08132],[100.06337,16.08386]]}},{"type":"Feature","properties":{"k":"canal","n":"คลองหนองตางู"},"geometry":{"type":"LineString","coordinates":[[100.04792,16.12187],[100.05205,16.12139],[100.05566,16.1218],[100.05695,16.12241]]}},{"type":"Feature","properties":{"k":"canal","n":""},"geometry":{"type":"LineString","coordinates":[[100.05566,16.1218],[100.05586,16.1203],[100.05748,16.11708],[100.05922,16.11718],[100.06,16.11798],[100.06095,16.11787],[100.06304,16.11659],[100.06724,16.11207],[100.06876,16.11179],[100.06993,16.11223],[100.07153,16.11524],[100.07233,16.11553],[100.07357,16.11447],[100.07539,16.11478],[100.0772,16.11375],[100.07841,16.11391],[100.07991,16.11339],[100.08085,16.1127],[100.08124,16.11156],[100.08281,16.11129]]}},{"type":"Feature","properties":{"k":"canal","n":""},"geometry":{"type":"LineString","coordinates":[[100.0522,16.07724],[100.05678,16.07565],[100.0587,16.07597],[100.06033,16.07566],[100.06082,16.07619]]}},{"type":"Feature","properties":{"k":"drain","n":""},"geometry":{"type":"LineString","coordinates":[[100.07194,16.05983],[100.06086,16.06508],[100.0565,16.06783],[100.05012,16.07057],[100.04874,16.07073],[100.04703,16.07244]]}},{"type":"Feature","properties":{"k":"canal","n":""},"geometry":{"type":"LineString","coordinates":[[99.92424,16.22047],[99.9237,16.2186],[99.92391,16.21772],[99.92574,16.2164],[99.92738,16.21661],[99.92809,16.21557],[99.93013,16.21555],[99.93136,16.21612],[99.93189,16.21897],[99.93361,16.21743]]}},{"type":"Feature","properties":{"k":"canal","n":""},"geometry":{"type":"LineString","coordinates":[[99.92425,16.22059],[99.92424,16.22047]]}},{"type":"Feature","properties":{"k":"canal","n":""},"geometry":{"type":"LineString","coordinates":[[99.79335,16.38373],[99.79324,16.38414]]}},{"type":"Feature","properties":{"k":"canal","n":""},"geometry":{"type":"LineString","coordinates":[[99.81468,16.35557],[99.81381,16.35543],[99.8126,16.35694],[99.81082,16.35745],[99.80986,16.35923],[99.80771,16.36057],[99.80712,16.36238],[99.80607,16.36273],[99.80325,16.36543],[99.80285,16.36744],[99.80207,16.36805],[99.80003,16.37164],[99.79815,16.37311],[99.7978,16.37497],[99.7948,16.37553],[99.79422,16.37788],[99.79132,16.37904],[99.79351,16.38285],[99.79341,16.3835]]}},{"type":"Feature","properties":{"k":"canal","n":""},"geometry":{"type":"LineString","coordinates":[[99.79341,16.3835],[99.79335,16.38373]]}},{"type":"Feature","properties":{"k":"drain","n":""},"geometry":{"type":"LineString","coordinates":[[100.30823,16.3133],[100.30168,16.31236],[100.28719,16.3132]]}},{"type":"Feature","properties":{"k":"drain","n":""},"geometry":{"type":"LineString","coordinates":[[100.04688,16.07258],[100.04157,16.07648],[100.03362,16.07538],[100.02912,16.07656],[100.02534,16.07875],[100.02024,16.07993],[100.01741,16.08184],[100.0166,16.0829],[100.01421,16.08365],[100.01218,16.08514],[100.01191,16.08623],[100.00803,16.08631],[100.00649,16.08677],[100.00493,16.0897],[100.00263,16.09645],[100.00154,16.09871],[100.00072,16.09934]]}},{"type":"Feature","properties":{"k":"drain","n":""},"geometry":{"type":"LineString","coordinates":[[99.69624,16.38675],[99.69638,16.38663]]}},{"type":"Feature","properties":{"k":"drain","n":""},"geometry":{"type":"LineString","coordinates":[[99.69638,16.38663],[99.70336,16.37984],[99.71919,16.36693],[99.72841,16.35846],[99.73345,16.35679],[99.73684,16.35631],[99.73796,16.35477],[99.74127,16.35195],[99.74624,16.35174],[99.74971,16.35087],[99.75279,16.34285],[99.75912,16.34194],[99.763,16.34229]]}},{"type":"Feature","properties":{"k":"drain","n":""},"geometry":{"type":"LineString","coordinates":[[99.73205,16.43875],[99.73226,16.43903]]}},{"type":"Feature","properties":{"k":"drain","n":""},"geometry":{"type":"LineString","coordinates":[[99.81958,16.31714],[99.82017,16.3189],[99.82003,16.32039]]}},{"type":"Feature","properties":{"k":"canal","n":""},"geometry":{"type":"LineString","coordinates":[[99.81958,16.31714],[99.81923,16.31424],[99.82007,16.31296],[99.82039,16.30987],[99.81967,16.30882],[99.81932,16.30576],[99.82083,16.30416],[99.82271,16.30407]]}},{"type":"Feature","properties":{"k":"drain","n":""},"geometry":{"type":"LineString","coordinates":[[100.29301,16.01641],[100.29148,16.01586]]}},{"type":"Feature","properties":{"k":"drain","n":""},"geometry":{"type":"LineString","coordinates":[[100.2823,16.02448],[100.28226,16.02469]]}},{"type":"Feature","properties":{"k":"drain","n":""},"geometry":{"type":"LineString","coordinates":[[100.29134,16.01583],[100.28896,16.01639],[100.28318,16.02237],[100.2823,16.02448]]}},{"type":"Feature","properties":{"k":"drain","n":""},"geometry":{"type":"LineString","coordinates":[[100.29148,16.01586],[100.29134,16.01583]]}},{"type":"Feature","properties":{"k":"drain","n":""},"geometry":{"type":"LineString","coordinates":[[100.27879,16.45594],[100.2792,16.44841],[100.27887,16.44718],[100.26741,16.42988]]}},{"type":"Feature","properties":{"k":"drain","n":""},"geometry":{"type":"LineString","coordinates":[[99.9761,15.97742],[99.97585,15.97754]]}},{"type":"Feature","properties":{"k":"drain","n":""},"geometry":{"type":"LineString","coordinates":[[99.98118,15.96834],[99.98107,15.96848]]}},{"type":"Feature","properties":{"k":"drain","n":""},"geometry":{"type":"LineString","coordinates":[[99.98107,15.96848],[99.9794,15.97061],[99.97691,15.97199],[99.97653,15.97339],[99.97696,15.97614],[99.9761,15.97742]]}},{"type":"Feature","properties":{"k":"drain","n":""},"geometry":{"type":"LineString","coordinates":[[100.1097,16.33391],[100.10982,16.33376]]}},{"type":"Feature","properties":{"k":"drain","n":""},"geometry":{"type":"LineString","coordinates":[[100.12443,16.34167],[100.12427,16.3418]]}},{"type":"Feature","properties":{"k":"drain","n":""},"geometry":{"type":"LineString","coordinates":[[100.14257,16.34268],[100.14021,16.345],[100.13778,16.34432],[100.13517,16.34534]]}},{"type":"Feature","properties":{"k":"drain","n":""},"geometry":{"type":"LineString","coordinates":[[100.13494,16.34533],[100.13361,16.34553],[100.13015,16.34351],[100.12927,16.34434],[100.1284,16.34446]]}},{"type":"Feature","properties":{"k":"drain","n":""},"geometry":{"type":"LineString","coordinates":[[100.12798,16.34451],[100.12688,16.3442],[100.12649,16.34259],[100.12581,16.34188],[100.12443,16.34167]]}},{"type":"Feature","properties":{"k":"drain","n":""},"geometry":{"type":"LineString","coordinates":[[100.11152,16.32616],[100.11138,16.32601]]}},{"type":"Feature","properties":{"k":"drain","n":""},"geometry":{"type":"LineString","coordinates":[[100.13517,16.34534],[100.13494,16.34533]]}},{"type":"Feature","properties":{"k":"drain","n":""},"geometry":{"type":"LineString","coordinates":[[100.1284,16.34446],[100.12798,16.34451]]}},{"type":"Feature","properties":{"k":"drain","n":""},"geometry":{"type":"LineString","coordinates":[[100.11815,16.3416],[100.11811,16.34136]]}},{"type":"Feature","properties":{"k":"drain","n":""},"geometry":{"type":"LineString","coordinates":[[100.12427,16.3418],[100.12239,16.34337],[100.12068,16.34265],[100.11849,16.34293],[100.11815,16.3416]]}},{"type":"Feature","properties":{"k":"drain","n":""},"geometry":{"type":"LineString","coordinates":[[100.11138,16.32601],[100.11102,16.32495],[100.10985,16.32413]]}},{"type":"Feature","properties":{"k":"drain","n":""},"geometry":{"type":"LineString","coordinates":[[100.11811,16.34136],[100.11736,16.34138],[100.11569,16.33826],[100.11207,16.33847],[100.10914,16.33428],[100.1097,16.33391]]}},{"type":"Feature","properties":{"k":"drain","n":""},"geometry":{"type":"LineString","coordinates":[[100.10982,16.33376],[100.11053,16.33192],[100.11237,16.32985],[100.11152,16.32616]]}},{"type":"Feature","properties":{"k":"canal","n":""},"geometry":{"type":"LineString","coordinates":[[100.15376,16.11845],[100.15126,16.11966]]}},{"type":"Feature","properties":{"k":"canal","n":""},"geometry":{"type":"LineString","coordinates":[[100.15109,16.11974],[100.14984,16.12065],[100.148,16.12046]]}},{"type":"Feature","properties":{"k":"canal","n":""},"geometry":{"type":"LineString","coordinates":[[100.15126,16.11966],[100.15109,16.11974]]}},{"type":"Feature","properties":{"k":"canal","n":""},"geometry":{"type":"LineString","coordinates":[[100.14781,16.1205],[100.14578,16.12101],[100.1447,16.12234],[100.14459,16.12709],[100.14399,16.12864]]}},{"type":"Feature","properties":{"k":"canal","n":""},"geometry":{"type":"LineString","coordinates":[[100.148,16.12046],[100.14781,16.1205]]}},{"type":"Feature","properties":{"k":"canal","n":""},"geometry":{"type":"LineString","coordinates":[[99.9399,16.15343],[99.93997,16.15342]]}},{"type":"Feature","properties":{"k":"canal","n":""},"geometry":{"type":"LineString","coordinates":[[99.8405,16.27196],[99.83946,16.27059],[99.83952,16.26815]]}},{"type":"Feature","properties":{"k":"canal","n":""},"geometry":{"type":"LineString","coordinates":[[99.8405,16.27196],[99.84057,16.27202]]}},{"type":"Feature","properties":{"k":"canal","n":""},"geometry":{"type":"LineString","coordinates":[[99.86514,16.33713],[99.86512,16.33703]]}},{"type":"Feature","properties":{"k":"canal","n":""},"geometry":{"type":"LineString","coordinates":[[99.8405,16.27196],[99.8405,16.27196]]}},{"type":"Feature","properties":{"k":"canal","n":""},"geometry":{"type":"LineString","coordinates":[[99.84057,16.27202],[99.8405,16.27196]]}},{"type":"Feature","properties":{"k":"canal","n":""},"geometry":{"type":"LineString","coordinates":[[99.93967,16.15346],[99.93976,16.15345]]}},{"type":"Feature","properties":{"k":"canal","n":""},"geometry":{"type":"LineString","coordinates":[[99.93976,16.15345],[99.93983,16.15344]]}},{"type":"Feature","properties":{"k":"canal","n":""},"geometry":{"type":"LineString","coordinates":[[99.93997,16.15342],[99.9401,16.1534]]}},{"type":"Feature","properties":{"k":"canal","n":""},"geometry":{"type":"LineString","coordinates":[[99.93983,16.15344],[99.9399,16.15343]]}},{"type":"Feature","properties":{"k":"canal","n":""},"geometry":{"type":"LineString","coordinates":[[99.98841,16.24263],[99.98654,16.24112],[99.98342,16.2429]]}},{"type":"Feature","properties":{"k":"canal","n":""},"geometry":{"type":"LineString","coordinates":[[99.98324,16.24294],[99.97882,16.24497]]}},{"type":"Feature","properties":{"k":"canal","n":""},"geometry":{"type":"LineString","coordinates":[[99.98342,16.2429],[99.98324,16.24294]]}},{"type":"Feature","properties":{"k":"canal","n":""},"geometry":{"type":"LineString","coordinates":[[100.01561,16.3737],[100.01678,16.37234],[100.01736,16.37282],[100.02007,16.37216],[100.02063,16.37125],[100.02442,16.36877],[100.02585,16.36669],[100.02613,16.36438]]}},{"type":"Feature","properties":{"k":"drain","n":""},"geometry":{"type":"LineString","coordinates":[[100.02204,16.44716],[100.0203,16.4468]]}},{"type":"Feature","properties":{"k":"drain","n":""},"geometry":{"type":"LineString","coordinates":[[100.0203,16.4468],[100.02021,16.44677]]}},{"type":"Feature","properties":{"k":"drain","n":""},"geometry":{"type":"LineString","coordinates":[[99.67244,16.14143],[99.68305,16.14398]]}},{"type":"Feature","properties":{"k":"canal","n":""},"geometry":{"type":"LineString","coordinates":[[99.91267,16.06426],[99.91281,16.06395]]}},{"type":"Feature","properties":{"k":"canal","n":"คลองวังเรียง"},"geometry":{"type":"LineString","coordinates":[[99.91285,16.06386],[99.91702,16.05761],[99.91808,16.05775],[99.91886,16.0564],[99.92002,16.05609],[99.92101,16.05357],[99.92357,16.05202],[99.92444,16.05031],[99.92567,16.04953],[99.92755,16.04492],[99.92918,16.04359]]}},{"type":"Feature","properties":{"k":"canal","n":""},"geometry":{"type":"LineString","coordinates":[[99.91281,16.06395],[99.91285,16.06386]]}},{"type":"Feature","properties":{"k":"canal","n":"คลองวังเรียง"},"geometry":{"type":"LineString","coordinates":[[99.92927,16.04355],[99.93177,16.04248],[99.93542,16.03971],[99.93664,16.03817],[99.93757,16.03574],[99.93816,16.03068],[99.9391,16.0297],[99.94116,16.02941],[99.94162,16.02719],[99.93889,16.0247]]}},{"type":"Feature","properties":{"k":"canal","n":"คลองวังเรียง"},"geometry":{"type":"LineString","coordinates":[[99.92918,16.04359],[99.92927,16.04355]]}},{"type":"Feature","properties":{"k":"canal","n":"คลองส่งน้ำ"},"geometry":{"type":"LineString","coordinates":[[99.75295,16.24921],[99.75479,16.24768],[99.75638,16.24751],[99.7573,16.24635],[99.75714,16.24414],[99.75869,16.2439]]}},{"type":"Feature","properties":{"k":"canal","n":""},"geometry":{"type":"LineString","coordinates":[[99.74664,16.25633],[99.74825,16.2548],[99.74772,16.2532],[99.74922,16.25226]]}},{"type":"Feature","properties":{"k":"canal","n":""},"geometry":{"type":"LineString","coordinates":[[99.75287,16.24926],[99.75295,16.24921]]}},{"type":"Feature","properties":{"k":"canal","n":"คลองส่งน้ำ"},"geometry":{"type":"LineString","coordinates":[[99.75879,16.24388],[99.76174,16.242],[99.76506,16.2414],[99.76589,16.24049]]}},{"type":"Feature","properties":{"k":"canal","n":"คลองส่งน้ำ"},"geometry":{"type":"LineString","coordinates":[[99.75869,16.2439],[99.75879,16.24388]]}},{"type":"Feature","properties":{"k":"canal","n":""},"geometry":{"type":"LineString","coordinates":[[99.71479,16.2539],[99.7184,16.25463],[99.71865,16.25524],[99.72033,16.25517],[99.72032,16.25457],[99.7218,16.25432],[99.72251,16.25546],[99.72256,16.25703],[99.72384,16.25734],[99.72413,16.25873],[99.72327,16.25891],[99.72479,16.2622],[99.72844,16.26155]]}},{"type":"Feature","properties":{"k":"canal","n":""},"geometry":{"type":"LineString","coordinates":[[99.74654,16.25636],[99.74664,16.25633]]}},{"type":"Feature","properties":{"k":"canal","n":""},"geometry":{"type":"LineString","coordinates":[[99.74929,16.25218],[99.75287,16.24926]]}},{"type":"Feature","properties":{"k":"canal","n":""},"geometry":{"type":"LineString","coordinates":[[99.74922,16.25226],[99.74929,16.25218]]}},{"type":"Feature","properties":{"k":"drain","n":""},"geometry":{"type":"LineString","coordinates":[[99.77051,15.97476],[99.7706,15.97469]]}},{"type":"Feature","properties":{"k":"drain","n":""},"geometry":{"type":"LineString","coordinates":[[99.7706,15.97469],[99.77069,15.9747]]}},{"type":"Feature","properties":{"k":"drain","n":""},"geometry":{"type":"LineString","coordinates":[[99.77069,15.9747],[99.77343,15.97608],[99.77392,15.97492],[99.77759,15.974],[99.77657,15.97325]]}},{"type":"Feature","properties":{"k":"drain","n":""},"geometry":{"type":"LineString","coordinates":[[99.77657,15.97325],[99.77662,15.97315]]}},{"type":"Feature","properties":{"k":"drain","n":""},"geometry":{"type":"LineString","coordinates":[[99.77214,15.97061],[99.77219,15.97051]]}},{"type":"Feature","properties":{"k":"drain","n":""},"geometry":{"type":"LineString","coordinates":[[99.77211,15.97066],[99.77214,15.97061]]}},{"type":"Feature","properties":{"k":"drain","n":""},"geometry":{"type":"LineString","coordinates":[[99.77541,16.30222],[99.77399,16.30261]]}},{"type":"Feature","properties":{"k":"drain","n":""},"geometry":{"type":"LineString","coordinates":[[99.7755,16.3022],[99.77541,16.30222]]}},{"type":"Feature","properties":{"k":"canal","n":""},"geometry":{"type":"LineString","coordinates":[[99.74845,16.30752],[99.74825,16.30708]]}},{"type":"Feature","properties":{"k":"canal","n":""},"geometry":{"type":"LineString","coordinates":[[99.7485,16.30762],[99.74845,16.30752]]}},{"type":"Feature","properties":{"k":"canal","n":""},"geometry":{"type":"LineString","coordinates":[[99.75105,16.31034],[99.74981,16.3078],[99.7485,16.30762]]}},{"type":"Feature","properties":{"k":"canal","n":""},"geometry":{"type":"LineString","coordinates":[[99.7511,16.31043],[99.75105,16.31034]]}},{"type":"Feature","properties":{"k":"canal","n":""},"geometry":{"type":"LineString","coordinates":[[99.86748,16.34457],[99.86746,16.3444]]}},{"type":"Feature","properties":{"k":"canal","n":""},"geometry":{"type":"LineString","coordinates":[[99.86746,16.3444],[99.86745,16.34429]]}},{"type":"Feature","properties":{"k":"canal","n":""},"geometry":{"type":"LineString","coordinates":[[99.957,16.16225],[99.95773,16.16128],[99.9578,16.16002],[99.96079,16.15722],[99.96236,16.15807],[99.96424,16.15716],[99.96699,16.15736],[99.96815,16.15657],[99.96911,16.15489],[99.9708,16.15439],[99.97091,16.15359],[99.97162,16.15366],[99.97128,16.15246],[99.9702,16.15154],[99.97075,16.14998],[99.97283,16.14838],[99.97211,16.1453]]}},{"type":"Feature","properties":{"k":"canal","n":""},"geometry":{"type":"LineString","coordinates":[[99.97211,16.1453],[99.9721,16.14521]]}},{"type":"Feature","properties":{"k":"canal","n":""},"geometry":{"type":"LineString","coordinates":[[99.83902,16.3418],[99.83865,16.3403],[99.83893,16.33966],[99.84091,16.33837],[99.84049,16.33604]]}},{"type":"Feature","properties":{"k":"canal","n":""},"geometry":{"type":"LineString","coordinates":[[99.84057,16.33596],[99.84226,16.3348],[99.84264,16.33348]]}},{"type":"Feature","properties":{"k":"canal","n":""},"geometry":{"type":"LineString","coordinates":[[99.84049,16.33604],[99.84057,16.33596]]}},{"type":"Feature","properties":{"k":"ditch","n":""},"geometry":{"type":"LineString","coordinates":[[99.99181,16.2855],[99.99364,16.28594],[99.99577,16.28443],[99.99781,16.28738],[99.99814,16.28875],[99.99966,16.2873],[100.00123,16.28856],[100.00348,16.28736],[100.00652,16.28747],[100.00912,16.28494],[100.00984,16.28045],[100.00909,16.2792]]}},{"type":"Feature","properties":{"k":"canal","n":""},"geometry":{"type":"LineString","coordinates":[[100.00902,16.27914],[100.00836,16.27823],[100.00854,16.27635],[100.00747,16.27451],[100.0081,16.27261],[100.00908,16.27231]]}},{"type":"Feature","properties":{"k":"ditch","n":""},"geometry":{"type":"LineString","coordinates":[[100.00909,16.2792],[100.00902,16.27914]]}},{"type":"Feature","properties":{"k":"ditch","n":""},"geometry":{"type":"LineString","coordinates":[[100.03028,16.27028],[100.03464,16.2691],[100.03578,16.26928],[100.0362,16.27019],[100.03557,16.2713],[100.03791,16.27298],[100.03854,16.27477],[100.03988,16.27569],[100.04449,16.27438],[100.0462,16.27325],[100.04719,16.27168]]}},{"type":"Feature","properties":{"k":"ditch","n":""},"geometry":{"type":"LineString","coordinates":[[100.00908,16.27231],[100.00935,16.27232]]}},{"type":"Feature","properties":{"k":"ditch","n":""},"geometry":{"type":"LineString","coordinates":[[100.00935,16.27232],[100.01174,16.27321],[100.01616,16.27741]]}},{"type":"Feature","properties":{"k":"ditch","n":""},"geometry":{"type":"LineString","coordinates":[[100.01616,16.27741],[100.01627,16.27744]]}},{"type":"Feature","properties":{"k":"ditch","n":""},"geometry":{"type":"LineString","coordinates":[[100.01627,16.27744],[100.01824,16.27793],[100.01883,16.27752],[100.01887,16.27575],[100.02036,16.27366],[100.02038,16.27178],[100.01961,16.2698]]}},{"type":"Feature","properties":{"k":"ditch","n":""},"geometry":{"type":"LineString","coordinates":[[100.01961,16.2698],[100.01964,16.2697]]}},{"type":"Feature","properties":{"k":"ditch","n":""},"geometry":{"type":"LineString","coordinates":[[100.01964,16.2697],[100.02051,16.26866],[100.02045,16.26722],[100.02114,16.26692],[100.02652,16.27067],[100.03019,16.27031]]}},{"type":"Feature","properties":{"k":"ditch","n":""},"geometry":{"type":"LineString","coordinates":[[100.03019,16.27031],[100.03028,16.27028]]}},{"type":"Feature","properties":{"k":"ditch","n":""},"geometry":{"type":"LineString","coordinates":[[100.0556,16.26815],[100.05572,16.26808]]}},{"type":"Feature","properties":{"k":"ditch","n":""},"geometry":{"type":"LineString","coordinates":[[100.05558,16.26817],[100.0556,16.26815]]}},{"type":"Feature","properties":{"k":"ditch","n":""},"geometry":{"type":"LineString","coordinates":[[100.04716,16.27158],[100.04718,16.26954],[100.04885,16.26873],[100.04927,16.26743],[100.05,16.26692],[100.05277,16.26822],[100.05406,16.26671],[100.05496,16.26839]]}},{"type":"Feature","properties":{"k":"ditch","n":""},"geometry":{"type":"LineString","coordinates":[[100.04719,16.27168],[100.04716,16.27158]]}},{"type":"Feature","properties":{"k":"ditch","n":""},"geometry":{"type":"LineString","coordinates":[[100.05507,16.26838],[100.05558,16.26817]]}},{"type":"Feature","properties":{"k":"ditch","n":""},"geometry":{"type":"LineString","coordinates":[[100.05496,16.26839],[100.05507,16.26838]]}},{"type":"Feature","properties":{"k":"ditch","n":""},"geometry":{"type":"LineString","coordinates":[[100.14853,16.24164],[100.14674,16.24176],[100.14618,16.24221],[100.1466,16.24311],[100.14652,16.24493],[100.14575,16.24579],[100.14574,16.24695]]}},{"type":"Feature","properties":{"k":"canal","n":""},"geometry":{"type":"LineString","coordinates":[[100.13997,16.27876],[100.14379,16.27966],[100.14359,16.28285],[100.14478,16.28463],[100.1454,16.28481],[100.14617,16.28425],[100.14772,16.28535],[100.14955,16.2852],[100.1499,16.28581],[100.15106,16.2862],[100.15166,16.28725],[100.15474,16.28663],[100.15545,16.28574],[100.15618,16.28596],[100.15799,16.2854],[100.16138,16.28515],[100.16177,16.28581],[100.16334,16.28587],[100.16479,16.28518],[100.16456,16.27962],[100.16574,16.27835],[100.1672,16.27769],[100.16868,16.27408],[100.17078,16.2736],[100.17175,16.27289],[100.17601,16.26816]]}},{"type":"Feature","properties":{"k":"canal","n":""},"geometry":{"type":"LineString","coordinates":[[100.11461,16.27627],[100.11766,16.27574],[100.11956,16.27439],[100.1196,16.27329],[100.12177,16.27258]]}},{"type":"Feature","properties":{"k":"canal","n":""},"geometry":{"type":"LineString","coordinates":[[100.12177,16.27258],[100.12188,16.27258]]}},{"type":"Feature","properties":{"k":"canal","n":""},"geometry":{"type":"LineString","coordinates":[[100.13981,16.27867],[100.13997,16.27876]]}},{"type":"Feature","properties":{"k":"ditch","n":""},"geometry":{"type":"LineString","coordinates":[[100.04589,16.13696],[100.05143,16.13659]]}},{"type":"Feature","properties":{"k":"ditch","n":""},"geometry":{"type":"LineString","coordinates":[[100.04586,16.13681],[100.04748,16.12868],[100.04744,16.12647]]}},{"type":"Feature","properties":{"k":"ditch","n":""},"geometry":{"type":"LineString","coordinates":[[100.04589,16.13696],[100.04586,16.13681]]}},{"type":"Feature","properties":{"k":"ditch","n":""},"geometry":{"type":"LineString","coordinates":[[100.04745,16.12637],[100.04781,16.12553]]}},{"type":"Feature","properties":{"k":"ditch","n":""},"geometry":{"type":"LineString","coordinates":[[100.04744,16.12647],[100.04745,16.12637]]}},{"type":"Feature","properties":{"k":"ditch","n":""},"geometry":{"type":"LineString","coordinates":[[100.0478,16.12541],[100.04671,16.1219],[100.04792,16.12187]]}},{"type":"Feature","properties":{"k":"ditch","n":""},"geometry":{"type":"LineString","coordinates":[[100.04781,16.12553],[100.0478,16.12541]]}},{"type":"Feature","properties":{"k":"canal","n":""},"geometry":{"type":"LineString","coordinates":[[99.87568,16.23481],[99.87813,16.23303],[99.88064,16.2324],[99.88173,16.23138],[99.88182,16.22798],[99.88294,16.22737],[99.8831,16.22597],[99.88173,16.22533],[99.88093,16.22382]]}},{"type":"Feature","properties":{"k":"canal","n":""},"geometry":{"type":"LineString","coordinates":[[99.87554,16.23491],[99.87568,16.23481]]}},{"type":"Feature","properties":{"k":"canal","n":""},"geometry":{"type":"LineString","coordinates":[[99.88095,16.22373],[99.88099,16.22338]]}},{"type":"Feature","properties":{"k":"canal","n":""},"geometry":{"type":"LineString","coordinates":[[99.88093,16.22382],[99.88095,16.22373]]}},{"type":"Feature","properties":{"k":"drain","n":""},"geometry":{"type":"LineString","coordinates":[[99.6937,16.39152],[99.6941,16.39023],[99.69335,16.3892],[99.69624,16.38675]]}},{"type":"Feature","properties":{"k":"drain","n":""},"geometry":{"type":"LineString","coordinates":[[99.69372,16.39163],[99.6937,16.39152]]}},{"type":"Feature","properties":{"k":"drain","n":""},"geometry":{"type":"LineString","coordinates":[[99.77739,16.12951],[99.77838,16.13115]]}},{"type":"Feature","properties":{"k":"drain","n":""},"geometry":{"type":"LineString","coordinates":[[99.77838,16.13115],[99.77843,16.13123]]}},{"type":"Feature","properties":{"k":"drain","n":""},"geometry":{"type":"LineString","coordinates":[[99.78424,16.13534],[99.7843,16.13534]]}},{"type":"Feature","properties":{"k":"drain","n":""},"geometry":{"type":"LineString","coordinates":[[99.78414,16.13536],[99.78424,16.13534]]}},{"type":"Feature","properties":{"k":"canal","n":""},"geometry":{"type":"LineString","coordinates":[[99.65122,16.21729],[99.6521,16.21861],[99.65193,16.21914],[99.65304,16.21966],[99.65223,16.22061],[99.65349,16.22123],[99.65406,16.22076],[99.65434,16.22217],[99.65558,16.22164],[99.65611,16.22231],[99.65579,16.22281],[99.6572,16.22364],[99.65766,16.22543]]}},{"type":"Feature","properties":{"k":"canal","n":""},"geometry":{"type":"LineString","coordinates":[[99.65117,16.21719],[99.65122,16.21729]]}},{"type":"Feature","properties":{"k":"canal","n":""},"geometry":{"type":"LineString","coordinates":[[99.81592,16.16432],[99.81826,16.16503]]}},{"type":"Feature","properties":{"k":"canal","n":"คลองวังหันน้ำดึง"},"geometry":{"type":"LineString","coordinates":[[99.82819,16.25037],[99.83148,16.24952],[99.83404,16.24991],[99.83619,16.24889],[99.83979,16.24259],[99.83895,16.2404],[99.84088,16.23888],[99.84104,16.23693],[99.84217,16.23418],[99.84513,16.23398],[99.84606,16.2348],[99.84638,16.23653],[99.84743,16.23801],[99.85109,16.23853],[99.85164,16.23825],[99.8532,16.23976],[99.85376,16.23976],[99.85524,16.23822],[99.85639,16.23837],[99.85642,16.23985],[99.85781,16.24295],[99.86099,16.24537],[99.86396,16.24352],[99.86657,16.24327],[99.86793,16.24523],[99.87082,16.24491],[99.8719,16.24359],[99.87077,16.24261],[99.87166,16.23821],[99.87554,16.23491]]}},{"type":"Feature","properties":{"k":"canal","n":""},"geometry":{"type":"LineString","coordinates":[[99.84631,16.23547],[99.84861,16.23669],[99.85073,16.23596],[99.85226,16.23706],[99.85219,16.23763],[99.85267,16.23769],[99.85307,16.23855],[99.85484,16.23849]]}},{"type":"Feature","properties":{"k":"drain","n":""},"geometry":{"type":"LineString","coordinates":[[99.66163,16.17495],[99.66591,16.17149],[99.66693,16.17156]]}},{"type":"Feature","properties":{"k":"drain","n":""},"geometry":{"type":"LineString","coordinates":[[99.65467,16.17462],[99.65478,16.17464]]}},{"type":"Feature","properties":{"k":"drain","n":""},"geometry":{"type":"LineString","coordinates":[[99.65478,16.17464],[99.65749,16.17491],[99.66002,16.17602],[99.66111,16.17554]]}},{"type":"Feature","properties":{"k":"drain","n":""},"geometry":{"type":"LineString","coordinates":[[99.66111,16.17554],[99.66118,16.17546]]}},{"type":"Feature","properties":{"k":"drain","n":""},"geometry":{"type":"LineString","coordinates":[[99.66118,16.17546],[99.66156,16.17502]]}},{"type":"Feature","properties":{"k":"drain","n":""},"geometry":{"type":"LineString","coordinates":[[99.66156,16.17502],[99.66163,16.17495]]}},{"type":"Feature","properties":{"k":"drain","n":""},"geometry":{"type":"LineString","coordinates":[[99.66703,16.1715],[99.67186,16.17195]]}},{"type":"Feature","properties":{"k":"drain","n":""},"geometry":{"type":"LineString","coordinates":[[99.66693,16.17156],[99.66703,16.1715]]}},{"type":"Feature","properties":{"k":"drain","n":""},"geometry":{"type":"LineString","coordinates":[[99.75669,15.99456],[99.75672,15.99448]]}},{"type":"Feature","properties":{"k":"drain","n":""},"geometry":{"type":"LineString","coordinates":[[99.75668,15.99457],[99.75669,15.99456]]}},{"type":"Feature","properties":{"k":"drain","n":""},"geometry":{"type":"LineString","coordinates":[[99.66454,16.1422],[99.66919,16.1415]]}},{"type":"Feature","properties":{"k":"drain","n":""},"geometry":{"type":"LineString","coordinates":[[99.65609,16.1431],[99.6596,16.14295]]}},{"type":"Feature","properties":{"k":"drain","n":""},"geometry":{"type":"LineString","coordinates":[[99.6596,16.14295],[99.65973,16.14293]]}},{"type":"Feature","properties":{"k":"drain","n":""},"geometry":{"type":"LineString","coordinates":[[99.65973,16.14293],[99.66442,16.14221]]}},{"type":"Feature","properties":{"k":"drain","n":""},"geometry":{"type":"LineString","coordinates":[[99.66442,16.14221],[99.66454,16.1422]]}},{"type":"Feature","properties":{"k":"drain","n":""},"geometry":{"type":"LineString","coordinates":[[99.66929,16.14149],[99.67105,16.14134],[99.67304,16.14182]]}},{"type":"Feature","properties":{"k":"drain","n":""},"geometry":{"type":"LineString","coordinates":[[99.66919,16.1415],[99.66929,16.14149]]}},{"type":"Feature","properties":{"k":"drain","n":""},"geometry":{"type":"LineString","coordinates":[[99.66902,16.14131],[99.67104,16.14111]]}},{"type":"Feature","properties":{"k":"drain","n":""},"geometry":{"type":"LineString","coordinates":[[99.67104,16.14111],[99.67115,16.14112]]}},{"type":"Feature","properties":{"k":"drain","n":""},"geometry":{"type":"LineString","coordinates":[[99.67115,16.14112],[99.67235,16.14141]]}},{"type":"Feature","properties":{"k":"drain","n":""},"geometry":{"type":"LineString","coordinates":[[99.67235,16.14141],[99.67244,16.14143]]}},{"type":"Feature","properties":{"k":"canal","n":""},"geometry":{"type":"LineString","coordinates":[[99.74238,16.25703],[99.74654,16.25636]]}},{"type":"Feature","properties":{"k":"canal","n":""},"geometry":{"type":"LineString","coordinates":[[99.74229,16.25707],[99.74238,16.25703]]}},{"type":"Feature","properties":{"k":"canal","n":""},"geometry":{"type":"LineString","coordinates":[[99.69403,16.26377],[99.69981,16.261],[99.70735,16.25956],[99.70867,16.25773],[99.7088,16.25528],[99.70939,16.25476]]}},{"type":"Feature","properties":{"k":"canal","n":""},"geometry":{"type":"LineString","coordinates":[[99.71466,16.25391],[99.71479,16.2539]]}},{"type":"Feature","properties":{"k":"canal","n":""},"geometry":{"type":"LineString","coordinates":[[99.7337,16.25899],[99.73735,16.25511],[99.74076,16.25759],[99.74229,16.25707]]}},{"type":"Feature","properties":{"k":"canal","n":""},"geometry":{"type":"LineString","coordinates":[[99.72844,16.26155],[99.72855,16.26157]]}},{"type":"Feature","properties":{"k":"canal","n":""},"geometry":{"type":"LineString","coordinates":[[99.7095,16.25475],[99.71466,16.25391]]}},{"type":"Feature","properties":{"k":"canal","n":""},"geometry":{"type":"LineString","coordinates":[[99.70939,16.25476],[99.7095,16.25475]]}},{"type":"Feature","properties":{"k":"canal","n":""},"geometry":{"type":"LineString","coordinates":[[99.72855,16.26157],[99.73032,16.2613],[99.73172,16.25977],[99.73359,16.25905]]}},{"type":"Feature","properties":{"k":"canal","n":""},"geometry":{"type":"LineString","coordinates":[[99.73359,16.25905],[99.7337,16.25899]]}},{"type":"Feature","properties":{"k":"drain","n":""},"geometry":{"type":"LineString","coordinates":[[99.68629,16.14504],[99.69912,16.15002]]}},{"type":"Feature","properties":{"k":"drain","n":""},"geometry":{"type":"LineString","coordinates":[[99.6992,16.15005],[99.69967,16.15025]]}},{"type":"Feature","properties":{"k":"drain","n":""},"geometry":{"type":"LineString","coordinates":[[99.69912,16.15002],[99.6992,16.15005]]}},{"type":"Feature","properties":{"k":"drain","n":""},"geometry":{"type":"LineString","coordinates":[[99.67493,16.1423],[99.68099,16.14376]]}},{"type":"Feature","properties":{"k":"drain","n":""},"geometry":{"type":"LineString","coordinates":[[99.68099,16.14376],[99.6811,16.14379]]}},{"type":"Feature","properties":{"k":"drain","n":""},"geometry":{"type":"LineString","coordinates":[[99.6811,16.14379],[99.68619,16.14501]]}},{"type":"Feature","properties":{"k":"drain","n":""},"geometry":{"type":"LineString","coordinates":[[99.68619,16.14501],[99.68629,16.14504]]}},{"type":"Feature","properties":{"k":"drain","n":""},"geometry":{"type":"LineString","coordinates":[[99.79619,16.1813],[99.79945,16.17776]]}},{"type":"Feature","properties":{"k":"drain","n":""},"geometry":{"type":"LineString","coordinates":[[99.79945,16.17776],[99.79954,16.17769]]}},{"type":"Feature","properties":{"k":"ditch","n":""},"geometry":{"type":"LineString","coordinates":[[99.98196,16.29185],[99.98658,16.2886],[99.98797,16.28703],[99.99171,16.28555]]}},{"type":"Feature","properties":{"k":"ditch","n":""},"geometry":{"type":"LineString","coordinates":[[99.99171,16.28555],[99.99181,16.2855]]}},{"type":"Feature","properties":{"k":"canal","n":""},"geometry":{"type":"LineString","coordinates":[[99.92805,16.19493],[99.92926,16.19238],[99.93146,16.19154],[99.93161,16.1882],[99.93284,16.1875],[99.93439,16.18768],[99.93686,16.18619],[99.93727,16.18431],[99.93909,16.18353],[99.94185,16.18049],[99.94122,16.17963],[99.939,16.1795],[99.93753,16.17797],[99.94118,16.1753],[99.94193,16.17204],[99.94159,16.1702],[99.943,16.16978],[99.94438,16.17022],[99.94467,16.169],[99.94431,16.1672],[99.94596,16.16548],[99.9493,16.16561]]}},{"type":"Feature","properties":{"k":"canal","n":""},"geometry":{"type":"LineString","coordinates":[[99.9493,16.16561],[99.94949,16.1654]]}},{"type":"Feature","properties":{"k":"canal","n":""},"geometry":{"type":"LineString","coordinates":[[99.92746,16.19524],[99.92787,16.19502]]}},{"type":"Feature","properties":{"k":"canal","n":""},"geometry":{"type":"LineString","coordinates":[[99.92787,16.19502],[99.92805,16.19493]]}},{"type":"Feature","properties":{"k":"canal","n":""},"geometry":{"type":"LineString","coordinates":[[99.94949,16.1654],[99.9494,16.16328],[99.94856,16.16212],[99.94902,16.16152],[99.95158,16.16135],[99.9562,16.16254],[99.95692,16.16232]]}},{"type":"Feature","properties":{"k":"canal","n":""},"geometry":{"type":"LineString","coordinates":[[99.95692,16.16232],[99.957,16.16225]]}},{"type":"Feature","properties":{"k":"canal","n":""},"geometry":{"type":"LineString","coordinates":[[99.96077,16.12689],[99.96226,16.12839],[99.9636,16.13176],[99.96462,16.13208],[99.96544,16.13323],[99.96709,16.13256],[99.96732,16.13122],[99.96883,16.12995],[99.97005,16.13014],[99.97057,16.12826],[99.97245,16.12631],[99.97436,16.12733],[99.97666,16.12737],[99.97819,16.12681]]}},{"type":"Feature","properties":{"k":"drain","n":""},"geometry":{"type":"LineString","coordinates":[[100.36998,16.03335],[100.36946,16.02748]]}},{"type":"Feature","properties":{"k":"canal","n":""},"geometry":{"type":"LineString","coordinates":[[100.36946,16.02748],[100.36687,16.02063],[100.36492,16.01226],[100.36352,16.01037],[100.35496,16.00527],[100.34544,16.00192],[100.33695,15.99662]]}},{"type":"Feature","properties":{"k":"canal","n":""},"geometry":{"type":"LineString","coordinates":[[100.37348,16.02168],[100.37106,16.02219]]}},{"type":"Feature","properties":{"k":"canal","n":""},"geometry":{"type":"LineString","coordinates":[[100.7312,16.14924],[100.73104,16.15089],[100.73241,16.15145],[100.7324,16.15247],[100.73347,16.15293],[100.73567,16.15258],[100.73646,16.15353]]}},{"type":"Feature","properties":{"k":"canal","n":""},"geometry":{"type":"LineString","coordinates":[[100.69946,16.24102],[100.7011,16.24085],[100.70293,16.23965],[100.70291,16.23919],[100.70429,16.23893],[100.70444,16.2384],[100.70506,16.23854],[100.70648,16.23657],[100.70677,16.23725],[100.70725,16.23679],[100.70817,16.23699],[100.70951,16.23461],[100.71678,16.23123],[100.71676,16.23063],[100.71868,16.22949],[100.7194,16.22781],[100.72029,16.22766],[100.72083,16.22651],[100.72192,16.22625],[100.72349,16.22465],[100.72428,16.2247],[100.72454,16.22523],[100.72779,16.22515],[100.72845,16.22463],[100.72977,16.22462],[100.73078,16.22376]]}},{"type":"Feature","properties":{"k":"canal","n":"Irrigation Canal"},"geometry":{"type":"LineString","coordinates":[[100.30701,16.39999],[100.3096,16.40036],[100.31148,16.3998],[100.3166,16.39253],[100.32211,16.38923],[100.33419,16.38364],[100.33474,16.38225],[100.33432,16.37835],[100.34164,16.3637],[100.34162,16.36176],[100.3401,16.35746],[100.34036,16.35522],[100.34545,16.34641],[100.35097,16.34162],[100.35161,16.33752],[100.35229,16.33634],[100.35355,16.33554],[100.3575,16.33495],[100.36,16.3329]]}},{"type":"Feature","properties":{"k":"canal","n":""},"geometry":{"type":"LineString","coordinates":[[100.40471,16.43672],[100.40482,16.43498],[100.40384,16.43304],[100.40349,16.42974],[100.40239,16.42975],[100.40196,16.43115],[100.40036,16.43076],[100.4,16.43023],[100.40065,16.42857],[100.3994,16.42695]]}},{"type":"Feature","properties":{"k":"canal","n":""},"geometry":{"type":"LineString","coordinates":[[100.34309,16.34145],[100.34153,16.34286],[100.33793,16.34904],[100.33358,16.35194]]}},{"type":"Feature","properties":{"k":"canal","n":""},"geometry":{"type":"LineString","coordinates":[[100.3925,16.2973],[100.39367,16.29728],[100.39682,16.29596],[100.39726,16.29408],[100.39707,16.29001],[100.39773,16.28851],[100.39906,16.2865],[100.40346,16.2842],[100.40443,16.28417],[100.40489,16.28463],[100.40368,16.28616],[100.40497,16.28841],[100.40645,16.28942],[100.4087,16.28924],[100.40858,16.2906],[100.40795,16.29085]]}},{"type":"Feature","properties":{"k":"drain","n":""},"geometry":{"type":"LineString","coordinates":[[100.36,16.3329],[100.36823,16.32568],[100.3735,16.32563],[100.37838,16.32204],[100.38667,16.32184],[100.38801,16.32134],[100.38889,16.32033],[100.38965,16.3149],[100.39186,16.31307],[100.39256,16.31163],[100.39202,16.30881],[100.3888,16.30605],[100.38807,16.30442],[100.38838,16.30296],[100.39193,16.29794],[100.39194,16.29037],[100.39231,16.28918],[100.39346,16.28799],[100.40349,16.282],[100.40681,16.28123],[100.40753,16.2805],[100.40737,16.27647],[100.40437,16.25481],[100.40912,16.23183]]}},{"type":"Feature","properties":{"k":"drain","n":""},"geometry":{"type":"LineString","coordinates":[[100.39346,16.28799],[100.38876,16.28053],[100.38819,16.27524],[100.38647,16.27263]]}},{"type":"Feature","properties":{"k":"drain","n":""},"geometry":{"type":"LineString","coordinates":[[100.4003,16.23059],[100.39277,16.23576],[100.38063,16.24149],[100.37939,16.24291],[100.37832,16.2463],[100.3785,16.24848],[100.38187,16.2539],[100.38237,16.2617],[100.3833,16.26289],[100.38845,16.26655],[100.39171,16.27123],[100.39188,16.27285],[100.39128,16.27591],[100.39187,16.2791]]}},{"type":"Feature","properties":{"k":"drain","n":""},"geometry":{"type":"LineString","coordinates":[[100.57664,16.24925],[100.57032,16.24814],[100.56564,16.24655],[100.55826,16.24675],[100.55157,16.24451],[100.5433,16.24372],[100.5376,16.24383],[100.53434,16.24306],[100.52873,16.24293],[100.52687,16.24242]]}},{"type":"Feature","properties":{"k":"canal","n":""},"geometry":{"type":"LineString","coordinates":[[100.40299,16.40248],[100.40249,16.4008],[100.40186,16.4007]]}},{"type":"Feature","properties":{"k":"canal","n":""},"geometry":{"type":"LineString","coordinates":[[100.40686,16.39046],[100.40238,16.39404],[100.40061,16.39382],[100.40027,16.39503],[100.39916,16.396],[100.39932,16.39686],[100.40028,16.39716],[100.40048,16.39774]]}},{"type":"Feature","properties":{"k":"drain","n":""},"geometry":{"type":"LineString","coordinates":[[100.39839,16.39874],[100.40049,16.39797],[100.40345,16.39839],[100.40725,16.39753]]}},{"type":"Feature","properties":{"k":"canal","n":""},"geometry":{"type":"LineString","coordinates":[[100.39096,16.3427],[100.39378,16.33981],[100.3957,16.33681],[100.39594,16.33462],[100.39275,16.33094],[100.38569,16.32671]]}},{"type":"Feature","properties":{"k":"drain","n":""},"geometry":{"type":"LineString","coordinates":[[100.35897,16.36434],[100.3651,16.35826]]}},{"type":"Feature","properties":{"k":"drain","n":""},"geometry":{"type":"LineString","coordinates":[[100.35803,16.3638],[100.35896,16.36387],[100.35898,16.36506]]}},{"type":"Feature","properties":{"k":"drain","n":""},"geometry":{"type":"LineString","coordinates":[[100.35527,16.37124],[100.3592,16.36761],[100.37033,16.36503],[100.3756,16.36264],[100.37664,16.36026],[100.37605,16.35779],[100.37506,16.35626]]}},{"type":"Feature","properties":{"k":"drain","n":""},"geometry":{"type":"LineString","coordinates":[[100.37812,16.30688],[100.3773,16.30353],[100.37753,16.30217],[100.38258,16.29337],[100.38197,16.29121],[100.3787,16.28814],[100.37802,16.28661],[100.38023,16.27918],[100.37692,16.2726],[100.37008,16.26867],[100.36948,16.26729],[100.36874,16.26171]]}},{"type":"Feature","properties":{"k":"drain","n":""},"geometry":{"type":"LineString","coordinates":[[100.35648,16.35451],[100.35634,16.35564],[100.35927,16.35685],[100.36074,16.35673],[100.36483,16.35484]]}},{"type":"Feature","properties":{"k":"canal","n":""},"geometry":{"type":"LineString","coordinates":[[100.38957,16.32899],[100.38981,16.33054],[100.38907,16.3329],[100.38966,16.33456],[100.38791,16.33728],[100.386,16.33743],[100.38319,16.33571],[100.38268,16.33462],[100.38269,16.33133],[100.38082,16.33038],[100.38001,16.33088],[100.37969,16.33208],[100.38018,16.33376],[100.37931,16.33493],[100.37558,16.3366],[100.374,16.33871],[100.36771,16.34184]]}},{"type":"Feature","properties":{"k":"canal","n":""},"geometry":{"type":"LineString","coordinates":[[100.36016,16.33315],[100.36164,16.33323],[100.36332,16.33502],[100.36321,16.33762],[100.36466,16.34063],[100.36792,16.34207],[100.36748,16.34449],[100.36789,16.34652],[100.36482,16.35027],[100.36568,16.3518],[100.36466,16.3531],[100.3651,16.35826]]}},{"type":"Feature","properties":{"k":"canal","n":""},"geometry":{"type":"LineString","coordinates":[[100.32055,16.26593],[100.3174,16.26597],[100.31511,16.26664],[100.31325,16.2666],[100.31294,16.2661],[100.31347,16.26461],[100.3161,16.26222],[100.3188,16.25644],[100.3207,16.2561],[100.32541,16.25857],[100.32581,16.25745],[100.32158,16.25443],[100.31798,16.25401],[100.31579,16.25114],[100.31579,16.24939],[100.31742,16.24817],[100.31864,16.24882],[100.32011,16.2487],[100.32529,16.24669],[100.3279,16.24823],[100.32935,16.24844]]}},{"type":"Feature","properties":{"k":"canal","n":""},"geometry":{"type":"LineString","coordinates":[[100.42575,15.99836],[100.42316,15.99835],[100.42294,15.99764],[100.4202,15.99777],[100.41916,15.9972],[100.41688,15.99785],[100.41546,15.99756],[100.41503,15.9969],[100.41364,15.99754],[100.41142,15.99626],[100.41044,15.99633],[100.41026,15.99499],[100.41238,15.98827],[100.4141,15.98724],[100.41612,15.98678],[100.41646,15.98594],[100.41737,15.98552],[100.42116,15.98525]]}},{"type":"Feature","properties":{"k":"drain","n":""},"geometry":{"type":"LineString","coordinates":[[100.37069,16.17441],[100.36941,16.17756],[100.36766,16.18003],[100.36768,16.18134],[100.36826,16.18218],[100.37003,16.18312],[100.37283,16.18266],[100.37352,16.18343],[100.37352,16.18434],[100.37212,16.187],[100.36889,16.19097],[100.36502,16.19203],[100.36407,16.19356],[100.36624,16.20136],[100.36995,16.20601],[100.37053,16.20797]]}},{"type":"Feature","properties":{"k":"drain","n":""},"geometry":{"type":"LineString","coordinates":[[100.32782,16.27765],[100.32323,16.27434],[100.31877,16.26834],[100.31739,16.26786],[100.31363,16.26773],[100.3128,16.26726],[100.3123,16.2653],[100.3143,16.26258]]}},{"type":"Feature","properties":{"k":"drain","n":""},"geometry":{"type":"LineString","coordinates":[[100.31504,16.29456],[100.31932,16.29133],[100.32089,16.28714],[100.32963,16.27511],[100.32973,16.27312],[100.32765,16.26954]]}},{"type":"Feature","properties":{"k":"canal","n":""},"geometry":{"type":"LineString","coordinates":[[100.32963,16.24905],[100.3295,16.24814],[100.33084,16.24705],[100.3318,16.24704],[100.3318,16.24621],[100.33281,16.2454],[100.33737,16.24596],[100.338,16.24487],[100.34016,16.24338],[100.33975,16.24193]]}},{"type":"Feature","properties":{"k":"drain","n":""},"geometry":{"type":"LineString","coordinates":[[100.34442,16.25506],[100.34624,16.25369],[100.35652,16.25018],[100.35776,16.2487],[100.35809,16.24625]]}},{"type":"Feature","properties":{"k":"drain","n":""},"geometry":{"type":"LineString","coordinates":[[100.37769,16.23967],[100.37545,16.24299],[100.37317,16.24869],[100.37375,16.2501],[100.37616,16.25162],[100.37657,16.25317]]}},{"type":"Feature","properties":{"k":"drain","n":""},"geometry":{"type":"LineString","coordinates":[[100.37029,16.23723],[100.36538,16.25136]]}},{"type":"Feature","properties":{"k":"canal","n":""},"geometry":{"type":"LineString","coordinates":[[100.53533,16.40748],[100.53589,16.40801],[100.5359,16.40751],[100.53649,16.40734]]}},{"type":"Feature","properties":{"k":"canal","n":""},"geometry":{"type":"LineString","coordinates":[[100.38761,16.14892],[100.39166,16.163],[100.39071,16.16656],[100.39081,16.16777],[100.3952,16.17224],[100.39889,16.17965],[100.40261,16.19268],[100.40225,16.19549]]}},{"type":"Feature","properties":{"k":"canal","n":""},"geometry":{"type":"LineString","coordinates":[[100.3908,16.03226],[100.39193,16.02987],[100.39064,16.0286],[100.38815,16.02733],[100.38699,16.02532],[100.38536,16.02537],[100.38336,16.02467],[100.38136,16.0234],[100.38013,16.02321],[100.37967,16.02258],[100.3768,16.02277],[100.37377,16.02177]]}},{"type":"Feature","properties":{"k":"canal","n":"คลองทับคล้อ"},"geometry":{"type":"LineString","coordinates":[[100.66737,16.2486],[100.66693,16.24758],[100.66503,16.24794],[100.66043,16.24667],[100.65955,16.2432],[100.65729,16.24251],[100.6563,16.24299],[100.65498,16.2429],[100.65345,16.24085],[100.64989,16.24197],[100.64832,16.24118],[100.6473,16.24195],[100.64642,16.24374],[100.64596,16.24366],[100.64449,16.24187],[100.6455,16.23973],[100.64377,16.23959],[100.64326,16.23819],[100.64185,16.23854],[100.6384,16.23493],[100.6364,16.23381],[100.63687,16.23229],[100.6362,16.23184],[100.63295,16.23204],[100.63087,16.22849]]}},{"type":"Feature","properties":{"k":"canal","n":""},"geometry":{"type":"LineString","coordinates":[[100.64917,16.02494],[100.64877,16.02429],[100.6458,16.02301],[100.64507,16.0215],[100.64399,16.02231],[100.64345,16.02113],[100.64229,16.02108],[100.64274,16.02216],[100.64194,16.02275],[100.64183,16.02158],[100.64086,16.02133],[100.64101,16.02051],[100.6404,16.02152],[100.63987,16.02149],[100.64042,16.01996],[100.64001,16.01909],[100.63861,16.01893],[100.63722,16.01943],[100.63887,16.0179],[100.63888,16.01737],[100.63679,16.0178],[100.63351,16.01716],[100.63339,16.01631],[100.63254,16.01597],[100.63296,16.01429],[100.63159,16.01369],[100.63137,16.01473],[100.63002,16.01501],[100.62992,16.01375]]}},{"type":"Feature","properties":{"k":"canal","n":""},"geometry":{"type":"LineString","coordinates":[[100.36826,16.10259],[100.36862,16.10069],[100.36698,16.09995],[100.36553,16.09846],[100.36494,16.09679],[100.36582,16.09419],[100.36804,16.09304],[100.36866,16.09233],[100.36859,16.09122],[100.3682,16.09079],[100.36663,16.09095],[100.36661,16.08992],[100.36487,16.08908],[100.36436,16.08545],[100.36492,16.08371],[100.36452,16.08298],[100.36604,16.08148],[100.3669,16.0814],[100.36904,16.08371],[100.37041,16.08398],[100.37397,16.08089],[100.37363,16.07998],[100.37459,16.07813],[100.37394,16.07701],[100.3741,16.07507],[100.37354,16.074],[100.37386,16.07227],[100.37298,16.07061],[100.37366,16.06927],[100.375,16.06962],[100.37672,16.06754],[100.37896,16.06748],[100.37863,16.06639],[100.37985,16.06327],[100.37873,16.06169],[100.37864,16.06081]]}},{"type":"Feature","properties":{"k":"canal","n":""},"geometry":{"type":"LineString","coordinates":[[100.3786,16.06057],[100.37832,16.05837]]}},{"type":"Feature","properties":{"k":"canal","n":""},"geometry":{"type":"LineString","coordinates":[[100.37864,16.06081],[100.3786,16.06057]]}},{"type":"Feature","properties":{"k":"canal","n":""},"geometry":{"type":"LineString","coordinates":[[100.36253,16.21066],[100.36206,16.20655],[100.35581,16.19875],[100.35529,16.19445],[100.35607,16.1924],[100.36323,16.18675],[100.36416,16.18547],[100.36433,16.17704],[100.36321,16.17464],[100.35848,16.17088],[100.35774,16.16978],[100.35763,16.16828],[100.35913,16.16199],[100.35864,16.16022],[100.35739,16.1591],[100.35294,16.15767],[100.35183,16.15635],[100.35167,16.15499],[100.3524,16.15113],[100.35082,16.13476],[100.35152,16.13321],[100.35329,16.13225],[100.36308,16.13164],[100.36773,16.13312],[100.36926,16.13306],[100.3706,16.13197],[100.37522,16.12399],[100.37613,16.12317],[100.39245,16.12032],[100.39462,16.1186],[100.39507,16.11654],[100.39428,16.10961],[100.39576,16.10481],[100.39323,16.08081],[100.38934,16.07192],[100.38664,16.06874]]}},{"type":"Feature","properties":{"k":"drain","n":""},"geometry":{"type":"LineString","coordinates":[[100.38389,16.12159],[100.38391,16.12172]]}},{"type":"Feature","properties":{"k":"drain","n":""},"geometry":{"type":"LineString","coordinates":[[100.37487,16.07356],[100.37526,16.08225],[100.37446,16.08352],[100.37011,16.0873],[100.36973,16.0888],[100.37034,16.09193],[100.36988,16.09294],[100.36773,16.09478],[100.36725,16.09681],[100.36955,16.10087],[100.37113,16.10178],[100.37419,16.10249],[100.37555,16.10422],[100.37554,16.10658],[100.37336,16.10937],[100.37435,16.11452],[100.37563,16.11569],[100.3824,16.11862],[100.38348,16.11991],[100.38389,16.12159]]}},{"type":"Feature","properties":{"k":"drain","n":""},"geometry":{"type":"LineString","coordinates":[[100.37206,16.05621],[100.37086,16.05285],[100.37035,16.0486],[100.3703,16.03856]]}},{"type":"Feature","properties":{"k":"canal","n":""},"geometry":{"type":"LineString","coordinates":[[100.37212,16.05645],[100.37206,16.05621]]}},{"type":"Feature","properties":{"k":"canal","n":""},"geometry":{"type":"LineString","coordinates":[[100.34336,16.06838],[100.34352,16.06829]]}},{"type":"Feature","properties":{"k":"canal","n":""},"geometry":{"type":"LineString","coordinates":[[100.34352,16.06829],[100.34581,16.06725],[100.34761,16.06706],[100.35739,16.06967],[100.35994,16.06945],[100.36401,16.06644],[100.36642,16.06256],[100.3716,16.05771],[100.37212,16.05645]]}},{"type":"Feature","properties":{"k":"canal","n":""},"geometry":{"type":"LineString","coordinates":[[100.36826,16.10259],[100.37135,16.10396],[100.37227,16.10559],[100.37219,16.10696],[100.37098,16.10767],[100.36705,16.10734],[100.36429,16.10984],[100.36423,16.11082],[100.36519,16.11114],[100.36994,16.11068],[100.37305,16.11177],[100.37275,16.11291],[100.37029,16.11484],[100.36956,16.1161],[100.37046,16.12026],[100.37158,16.12173],[100.3729,16.12156],[100.3748,16.11856]]}},{"type":"Feature","properties":{"k":"drain","n":""},"geometry":{"type":"LineString","coordinates":[[100.36333,16.1051],[100.3587,16.11188],[100.34038,16.11846],[100.33799,16.11852],[100.32896,16.11591]]}},{"type":"Feature","properties":{"k":"canal","n":""},"geometry":{"type":"LineString","coordinates":[[100.36826,16.10259],[100.36464,16.10228],[100.36374,16.10312],[100.36313,16.10444],[100.36333,16.1051]]}},{"type":"Feature","properties":{"k":"canal","n":""},"geometry":{"type":"LineString","coordinates":[[100.33358,16.35194],[100.33162,16.35442],[100.33133,16.35636],[100.33184,16.35761],[100.33587,16.36213],[100.33627,16.36415],[100.33127,16.37397],[100.32924,16.38054],[100.32846,16.3816],[100.32641,16.38271]]}},{"type":"Feature","properties":{"k":"canal","n":""},"geometry":{"type":"LineString","coordinates":[[100.52636,16.41724],[100.52489,16.41715]]}},{"type":"Feature","properties":{"k":"canal","n":""},"geometry":{"type":"LineString","coordinates":[[100.52931,16.41729],[100.52865,16.4173],[100.5282,16.41823],[100.52727,16.41865]]}},{"type":"Feature","properties":{"k":"canal","n":""},"geometry":{"type":"LineString","coordinates":[[100.52152,16.41745],[100.523,16.41745]]}},{"type":"Feature","properties":{"k":"canal","n":""},"geometry":{"type":"LineString","coordinates":[[100.52635,16.41735],[100.52678,16.41861]]}},{"type":"Feature","properties":{"k":"canal","n":""},"geometry":{"type":"LineString","coordinates":[[100.52466,16.41714],[100.52356,16.41732],[100.52364,16.41798],[100.52315,16.41758]]}},{"type":"Feature","properties":{"k":"drain","n":""},"geometry":{"type":"LineString","coordinates":[[100.37005,16.03356],[100.36998,16.03335]]}},{"type":"Feature","properties":{"k":"drain","n":""},"geometry":{"type":"LineString","coordinates":[[100.3703,16.03856],[100.37005,16.03356]]}},{"type":"Feature","properties":{"k":"canal","n":""},"geometry":{"type":"LineString","coordinates":[[100.34135,16.32671],[100.34335,16.32436]]}},{"type":"Feature","properties":{"k":"canal","n":""},"geometry":{"type":"LineString","coordinates":[[100.34348,16.32427],[100.34633,16.32258],[100.34676,16.32151]]}},{"type":"Feature","properties":{"k":"drain","n":""},"geometry":{"type":"LineString","coordinates":[[100.3343,16.32501],[100.32795,16.32411],[100.31917,16.3257],[100.31735,16.32689],[100.31641,16.32947]]}},{"type":"Feature","properties":{"k":"drain","n":""},"geometry":{"type":"LineString","coordinates":[[100.31641,16.32947],[100.31635,16.32969]]}},{"type":"Feature","properties":{"k":"drain","n":""},"geometry":{"type":"LineString","coordinates":[[100.34119,16.32685],[100.34135,16.32671]]}},{"type":"Feature","properties":{"k":"canal","n":""},"geometry":{"type":"LineString","coordinates":[[100.34309,16.34145],[100.34481,16.34011],[100.34554,16.33874],[100.34622,16.33254],[100.34683,16.33136],[100.34811,16.3305],[100.35414,16.32897],[100.36403,16.32103],[100.36064,16.31656],[100.36322,16.30885],[100.36315,16.30754],[100.35756,16.29634],[100.35538,16.29474],[100.35014,16.29459],[100.34844,16.29393],[100.34746,16.29245],[100.34656,16.28885]]}},{"type":"Feature","properties":{"k":"drain","n":""},"geometry":{"type":"LineString","coordinates":[[100.33441,16.32503],[100.3385,16.32568]]}},{"type":"Feature","properties":{"k":"canal","n":""},"geometry":{"type":"LineString","coordinates":[[100.33202,16.32211],[100.3336,16.32263],[100.33448,16.32412],[100.3376,16.32467],[100.33916,16.32633],[100.34119,16.32685]]}},{"type":"Feature","properties":{"k":"drain","n":""},"geometry":{"type":"LineString","coordinates":[[100.34335,16.32436],[100.34348,16.32427]]}},{"type":"Feature","properties":{"k":"canal","n":"สายดินแดง"},"geometry":{"type":"LineString","coordinates":[[100.43884,16.45344],[100.4379,16.45322],[100.43711,16.45391],[100.43631,16.45377],[100.43537,16.45316],[100.43613,16.45233],[100.4359,16.45184],[100.43364,16.45137],[100.43464,16.44848],[100.4345,16.44792],[100.43257,16.44658]]}},{"type":"Feature","properties":{"k":"canal","n":""},"geometry":{"type":"LineString","coordinates":[[100.43438,16.44908],[100.43762,16.45008],[100.44129,16.44932],[100.44466,16.44929]]}},{"type":"Feature","properties":{"k":"drain","n":""},"geometry":{"type":"LineString","coordinates":[[100.91206,16.21214],[100.91147,16.2125],[100.91155,16.21386],[100.9126,16.21389],[100.91114,16.21513],[100.91079,16.21611]]}},{"type":"Feature","properties":{"k":"drain","n":""},"geometry":{"type":"LineString","coordinates":[[100.92325,16.19947],[100.92229,16.20033],[100.92277,16.2019]]}},{"type":"Feature","properties":{"k":"drain","n":""},"geometry":{"type":"LineString","coordinates":[[100.92277,16.2019],[100.92409,16.20441],[100.92396,16.20502],[100.922,16.20642],[100.92209,16.20706],[100.9229,16.20809],[100.92456,16.20784],[100.92654,16.2102],[100.92805,16.21013]]}},{"type":"Feature","properties":{"k":"drain","n":""},"geometry":{"type":"LineString","coordinates":[[100.92805,16.21013],[100.92965,16.21037],[100.9295,16.21223]]}},{"type":"Feature","properties":{"k":"canal","n":""},"geometry":{"type":"LineString","coordinates":[[100.92976,16.21088],[100.93018,16.21162],[100.9295,16.21223],[100.92954,16.21293],[100.9316,16.21404]]}},{"type":"Feature","properties":{"k":"canal","n":""},"geometry":{"type":"LineString","coordinates":[[100.93015,16.21169],[100.93219,16.21262]]}},{"type":"Feature","properties":{"k":"canal","n":""},"geometry":{"type":"LineString","coordinates":[[100.62319,16.35356],[100.62307,16.35399],[100.62381,16.35404],[100.6231,16.35505],[100.62402,16.35562],[100.62311,16.35638]]}},{"type":"Feature","properties":{"k":"canal","n":""},"geometry":{"type":"LineString","coordinates":[[100.62298,16.35651],[100.62293,16.35786]]}},{"type":"Feature","properties":{"k":"canal","n":""},"geometry":{"type":"LineString","coordinates":[[100.6238,16.3593],[100.62417,16.35935],[100.6249,16.36145],[100.62632,16.36142],[100.6269,16.35989],[100.62858,16.35984],[100.62902,16.36069],[100.62971,16.3605],[100.63029,16.36129],[100.63069,16.36074],[100.63123,16.36152],[100.63179,16.3609],[100.63228,16.36151],[100.63299,16.3613],[100.63364,16.36268],[100.63401,16.3626],[100.63392,16.36185],[100.63449,16.36185],[100.63503,16.36259],[100.63616,16.36184],[100.63658,16.3622],[100.63755,16.36172],[100.6382,16.36209],[100.63888,16.3609],[100.63937,16.36162],[100.64123,16.36159],[100.64227,16.3614],[100.6426,16.3607],[100.64308,16.36125],[100.64474,16.3614],[100.6452,16.36266],[100.6464,16.36221],[100.64721,16.3605],[100.64835,16.36119],[100.64998,16.36078],[100.65,16.35944],[100.65095,16.35987],[100.65297,16.35951],[100.654,16.35994],[100.65403,16.35949],[100.65507,16.35955],[100.65532,16.35912],[100.65616,16.35944],[100.65678,16.35838],[100.65747,16.35842],[100.6576,16.35735],[100.65824,16.35791],[100.65891,16.35693],[100.65927,16.35495]]}},{"type":"Feature","properties":{"k":"canal","n":""},"geometry":{"type":"LineString","coordinates":[[100.55856,16.4142],[100.55844,16.41325],[100.55906,16.41412],[100.56006,16.41389],[100.56116,16.41469],[100.56114,16.4152],[100.56174,16.41517],[100.56204,16.41607],[100.56302,16.41447],[100.56344,16.4145],[100.56359,16.41517],[100.56443,16.41481],[100.5657,16.41527],[100.56604,16.41484],[100.56572,16.41391],[100.56699,16.41405],[100.56735,16.41461],[100.56887,16.4139],[100.56851,16.41468],[100.57117,16.4165],[100.57156,16.41772],[100.57266,16.41753],[100.57434,16.41869],[100.57518,16.41867],[100.57609,16.4207],[100.57802,16.42023],[100.57767,16.42139],[100.57796,16.42174],[100.57862,16.42151],[100.58033,16.42246],[100.58226,16.42218],[100.58258,16.42271],[100.58703,16.42133],[100.58731,16.42208],[100.58787,16.42192],[100.58928,16.42274],[100.59043,16.42254],[100.59066,16.42325],[100.59161,16.42331],[100.59144,16.42221],[100.59221,16.42158],[100.59288,16.42168],[100.59368,16.42052],[100.59461,16.42063],[100.59463,16.41992],[100.59303,16.41833],[100.59302,16.41772],[100.59453,16.41683],[100.59505,16.41553],[100.59559,16.41597],[100.59655,16.41535],[100.59727,16.4169],[100.59723,16.41628],[100.59853,16.41471],[100.59937,16.41448],[100.60083,16.41503],[100.60084,16.41382],[100.60253,16.41442],[100.60271,16.41491]]}},{"type":"Feature","properties":{"k":"canal","n":""},"geometry":{"type":"LineString","coordinates":[[100.59876,16.41471],[100.59908,16.41592],[100.60036,16.41509]]}},{"type":"Feature","properties":{"k":"canal","n":""},"geometry":{"type":"LineString","coordinates":[[100.60474,16.41624],[100.6049,16.41713],[100.60404,16.41744],[100.60319,16.41852]]}},{"type":"Feature","properties":{"k":"canal","n":""},"geometry":{"type":"LineString","coordinates":[[100.60328,16.41861],[100.60444,16.42118],[100.60489,16.42117]]}},{"type":"Feature","properties":{"k":"canal","n":""},"geometry":{"type":"LineString","coordinates":[[100.56,16.40128],[100.56011,16.4003],[100.56129,16.40103],[100.5616,16.40008],[100.56239,16.4009],[100.56296,16.40078],[100.56312,16.39935],[100.56385,16.39927],[100.56351,16.40004],[100.56407,16.40016],[100.56401,16.39954],[100.56554,16.39933],[100.56564,16.39884]]}},{"type":"Feature","properties":{"k":"canal","n":""},"geometry":{"type":"LineString","coordinates":[[100.55993,16.39107],[100.55924,16.39128],[100.55809,16.3931],[100.55656,16.39323],[100.55274,16.39651]]}},{"type":"Feature","properties":{"k":"canal","n":""},"geometry":{"type":"LineString","coordinates":[[100.55262,16.39664],[100.55211,16.39694],[100.55078,16.39651],[100.55017,16.39723],[100.54862,16.39651],[100.54765,16.39751],[100.54685,16.39733],[100.54667,16.39807],[100.54414,16.39775]]}},{"type":"Feature","properties":{"k":"canal","n":""},"geometry":{"type":"LineString","coordinates":[[100.54389,16.39785],[100.54226,16.39948],[100.5404,16.40006],[100.53769,16.4021],[100.53234,16.4008]]}},{"type":"Feature","properties":{"k":"canal","n":""},"geometry":{"type":"LineString","coordinates":[[100.53228,16.40064],[100.53056,16.40037],[100.52691,16.39834]]}},{"type":"Feature","properties":{"k":"canal","n":""},"geometry":{"type":"LineString","coordinates":[[100.52784,16.39747],[100.52684,16.39784],[100.52691,16.39834],[100.52598,16.39908],[100.52474,16.39906],[100.5242,16.4004],[100.52353,16.40023],[100.52122,16.40186]]}},{"type":"Feature","properties":{"k":"canal","n":""},"geometry":{"type":"LineString","coordinates":[[100.52791,16.39746],[100.52854,16.39635],[100.5283,16.39571],[100.52921,16.39593]]}},{"type":"Feature","properties":{"k":"canal","n":""},"geometry":{"type":"LineString","coordinates":[[100.52937,16.39587],[100.52994,16.39564],[100.53013,16.39487],[100.53077,16.39496],[100.53115,16.39573],[100.53184,16.39437],[100.53235,16.39471]]}},{"type":"Feature","properties":{"k":"canal","n":""},"geometry":{"type":"LineString","coordinates":[[100.53235,16.39471],[100.53311,16.39472],[100.53385,16.39331]]}},{"type":"Feature","properties":{"k":"canal","n":""},"geometry":{"type":"LineString","coordinates":[[100.53919,16.40959],[100.53869,16.40902]]}},{"type":"Feature","properties":{"k":"canal","n":""},"geometry":{"type":"LineString","coordinates":[[100.55914,16.40157],[100.55989,16.40192],[100.56058,16.4013],[100.56,16.40128]]}},{"type":"Feature","properties":{"k":"canal","n":""},"geometry":{"type":"LineString","coordinates":[[100.55902,16.40145],[100.55866,16.40074],[100.55714,16.40045],[100.5564,16.40136],[100.55528,16.4013],[100.5545,16.40203]]}},{"type":"Feature","properties":{"k":"canal","n":""},"geometry":{"type":"LineString","coordinates":[[100.55435,16.40213],[100.55388,16.40273]]}},{"type":"Feature","properties":{"k":"canal","n":""},"geometry":{"type":"LineString","coordinates":[[100.55392,16.40296],[100.55361,16.40356],[100.55264,16.40305],[100.55228,16.40427],[100.55183,16.40444],[100.5522,16.40518],[100.55161,16.40523]]}},{"type":"Feature","properties":{"k":"canal","n":""},"geometry":{"type":"LineString","coordinates":[[100.55145,16.4052],[100.55158,16.40571],[100.55058,16.40739],[100.55116,16.40753]]}},{"type":"Feature","properties":{"k":"canal","n":""},"geometry":{"type":"LineString","coordinates":[[100.55135,16.40755],[100.55141,16.40853]]}},{"type":"Feature","properties":{"k":"canal","n":""},"geometry":{"type":"LineString","coordinates":[[100.55114,16.40856],[100.55027,16.40828],[100.54988,16.40882],[100.54812,16.40867],[100.54694,16.40983],[100.54589,16.40992],[100.54553,16.40923],[100.5452,16.40957]]}},{"type":"Feature","properties":{"k":"canal","n":""},"geometry":{"type":"LineString","coordinates":[[100.5452,16.40957],[100.54487,16.40953]]}},{"type":"Feature","properties":{"k":"canal","n":""},"geometry":{"type":"LineString","coordinates":[[100.53869,16.40902],[100.53744,16.40761]]}},{"type":"Feature","properties":{"k":"canal","n":""},"geometry":{"type":"LineString","coordinates":[[100.53734,16.40757],[100.53744,16.40761]]}},{"type":"Feature","properties":{"k":"canal","n":""},"geometry":{"type":"LineString","coordinates":[[100.53659,16.4073],[100.53734,16.40757]]}},{"type":"Feature","properties":{"k":"canal","n":""},"geometry":{"type":"LineString","coordinates":[[100.53649,16.40734],[100.53659,16.4073]]}},{"type":"Feature","properties":{"k":"canal","n":""},"geometry":{"type":"LineString","coordinates":[[100.54474,16.4095],[100.54211,16.40898],[100.54163,16.4095],[100.5416,16.40874],[100.54119,16.40964],[100.5408,16.40886],[100.5401,16.40935],[100.53949,16.40909],[100.53919,16.40959]]}},{"type":"Feature","properties":{"k":"canal","n":""},"geometry":{"type":"LineString","coordinates":[[100.54487,16.40953],[100.54474,16.4095]]}},{"type":"Feature","properties":{"k":"canal","n":""},"geometry":{"type":"LineString","coordinates":[[100.42673,16.43683],[100.42823,16.43669],[100.42868,16.43732],[100.42946,16.43647],[100.43067,16.43662],[100.431,16.43609],[100.43192,16.43768],[100.43596,16.44073],[100.43657,16.44054],[100.44084,16.44248],[100.44297,16.44276],[100.44902,16.44549],[100.44989,16.44504],[100.45141,16.44558],[100.45338,16.44447],[100.45428,16.4455],[100.45543,16.44571],[100.45614,16.44512],[100.45829,16.44548],[100.45919,16.44623],[100.46066,16.44621],[100.46339,16.44724],[100.4639,16.44847],[100.46512,16.44956],[100.46874,16.45132],[100.46873,16.45224],[100.46959,16.45235],[100.47046,16.45162],[100.47092,16.45237],[100.47196,16.45267],[100.47232,16.45387],[100.47418,16.4534],[100.47545,16.45375],[100.475,16.453],[100.47579,16.45202],[100.4774,16.45281],[100.47902,16.4527],[100.47932,16.45192],[100.48252,16.45023],[100.48274,16.44948],[100.48292,16.44989],[100.48395,16.4496],[100.48433,16.44872],[100.48505,16.44843],[100.48381,16.44682],[100.48387,16.44569],[100.48602,16.44328]]}},{"type":"Feature","properties":{"k":"canal","n":""},"geometry":{"type":"LineString","coordinates":[[100.65012,16.37547],[100.64864,16.37683],[100.64766,16.37587],[100.64774,16.37512],[100.64581,16.37399],[100.64466,16.37231],[100.64386,16.37328],[100.64236,16.37361],[100.64103,16.37457]]}},{"type":"Feature","properties":{"k":"canal","n":""},"geometry":{"type":"LineString","coordinates":[[100.65712,16.37125],[100.6557,16.37202],[100.6544,16.37199],[100.6524,16.37275],[100.65024,16.37547]]}},{"type":"Feature","properties":{"k":"canal","n":""},"geometry":{"type":"LineString","coordinates":[[100.65024,16.37547],[100.65012,16.37547]]}},{"type":"Feature","properties":{"k":"canal","n":""},"geometry":{"type":"LineString","coordinates":[[100.64094,16.37466],[100.64026,16.37529],[100.64014,16.37617],[100.63879,16.37686],[100.63841,16.37629],[100.63628,16.37676],[100.63559,16.37603],[100.63575,16.37535],[100.63337,16.37543],[100.63195,16.37485],[100.63114,16.37519],[100.62946,16.37474],[100.62908,16.37583],[100.62738,16.3747],[100.62672,16.37518],[100.6261,16.37519],[100.62581,16.37464],[100.62498,16.37507]]}},{"type":"Feature","properties":{"k":"canal","n":""},"geometry":{"type":"LineString","coordinates":[[100.40816,16.33076],[100.41031,16.33107]]}},{"type":"Feature","properties":{"k":"canal","n":""},"geometry":{"type":"LineString","coordinates":[[100.42503,16.33394],[100.42586,16.33564],[100.42928,16.33591],[100.42999,16.33637],[100.43562,16.33509]]}},{"type":"Feature","properties":{"k":"canal","n":""},"geometry":{"type":"LineString","coordinates":[[100.41158,16.33124],[100.41247,16.33196],[100.41419,16.33114],[100.41612,16.33135],[100.41676,16.33169],[100.41668,16.33252],[100.41858,16.33278],[100.42172,16.33226],[100.42189,16.33286],[100.42367,16.33268],[100.42506,16.33386]]}},{"type":"Feature","properties":{"k":"canal","n":""},"geometry":{"type":"LineString","coordinates":[[100.42506,16.33386],[100.42503,16.33394]]}},{"type":"Feature","properties":{"k":"canal","n":""},"geometry":{"type":"LineString","coordinates":[[100.43574,16.33509],[100.43819,16.33525],[100.43875,16.33576],[100.44386,16.33425],[100.44594,16.33418]]}},{"type":"Feature","properties":{"k":"canal","n":""},"geometry":{"type":"LineString","coordinates":[[100.43562,16.33509],[100.43574,16.33509]]}},{"type":"Feature","properties":{"k":"canal","n":""},"geometry":{"type":"LineString","coordinates":[[100.44605,16.33418],[100.44705,16.33414]]}},{"type":"Feature","properties":{"k":"canal","n":""},"geometry":{"type":"LineString","coordinates":[[100.44594,16.33418],[100.44605,16.33418]]}},{"type":"Feature","properties":{"k":"canal","n":""},"geometry":{"type":"LineString","coordinates":[[100.40223,16.19554],[100.40211,16.19684]]}},{"type":"Feature","properties":{"k":"canal","n":""},"geometry":{"type":"LineString","coordinates":[[100.40225,16.19549],[100.40223,16.19554]]}},{"type":"Feature","properties":{"k":"canal","n":""},"geometry":{"type":"LineString","coordinates":[[100.40212,16.19694],[100.40445,16.20028],[100.40759,16.2124],[100.40748,16.21316],[100.40604,16.21443],[100.40584,16.21548],[100.40887,16.21977]]}},{"type":"Feature","properties":{"k":"canal","n":""},"geometry":{"type":"LineString","coordinates":[[100.40211,16.19684],[100.40212,16.19694]]}},{"type":"Feature","properties":{"k":"drain","n":""},"geometry":{"type":"LineString","coordinates":[[100.37055,16.20807],[100.3711,16.21064],[100.3728,16.21396]]}},{"type":"Feature","properties":{"k":"drain","n":""},"geometry":{"type":"LineString","coordinates":[[100.37053,16.20797],[100.37055,16.20807]]}},{"type":"Feature","properties":{"k":"drain","n":""},"geometry":{"type":"LineString","coordinates":[[100.37285,16.21406],[100.3737,16.22248]]}},{"type":"Feature","properties":{"k":"drain","n":""},"geometry":{"type":"LineString","coordinates":[[100.3728,16.21396],[100.37285,16.21406]]}},{"type":"Feature","properties":{"k":"canal","n":"คลองวังโป่ง"},"geometry":{"type":"LineString","coordinates":[[100.92689,16.3574],[100.92647,16.35807],[100.92652,16.36049],[100.92522,16.3605],[100.92461,16.35982],[100.92358,16.36005],[100.92293,16.36365],[100.92071,16.36412],[100.91939,16.36521],[100.91775,16.36459],[100.91663,16.36543],[100.91554,16.3646],[100.91422,16.36579],[100.91283,16.36499],[100.90986,16.36465],[100.90953,16.366],[100.90701,16.36987],[100.90523,16.36922],[100.9027,16.37111],[100.90039,16.37158],[100.89923,16.37114],[100.89597,16.37203],[100.89335,16.37104],[100.89049,16.37176],[100.88971,16.37279],[100.88992,16.37398],[100.88844,16.37357],[100.88692,16.37377],[100.88573,16.37324],[100.88505,16.37234],[100.88339,16.37186],[100.88226,16.37216],[100.88003,16.37401],[100.87803,16.37307],[100.87684,16.37452],[100.87351,16.37524],[100.87223,16.37464],[100.87133,16.37327],[100.86877,16.3714],[100.86778,16.37136],[100.86666,16.37306],[100.86622,16.37305],[100.86307,16.3719],[100.86165,16.37194],[100.86139,16.37014],[100.86043,16.36938],[100.85892,16.37088],[100.85691,16.37082],[100.85558,16.36963],[100.85557,16.36852],[100.85394,16.36858],[100.85125,16.36746],[100.85038,16.36763],[100.85,16.36708],[100.84946,16.36743],[100.84957,16.36968],[100.84726,16.37079],[100.845,16.36941],[100.8445,16.36728],[100.8407,16.36752],[100.83963,16.36701],[100.83946,16.36661],[100.84099,16.36594],[100.83955,16.36501]]}},{"type":"Feature","properties":{"k":"canal","n":""},"geometry":{"type":"LineString","coordinates":[[100.59035,16.26252],[100.58745,16.26277],[100.58307,16.26417],[100.57586,16.26467]]}},{"type":"Feature","properties":{"k":"canal","n":""},"geometry":{"type":"LineString","coordinates":[[100.59201,16.28976],[100.5911,16.28775],[100.59128,16.28675],[100.59077,16.28586],[100.58888,16.28461],[100.58858,16.28311],[100.58725,16.28072],[100.58794,16.27733],[100.58576,16.27476],[100.5841,16.27459],[100.5829,16.27245],[100.58151,16.27194],[100.58119,16.27094],[100.58148,16.2691],[100.58022,16.26784],[100.58,16.26674],[100.57921,16.26691],[100.57909,16.2658]]}},{"type":"Feature","properties":{"k":"canal","n":""},"geometry":{"type":"LineString","coordinates":[[100.5791,16.2657],[100.5791,16.26559]]}},{"type":"Feature","properties":{"k":"canal","n":""},"geometry":{"type":"LineString","coordinates":[[100.57909,16.2658],[100.5791,16.2657]]}},{"type":"Feature","properties":{"k":"canal","n":""},"geometry":{"type":"LineString","coordinates":[[100.58051,16.27749],[100.57932,16.27473],[100.57834,16.27439],[100.57881,16.27051],[100.57871,16.26984],[100.57833,16.26987],[100.57853,16.26889],[100.57791,16.26616]]}},{"type":"Feature","properties":{"k":"canal","n":""},"geometry":{"type":"LineString","coordinates":[[100.58597,16.27269],[100.58462,16.27154],[100.58429,16.26826]]}},{"type":"Feature","properties":{"k":"canal","n":""},"geometry":{"type":"LineString","coordinates":[[100.55991,16.26642],[100.56038,16.26748],[100.5632,16.26706],[100.56362,16.26617],[100.56634,16.26637],[100.57009,16.2648],[100.57221,16.26454],[100.5723,16.26409],[100.57356,16.26353]]}},{"type":"Feature","properties":{"k":"canal","n":"คลองขุด"},"geometry":{"type":"LineString","coordinates":[[100.54036,16.2356],[100.53659,16.23543],[100.53366,16.23369],[100.5328,16.23248],[100.52824,16.23236],[100.5276,16.23114],[100.52243,16.23177],[100.5221,16.23019],[100.52049,16.23031],[100.52006,16.22912],[100.51896,16.22938],[100.51747,16.22799],[100.51675,16.22484],[100.51575,16.22341],[100.51334,16.22351],[100.51207,16.22257],[100.50896,16.22203],[100.50818,16.22069],[100.50157,16.22018],[100.49774,16.21899],[100.49409,16.21603],[100.49294,16.2157],[100.49083,16.21612],[100.48675,16.21312],[100.48295,16.21341]]}},{"type":"Feature","properties":{"k":"canal","n":"คลองทับคล้อ"},"geometry":{"type":"LineString","coordinates":[[100.63087,16.22849],[100.62651,16.22677],[100.6256,16.22693],[100.62507,16.22599],[100.62221,16.22449]]}},{"type":"Feature","properties":{"k":"drain","n":""},"geometry":{"type":"LineString","coordinates":[[100.85793,16.18961],[100.8577,16.19025]]}},{"type":"Feature","properties":{"k":"drain","n":""},"geometry":{"type":"LineString","coordinates":[[100.8577,16.19035],[100.85767,16.19099]]}},{"type":"Feature","properties":{"k":"drain","n":""},"geometry":{"type":"LineString","coordinates":[[100.8577,16.19025],[100.8577,16.19035]]}},{"type":"Feature","properties":{"k":"ditch","n":""},"geometry":{"type":"LineString","coordinates":[[100.72301,16.1251],[100.7207,16.12621],[100.71109,16.12742]]}},{"type":"Feature","properties":{"k":"canal","n":""},"geometry":{"type":"LineString","coordinates":[[100.59337,16.16991],[100.58908,16.17242],[100.5842,16.17282],[100.58385,16.17049],[100.58272,16.16844],[100.58149,16.16393],[100.58234,16.16279]]}},{"type":"Feature","properties":{"k":"canal","n":""},"geometry":{"type":"LineString","coordinates":[[100.40149,16.30921],[100.39566,16.30706],[100.39483,16.3062],[100.39377,16.30352]]}},{"type":"Feature","properties":{"k":"canal","n":""},"geometry":{"type":"LineString","coordinates":[[100.3687,16.37311],[100.36773,16.37441],[100.36614,16.38044]]}},{"type":"Feature","properties":{"k":"canal","n":""},"geometry":{"type":"LineString","coordinates":[[100.36471,16.3799],[100.36691,16.38092],[100.36814,16.38222],[100.36704,16.38308],[100.36542,16.38333],[100.3649,16.38463],[100.36208,16.38646],[100.36106,16.38632],[100.35891,16.38451],[100.35455,16.38463],[100.35374,16.38412],[100.35437,16.38295],[100.35711,16.38191],[100.35884,16.38254],[100.3606,16.38042],[100.36178,16.37996],[100.36471,16.3799]]}},{"type":"Feature","properties":{"k":"canal","n":"คลองพิกุล"},"geometry":{"type":"LineString","coordinates":[[100.76658,16.3207],[100.76504,16.31939],[100.76582,16.31809],[100.76487,16.3171],[100.76557,16.31648],[100.76468,16.31606],[100.76387,16.31698],[100.76269,16.317],[100.76288,16.31752],[100.76244,16.31783],[100.76145,16.31744],[100.76167,16.31877],[100.76243,16.31841],[100.76244,16.31879],[100.76008,16.32019],[100.75898,16.31985],[100.75905,16.31894],[100.75824,16.3191],[100.75767,16.31985],[100.75692,16.31947],[100.75693,16.31826],[100.75617,16.3169],[100.755,16.31719],[100.7536,16.31667],[100.7522,16.31707],[100.75197,16.31789],[100.75236,16.3184],[100.75348,16.31813],[100.75381,16.31962],[100.75314,16.32046],[100.7524,16.32003],[100.75064,16.32074],[100.74902,16.31972],[100.7489,16.32039],[100.74817,16.32047],[100.7481,16.32168],[100.74735,16.32032],[100.74786,16.31854],[100.74579,16.31787],[100.74536,16.31899],[100.74377,16.32048],[100.74363,16.32185],[100.74263,16.32131],[100.74283,16.32012],[100.74175,16.31962],[100.74022,16.32148],[100.74064,16.32329],[100.73976,16.32338],[100.73865,16.3226],[100.73732,16.32295],[100.73665,16.32426],[100.7354,16.32398]]}},{"type":"Feature","properties":{"k":"canal","n":"คลองพิกุล"},"geometry":{"type":"LineString","coordinates":[[100.7354,16.32398],[100.73519,16.32293],[100.73623,16.32116],[100.73495,16.32013],[100.7338,16.31967],[100.73252,16.31983],[100.73113,16.32041],[100.73085,16.32127],[100.73009,16.32129],[100.72903,16.3188],[100.72911,16.31658],[100.72996,16.31529],[100.72648,16.31521],[100.72653,16.31473],[100.72785,16.31395],[100.72623,16.31251],[100.72576,16.3128],[100.7259,16.31346],[100.72476,16.31364],[100.72454,16.31246],[100.72553,16.31206],[100.72477,16.31154],[100.72453,16.31021],[100.72388,16.30999],[100.72382,16.30866],[100.72341,16.30872]]}},{"type":"Feature","properties":{"k":"canal","n":""},"geometry":{"type":"LineString","coordinates":[[100.74799,16.32258],[100.74786,16.32196],[100.74625,16.32116],[100.74367,16.32419],[100.74121,16.3252],[100.7406,16.32507]]}},{"type":"Feature","properties":{"k":"canal","n":""},"geometry":{"type":"LineString","coordinates":[[100.74022,16.32504],[100.73631,16.32527]]}},{"type":"Feature","properties":{"k":"ditch","n":""},"geometry":{"type":"LineString","coordinates":[[100.73594,16.32528],[100.73525,16.32511]]}},{"type":"Feature","properties":{"k":"ditch","n":""},"geometry":{"type":"LineString","coordinates":[[100.73534,16.32439],[100.73045,16.32326],[100.72922,16.32253],[100.72776,16.32041],[100.72319,16.31847],[100.71961,16.31421],[100.71925,16.3135],[100.71954,16.31265]]}},{"type":"Feature","properties":{"k":"ditch","n":""},"geometry":{"type":"LineString","coordinates":[[100.73484,16.325],[100.73039,16.324],[100.72819,16.32203]]}},{"type":"Feature","properties":{"k":"canal","n":"คลองพิกุล"},"geometry":{"type":"LineString","coordinates":[[100.72341,16.30872],[100.72292,16.30841],[100.72314,16.30765],[100.72213,16.30789],[100.72207,16.30669],[100.72032,16.30531],[100.71958,16.30539],[100.71838,16.30662],[100.71664,16.30513]]}},{"type":"Feature","properties":{"k":"canal","n":"คลองพิกุล"},"geometry":{"type":"LineString","coordinates":[[100.71664,16.30513],[100.71535,16.30467],[100.71433,16.30319],[100.71123,16.30337],[100.71047,16.30487],[100.70998,16.30498],[100.7088,16.30438],[100.70939,16.30341],[100.70917,16.30305],[100.70487,16.30404],[100.70427,16.30379],[100.70373,16.30285],[100.70403,16.30046],[100.70215,16.29804],[100.70183,16.29639],[100.70021,16.29618],[100.7004,16.29475],[100.6998,16.29419],[100.69971,16.29294],[100.69768,16.29196],[100.69705,16.2896],[100.69575,16.28904],[100.69581,16.28815],[100.69686,16.2877],[100.69579,16.28685],[100.69656,16.28609],[100.6963,16.285],[100.69509,16.28415],[100.69305,16.28423],[100.69184,16.28117],[100.68942,16.28048]]}},{"type":"Feature","properties":{"k":"canal","n":""},"geometry":{"type":"LineString","coordinates":[[100.76457,16.31455],[100.76372,16.31408],[100.76248,16.3145],[100.75954,16.31368],[100.75873,16.31263],[100.75605,16.3137],[100.74957,16.31425],[100.74875,16.31471],[100.74771,16.31837]]}},{"type":"Feature","properties":{"k":"canal","n":"คลองทางข้าม"},"geometry":{"type":"LineString","coordinates":[[100.77271,16.31626],[100.77021,16.3161],[100.76951,16.31535],[100.76723,16.31559],[100.76577,16.31459],[100.76457,16.31455]]}},{"type":"Feature","properties":{"k":"canal","n":""},"geometry":{"type":"LineString","coordinates":[[100.74253,16.30731],[100.73639,16.30616],[100.73357,16.30734],[100.73317,16.30817],[100.73074,16.30854],[100.7283,16.30639],[100.72736,16.30622],[100.72715,16.30682],[100.72638,16.30635],[100.72654,16.30577],[100.72554,16.30508],[100.72413,16.30557],[100.72417,16.3046],[100.72242,16.3045],[100.72162,16.30392],[100.72108,16.30435],[100.71964,16.3035],[100.71959,16.30392],[100.71758,16.30479],[100.71707,16.30548]]}},{"type":"Feature","properties":{"k":"canal","n":"คลองพิกุล"},"geometry":{"type":"LineString","coordinates":[[100.77833,16.31822],[100.77535,16.31973],[100.77149,16.31933],[100.76855,16.32094],[100.76658,16.3207]]}},{"type":"Feature","properties":{"k":"canal","n":"คลองพิกุล"},"geometry":{"type":"LineString","coordinates":[[100.77197,16.31609],[100.77037,16.31743],[100.77044,16.31854],[100.7696,16.31881],[100.76909,16.31845],[100.76906,16.31739],[100.76857,16.31796],[100.76794,16.31785],[100.76805,16.31878],[100.76862,16.31906],[100.76752,16.3194],[100.7676,16.32047],[100.76658,16.3207]]}},{"type":"Feature","properties":{"k":"canal","n":"คลองพิกุล"},"geometry":{"type":"LineString","coordinates":[[100.68942,16.28048],[100.68702,16.27893],[100.6844,16.27555],[100.68153,16.27572],[100.68061,16.2753],[100.67962,16.27224],[100.67834,16.27064],[100.67778,16.26896],[100.6782,16.26694],[100.67675,16.26321],[100.67654,16.25955],[100.67397,16.25716],[100.67328,16.25582],[100.66948,16.2551],[100.6693,16.2544],[100.67015,16.25166],[100.66924,16.25066],[100.66778,16.2513],[100.66715,16.25096],[100.6677,16.24952],[100.66737,16.2486]]}},{"type":"Feature","properties":{"k":"canal","n":"คลองลำหมีตาย"},"geometry":{"type":"LineString","coordinates":[[100.82901,16.27652],[100.82845,16.277],[100.82756,16.2769],[100.82607,16.27864],[100.82559,16.2796],[100.82616,16.28013],[100.82596,16.28202],[100.82467,16.28205],[100.82492,16.28309],[100.82385,16.28337],[100.82326,16.28447],[100.82159,16.28444],[100.82016,16.2836],[100.81983,16.28382],[100.82029,16.28479],[100.81922,16.28468],[100.81855,16.28391],[100.81678,16.28406],[100.81651,16.28294],[100.81507,16.28333],[100.8145,16.28468],[100.81278,16.28458],[100.81247,16.28401],[100.81176,16.28445],[100.81216,16.28234],[100.81171,16.2828],[100.8111,16.28243],[100.80984,16.28041],[100.80887,16.27982],[100.80814,16.28012],[100.80756,16.27929],[100.80666,16.27925],[100.80441,16.27804],[100.80417,16.27722],[100.80288,16.27659],[100.80078,16.27613],[100.80023,16.27504],[100.79897,16.27511],[100.79843,16.27425],[100.79653,16.27436],[100.7962,16.27303],[100.79514,16.27278],[100.79447,16.27179],[100.79392,16.27191],[100.79311,16.27315],[100.78983,16.27276],[100.78803,16.27398],[100.78662,16.27207],[100.78623,16.2707],[100.7851,16.27049],[100.78505,16.27145],[100.78458,16.27181],[100.78408,16.27076],[100.78302,16.27063],[100.78227,16.2699],[100.78191,16.27114],[100.78143,16.27119],[100.78015,16.26753],[100.77946,16.26717],[100.77647,16.26741],[100.77612,16.26846],[100.77532,16.26873],[100.77439,16.26747],[100.77312,16.26723],[100.77249,16.26863],[100.77203,16.26872],[100.76681,16.26534],[100.76683,16.2628],[100.76567,16.26246],[100.76547,16.26165],[100.76454,16.26101],[100.76322,16.26095],[100.76283,16.25999],[100.76163,16.26047],[100.76055,16.25957],[100.75962,16.26051],[100.75808,16.26095],[100.75731,16.26368],[100.75657,16.26277],[100.75411,16.26382],[100.75434,16.26286],[100.75257,16.26237],[100.7522,16.26105],[100.75181,16.26124],[100.75186,16.26211],[100.75067,16.26252],[100.75039,16.2618],[100.75084,16.26075],[100.75011,16.26052],[100.74911,16.26114],[100.749,16.25957],[100.74691,16.25992],[100.74364,16.25726],[100.74195,16.25708],[100.74146,16.25752],[100.73978,16.2563],[100.7391,16.25656],[100.73831,16.25816],[100.73727,16.25738],[100.73581,16.25858],[100.73359,16.25901],[100.73311,16.25869],[100.73314,16.25781],[100.73127,16.2575],[100.73084,16.25859],[100.7296,16.25843],[100.72904,16.25965],[100.72714,16.25924],[100.7271,16.25864],[100.72783,16.2581],[100.72727,16.25774],[100.72575,16.25896],[100.72466,16.25871],[100.72364,16.25907],[100.72347,16.25806],[100.72245,16.25767],[100.72235,16.25685],[100.71863,16.25791],[100.71738,16.25537],[100.71643,16.25558],[100.716,16.2568],[100.71458,16.25597],[100.71347,16.25658],[100.71282,16.25572],[100.71126,16.25522],[100.7101,16.25595],[100.70921,16.25549],[100.70801,16.25579],[100.70805,16.25424],[100.70675,16.2534],[100.70585,16.25358],[100.70363,16.25263],[100.70308,16.25195],[100.70041,16.25319],[100.6988,16.25187],[100.69739,16.25218],[100.69664,16.25105],[100.69548,16.25188],[100.69603,16.24966],[100.69464,16.24988],[100.69443,16.24875],[100.69377,16.24811],[100.69172,16.24834],[100.69148,16.24919],[100.69074,16.24946],[100.69059,16.25036],[100.68938,16.2499],[100.68892,16.25065],[100.68787,16.25007],[100.68623,16.25068],[100.68549,16.24988],[100.68478,16.2512],[100.68391,16.24986],[100.683,16.24967],[100.68306,16.24902],[100.68254,16.24909],[100.68236,16.24982],[100.68181,16.24975],[100.68109,16.24813],[100.68071,16.24834],[100.68091,16.24977],[100.6805,16.24988],[100.68023,16.24881],[100.67908,16.24857],[100.6787,16.2475],[100.67735,16.24769],[100.67801,16.24844],[100.6778,16.24878],[100.67623,16.2478],[100.67438,16.24829],[100.67326,16.24925],[100.67368,16.25013],[100.67164,16.24915],[100.67149,16.24864],[100.67073,16.24968],[100.66922,16.24933],[100.66879,16.24973],[100.66848,16.2493],[100.66942,16.24856],[100.66932,16.24817],[100.66737,16.2486]]}},{"type":"Feature","properties":{"k":"dyke","n":""},"geometry":{"type":"LineString","coordinates":[[100.13729,15.50553],[100.13703,15.50508]]}},{"type":"Feature","properties":{"k":"dyke","n":""},"geometry":{"type":"LineString","coordinates":[[100.1371,15.50558],[100.13688,15.50525]]}},{"type":"Feature","properties":{"k":"dyke","n":""},"geometry":{"type":"LineString","coordinates":[[100.13759,15.50603],[100.13768,15.50565],[100.13778,15.50604]]}},{"type":"Feature","properties":{"k":"dyke","n":""},"geometry":{"type":"LineString","coordinates":[[100.13755,15.50635],[100.13775,15.50649]]}},{"type":"Feature","properties":{"k":"dyke","n":""},"geometry":{"type":"LineString","coordinates":[[100.13746,15.50647],[100.13766,15.50659]]}},{"type":"Feature","properties":{"k":"dyke","n":""},"geometry":{"type":"LineString","coordinates":[[100.13645,15.50435],[100.13627,15.50406]]}},{"type":"Feature","properties":{"k":"dyke","n":""},"geometry":{"type":"LineString","coordinates":[[100.13588,15.50452],[100.136,15.50422]]}},{"type":"Feature","properties":{"k":"dyke","n":""},"geometry":{"type":"LineString","coordinates":[[100.13055,15.5102],[100.13049,15.50973]]}},{"type":"Feature","properties":{"k":"dyke","n":""},"geometry":{"type":"LineString","coordinates":[[100.13079,15.51207],[100.13073,15.5116]]}},{"type":"Feature","properties":{"k":"dyke","n":""},"geometry":{"type":"LineString","coordinates":[[100.32444,15.03239],[100.32524,15.03267]]}},{"type":"Feature","properties":{"k":"dyke","n":""},"geometry":{"type":"LineString","coordinates":[[100.32425,15.03422],[100.32527,15.03459]]}},{"type":"Feature","properties":{"k":"dyke","n":""},"geometry":{"type":"LineString","coordinates":[[100.32401,15.03596],[100.32501,15.03645]]}},{"type":"Feature","properties":{"k":"dyke","n":""},"geometry":{"type":"LineString","coordinates":[[100.32361,15.03777],[100.32445,15.03827]]}},{"type":"Feature","properties":{"k":"dyke","n":""},"geometry":{"type":"LineString","coordinates":[[100.32266,15.03932],[100.32352,15.03995]]}},{"type":"Feature","properties":{"k":"dyke","n":""},"geometry":{"type":"LineString","coordinates":[[100.32173,15.04093],[100.3224,15.04145]]}},{"type":"Feature","properties":{"k":"dyke","n":""},"geometry":{"type":"LineString","coordinates":[[100.32069,15.04245],[100.3213,15.04304]]}},{"type":"Feature","properties":{"k":"dyke","n":""},"geometry":{"type":"LineString","coordinates":[[100.31932,15.04387],[100.32009,15.04465]]}},{"type":"Feature","properties":{"k":"dyke","n":""},"geometry":{"type":"LineString","coordinates":[[100.33138,15.02394],[100.33177,15.02413]]}},{"type":"Feature","properties":{"k":"dyke","n":""},"geometry":{"type":"LineString","coordinates":[[100.33003,15.02519],[100.33051,15.0255]]}},{"type":"Feature","properties":{"k":"dyke","n":""},"geometry":{"type":"LineString","coordinates":[[100.3247,15.03045],[100.3253,15.03075]]}},{"type":"Feature","properties":{"k":"dyke","n":""},"geometry":{"type":"LineString","coordinates":[[100.32519,15.02871],[100.32564,15.02897]]}},{"type":"Feature","properties":{"k":"dyke","n":""},"geometry":{"type":"LineString","coordinates":[[100.31809,15.0452],[100.31874,15.04602]]}},{"type":"Feature","properties":{"k":"dyke","n":""},"geometry":{"type":"LineString","coordinates":[[100.31683,15.04648],[100.31726,15.04713]]}},{"type":"Feature","properties":{"k":"dyke","n":""},"geometry":{"type":"LineString","coordinates":[[100.31096,15.04955],[100.30555,15.05059],[100.30435,15.05202],[100.30411,15.05377]]}},{"type":"Feature","properties":{"k":"dyke","n":""},"geometry":{"type":"LineString","coordinates":[[100.30435,15.05497],[100.30522,15.05689],[100.30826,15.05978],[100.30852,15.06081]]}},{"type":"Feature","properties":{"k":"dyke","n":""},"geometry":{"type":"LineString","coordinates":[[100.28353,15.08988],[100.28264,15.09476],[100.28439,15.10053],[100.28344,15.10185],[100.28171,15.1026],[100.28033,15.10305],[100.27893,15.10279]]}},{"type":"Feature","properties":{"k":"dyke","n":""},"geometry":{"type":"LineString","coordinates":[[100.25626,15.1274],[100.25187,15.13533],[100.24709,15.13966],[100.24482,15.14255],[100.24407,15.1457],[100.24424,15.14856],[100.24376,15.1508]]}},{"type":"Feature","properties":{"k":"dyke","n":""},"geometry":{"type":"LineString","coordinates":[[100.22748,15.17184],[100.22461,15.17347],[100.21927,15.17417]]}},{"type":"Feature","properties":{"k":"dyke","n":""},"geometry":{"type":"LineString","coordinates":[[100.18275,15.27184],[100.18336,15.27439],[100.18656,15.27748],[100.18672,15.27979],[100.186,15.28146],[100.18527,15.28178]]}},{"type":"Feature","properties":{"k":"dyke","n":""},"geometry":{"type":"LineString","coordinates":[[100.33691,16.42659],[100.33784,16.42444],[100.33844,16.41966],[100.34018,16.41844]]}},{"type":"Feature","properties":{"k":"dyke","n":"ทางเท้าริมน้ำสะแกกรัง"},"geometry":{"type":"LineString","coordinates":[[100.02992,15.38261],[100.02912,15.38425],[100.02931,15.3857],[100.03088,15.38836],[100.03198,15.38869],[100.03263,15.38819],[100.03299,15.38874],[100.03116,15.39099],[100.03237,15.39166],[100.03369,15.39106],[100.03396,15.3916],[100.03603,15.39234],[100.03836,15.39463]]}}]}