{"type": "FeatureCollection", "features": [{"type": "Feature", "properties": {"code": "TH600101", "name": "ปากน้ำโพ", "name_en": "Pak Nam Pho", "district": "เมืองนครสวรรค์", "district_en": "Mueang Nakhon Sawan", "area_km2": 27.4}, "geometry": {"type": "Polygon", "coordinates": [[[100.13519, 15.7278], [100.13152, 15.72875], [100.12109, 15.72997], [100.11661, 15.72936], [100.11314, 15.72957], [100.11308, 15.72833], [100.11511, 15.72135], [100.11239, 15.72001], [100.10848, 15.71891], [100.10625, 15.71743], [100.1025, 15.71583], [100.10056, 15.71415], [100.09797, 15.71251], [100.09513, 15.70721], [100.08569, 15.70733], [100.10104, 15.68393], [100.10072, 15.67439], [100.09996, 15.671], [100.10177, 15.67058], [100.10571, 15.66797], [100.10745, 15.66991], [100.10921, 15.67344], [100.10996, 15.67603], [100.10985, 15.68256], [100.11499, 15.67984], [100.11571, 15.68128], [100.11624, 15.68092], [100.11641, 15.68126], [100.11676, 15.6812], [100.11721, 15.68089], [100.11682, 15.68008], [100.11725, 15.67921], [100.11808, 15.68084], [100.1204, 15.6831], [100.121, 15.68333], [100.12225, 15.68317], [100.12379, 15.68157], [100.12476, 15.68131], [100.12521, 15.68065], [100.12689, 15.68092], [100.13165, 15.68254], [100.15097, 15.69346], [100.15282, 15.69385], [100.15194, 15.69757], [100.152, 15.6989], [100.15856, 15.70628], [100.15466, 15.70907], [100.14688, 15.71571], [100.14457, 15.71498], [100.13982, 15.721], [100.13641, 15.7268], [100.13519, 15.7278]]]}}, {"type": "Feature", "properties": {"code": "TH600102", "name": "กลางแดด", "name_en": "Klang Daet", "district": "เมืองนครสวรรค์", "district_en": "Mueang Nakhon Sawan", "area_km2": 15.6}, "geometry": {"type": "Polygon", "coordinates": [[[100.1357, 15.64327], [100.13093, 15.64258], [100.13011, 15.64315], [100.12823, 15.64545], [100.12638, 15.64621], [100.12191, 15.64568], [100.12089, 15.64516], [100.1181, 15.64478], [100.11366, 15.64351], [100.11208, 15.64507], [100.1105, 15.64526], [100.10942, 15.64497], [100.10789, 15.64506], [100.10592, 15.64596], [100.1033, 15.64603], [100.10401, 15.64178], [100.10396, 15.63985], [100.1035, 15.63788], [100.10288, 15.63656], [100.10127, 15.6345], [100.09519, 15.62868], [100.09395, 15.62685], [100.09298, 15.62315], [100.09077, 15.61932], [100.09058, 15.61587], [100.09136, 15.61296], [100.09474, 15.61352], [100.09567, 15.61437], [100.09705, 15.61452], [100.09981, 15.61749], [100.10205, 15.61786], [100.10458, 15.61913], [100.10681, 15.61899], [100.10816, 15.61814], [100.11002, 15.61781], [100.1103, 15.61746], [100.11666, 15.61631], [100.11941, 15.61541], [100.1251, 15.61577], [100.12584, 15.61635], [100.12924, 15.6168], [100.12927, 15.61757], [100.12873, 15.61784], [100.12867, 15.61971], [100.13164, 15.6196], [100.13313, 15.61905], [100.13548, 15.61914], [100.13656, 15.61956], [100.13877, 15.61827], [100.1394, 15.61757], [100.13977, 15.61582], [100.14116, 15.6123], [100.14129, 15.60954], [100.14238, 15.61187], [100.14388, 15.61359], [100.14417, 15.61619], [100.14459, 15.61679], [100.1455, 15.62168], [100.14494, 15.62406], [100.14607, 15.6245], [100.14665, 15.62538], [100.14705, 15.62645], [100.14698, 15.62817], [100.14659, 15.62874], [100.147, 15.63008], [100.1487, 15.63114], [100.14895, 15.63198], [100.14825, 15.63337], [100.14825, 15.63405], [100.14744, 15.63453], [100.14671, 15.63432], [100.14602, 15.63479], [100.14502, 15.63671], [100.14201, 15.64014], [100.14161, 15.6402], [100.14162, 15.64154], [100.13988, 15.64142], [100.1364, 15.64214], [100.13594, 15.64235], [100.1357, 15.64327]]]}}, {"type": "Feature", "properties": {"code": "TH600103", "name": "เกรียงไกร", "name_en": "Kriangkrai", "district": "เมืองนครสวรรค์", "district_en": "Mueang Nakhon Sawan", "area_km2": 44.6}, "geometry": {"type": "Polygon", "coordinates": [[[100.15107, 15.77649], [100.15055, 15.7805], [100.14904, 15.77994], [100.14774, 15.78284], [100.14587, 15.78452], [100.14203, 15.78217], [100.13854, 15.78147], [100.13672, 15.78302], [100.13619, 15.78499], [100.13673, 15.78617], [100.13638, 15.78644], [100.1367, 15.78704], [100.13571, 15.78729], [100.13536, 15.78635], [100.13203, 15.78266], [100.13188, 15.7811], [100.13217, 15.77984], [100.13349, 15.7779], [100.13796, 15.77528], [100.13915, 15.77516], [100.14001, 15.77472], [100.14114, 15.76954], [100.14466, 15.76804], [100.14789, 15.76713], [100.14829, 15.76667], [100.14804, 15.76601], [100.14631, 15.76576], [100.14257, 15.76694], [100.14079, 15.76691], [100.14023, 15.76493], [100.13956, 15.75868], [100.13736, 15.75441], [100.13732, 15.75354], [100.13789, 15.75171], [100.14273, 15.74782], [100.14378, 15.74387], [100.14427, 15.74313], [100.14609, 15.74219], [100.15003, 15.74184], [100.15152, 15.74066], [100.15206, 15.73897], [100.15144, 15.73588], [100.15237, 15.73445], [100.15479, 15.73284], [100.15508, 15.73227], [100.15499, 15.73109], [100.15332, 15.72867], [100.15468, 15.72806], [100.15885, 15.73056], [100.16239, 15.73124], [100.16253, 15.72915], [100.16311, 15.72782], [100.16397, 15.72692], [100.16659, 15.72543], [100.16817, 15.72271], [100.17003, 15.72074], [100.17163, 15.72008], [100.17356, 15.72273], [100.17575, 15.7238], [100.1798, 15.72492], [100.18339, 15.72727], [100.18474, 15.72715], [100.18541, 15.72663], [100.18753, 15.7269], [100.18924, 15.72554], [100.19041, 15.72523], [100.19138, 15.7207], [100.1925, 15.72044], [100.19882, 15.7223], [100.19928, 15.71913], [100.19878, 15.71718], [100.19794, 15.71649], [100.19715, 15.71646], [100.19477, 15.71975], [100.19385, 15.71997], [100.19289, 15.71956], [100.19218, 15.71806], [100.19229, 15.71547], [100.19166, 15.71384], [100.1932, 15.71286], [100.19323, 15.71116], [100.1927, 15.71068], [100.18885, 15.70929], [100.18749, 15.70771], [100.1876, 15.70586], [100.18802, 15.70471], [100.19094, 15.69957], [100.24742, 15.69823], [100.2427, 15.70784], [100.23982, 15.71227], [100.23588, 15.71707], [100.22848, 15.72141], [100.22213, 15.73016], [100.21571, 15.74587], [100.21301, 15.74972], [100.21188, 15.74984], [100.20855, 15.7489], [100.20708, 15.74897], [100.20684, 15.74836], [100.20554, 15.74843], [100.20474, 15.74683], [100.20246, 15.74578], [100.19223, 15.7467], [100.18812, 15.74572], [100.18459, 15.75212], [100.18229, 15.75459], [100.18072, 15.75492], [100.17832, 15.75364], [100.17536, 15.75964], [100.17371, 15.75994], [100.17232, 15.76536], [100.17142, 15.76561], [100.17075, 15.76672], [100.16662, 15.76774], [100.1619, 15.76813], [100.161, 15.76858], [100.16046, 15.77015], [100.15976, 15.77035], [100.15894, 15.77007], [100.15598, 15.77086], [100.15656, 15.77251], [100.15663, 15.77406], [100.15614, 15.77438], [100.15553, 15.77412], [100.15469, 15.77446], [100.15423, 15.77509], [100.15278, 15.77487], [100.15263, 15.77572], [100.15179, 15.77585], [100.15167, 15.7764], [100.15107, 15.77649]]]}}, {"type": "Feature", "properties": {"code": "TH600104", "name": "แควใหญ่", "name_en": "Khwae Yai", "district": "เมืองนครสวรรค์", "district_en": "Mueang Nakhon Sawan", "area_km2": 12.1}, "geometry": {"type": "Polygon", "coordinates": [[[100.18312, 15.72722], [100.1798, 15.72492], [100.17575, 15.7238], [100.17356, 15.72273], [100.17163, 15.72008], [100.17003, 15.72074], [100.16817, 15.72271], [100.16659, 15.72543], [100.16397, 15.72692], [100.16311, 15.72782], [100.16253, 15.72915], [100.16239, 15.73124], [100.15885, 15.73056], [100.15468, 15.72806], [100.15332, 15.72867], [100.15062, 15.72611], [100.14987, 15.72476], [100.14968, 15.72325], [100.14998, 15.72152], [100.15001, 15.71555], [100.14922, 15.71378], [100.15466, 15.70907], [100.15856, 15.70628], [100.1532, 15.70032], [100.15353, 15.69988], [100.15652, 15.6985], [100.15784, 15.69717], [100.16154, 15.69795], [100.16165, 15.69991], [100.16495, 15.69999], [100.16585, 15.69957], [100.16883, 15.69991], [100.17113, 15.6995], [100.17285, 15.69837], [100.17461, 15.69941], [100.17533, 15.69947], [100.1759, 15.70192], [100.17696, 15.70243], [100.17942, 15.7011], [100.1802, 15.70137], [100.1809, 15.70066], [100.181, 15.70138], [100.18156, 15.7014], [100.18236, 15.70205], [100.18398, 15.70203], [100.18819, 15.69978], [100.19094, 15.69957], [100.18802, 15.70471], [100.1876, 15.70586], [100.18749, 15.70771], [100.18885, 15.70929], [100.1927, 15.71068], [100.19323, 15.71116], [100.1932, 15.71286], [100.19166, 15.71384], [100.19229, 15.71547], [100.19213, 15.71766], [100.19259, 15.71925], [100.19349, 15.7199], [100.19457, 15.71988], [100.1969, 15.71663], [100.19794, 15.71649], [100.19878, 15.71718], [100.19918, 15.71814], [100.19892, 15.72202], [100.19882, 15.7223], [100.19808, 15.72213], [100.1925, 15.72044], [100.19138, 15.7207], [100.19041, 15.72523], [100.18924, 15.72554], [100.18753, 15.7269], [100.1857, 15.72661], [100.18461, 15.72719], [100.18312, 15.72722]]]}}, {"type": "Feature", "properties": {"code": "TH600105", "name": "ตะเคียนเลื่อน", "name_en": "Takhian Luean", "district": "เมืองนครสวรรค์", "district_en": "Mueang Nakhon Sawan", "area_km2": 22.3}, "geometry": {"type": "Polygon", "coordinates": [[[100.05989, 15.64986], [100.06079, 15.64883], [100.06075, 15.64716], [100.06008, 15.64664], [100.06144, 15.64117], [100.06241, 15.63895], [100.06258, 15.63717], [100.0623, 15.63606], [100.05973, 15.63384], [100.05874, 15.63344], [100.0551, 15.63315], [100.05294, 15.6336], [100.04926, 15.63614], [100.04681, 15.64026], [100.04585, 15.64303], [100.04425, 15.65], [100.04389, 15.65363], [100.04334, 15.65491], [100.04252, 15.65595], [100.04123, 15.65655], [100.04057, 15.65648], [100.03972, 15.65572], [100.03788, 15.65119], [100.03703, 15.64641], [100.03268, 15.63924], [100.03215, 15.63742], [100.03253, 15.63115], [100.0333, 15.62799], [100.03516, 15.62445], [100.03796, 15.62043], [100.03895, 15.61927], [100.0403, 15.61833], [100.04573, 15.61637], [100.048, 15.61609], [100.05333, 15.61633], [100.05766, 15.61732], [100.06425, 15.6205], [100.0659, 15.62176], [100.06577, 15.62262], [100.0662, 15.623], [100.06908, 15.62414], [100.07328, 15.62449], [100.07725, 15.62252], [100.07897, 15.62004], [100.08042, 15.61649], [100.08162, 15.61043], [100.08453, 15.60873], [100.08568, 15.60922], [100.0866, 15.61015], [100.08802, 15.61027], [100.08935, 15.61006], [100.09232, 15.60847], [100.09174, 15.61194], [100.09065, 15.61521], [100.09077, 15.61932], [100.09298, 15.62315], [100.09369, 15.6262], [100.09473, 15.62814], [100.10127, 15.6345], [100.10325, 15.63729], [100.10402, 15.64051], [100.1038, 15.64397], [100.1033, 15.64603], [100.1003, 15.64602], [100.09899, 15.64984], [100.09292, 15.64733], [100.08908, 15.64749], [100.08859, 15.64798], [100.08857, 15.64962], [100.08682, 15.65011], [100.08602, 15.65124], [100.08523, 15.65152], [100.08576, 15.65211], [100.0859, 15.65305], [100.08473, 15.65389], [100.08264, 15.6533], [100.07895, 15.65303], [100.07871, 15.65245], [100.07774, 15.65328], [100.07313, 15.65039], [100.06736, 15.65219], [100.06658, 15.65009], [100.06374, 15.65036], [100.05989, 15.64986]]]}}, {"type": "Feature", "properties": {"code": "TH600106", "name": "นครสวรรค์ตก", "name_en": "Nakhon Sawan Tok", "district": "เมืองนครสวรรค์", "district_en": "Mueang Nakhon Sawan", "area_km2": 34.6}, "geometry": {"type": "Polygon", "coordinates": [[[100.05562, 15.71806], [100.05322, 15.71821], [100.0527, 15.71908], [100.05131, 15.71931], [100.0508, 15.71745], [100.04876, 15.71686], [100.04825, 15.71616], [100.04783, 15.71357], [100.04681, 15.71099], [100.04561, 15.70953], [100.04637, 15.70814], [100.04832, 15.70714], [100.04866, 15.7065], [100.04743, 15.70237], [100.04805, 15.69922], [100.04901, 15.69769], [100.04849, 15.69397], [100.04652, 15.69082], [100.04528, 15.69085], [100.04377, 15.69175], [100.04261, 15.6917], [100.04126, 15.68897], [100.03991, 15.68846], [100.04016, 15.68781], [100.03948, 15.68733], [100.04145, 15.68443], [100.04441, 15.68332], [100.04478, 15.6829], [100.04582, 15.68276], [100.04664, 15.6833], [100.04706, 15.68295], [100.04796, 15.67946], [100.0451, 15.67707], [100.04435, 15.67518], [100.04513, 15.67421], [100.04585, 15.67382], [100.04692, 15.67414], [100.04746, 15.67537], [100.04839, 15.67596], [100.04951, 15.67425], [100.05086, 15.67337], [100.05176, 15.67192], [100.053, 15.67103], [100.05324, 15.6695], [100.05426, 15.66807], [100.05544, 15.66793], [100.05706, 15.66929], [100.05856, 15.66908], [100.05928, 15.66856], [100.05959, 15.66742], [100.06054, 15.66665], [100.06048, 15.66614], [100.05919, 15.665], [100.0583, 15.65991], [100.05852, 15.65679], [100.05989, 15.64986], [100.06374, 15.65036], [100.06658, 15.65009], [100.06736, 15.65219], [100.07313, 15.65039], [100.07774, 15.65328], [100.07871, 15.65245], [100.07895, 15.65303], [100.08264, 15.6533], [100.08473, 15.65389], [100.0859, 15.65305], [100.08576, 15.65211], [100.08523, 15.65152], [100.08602, 15.65124], [100.08682, 15.65011], [100.08857, 15.64962], [100.08859, 15.64798], [100.08908, 15.64749], [100.09292, 15.64733], [100.09899, 15.64984], [100.1003, 15.64602], [100.1033, 15.64603], [100.10025, 15.65471], [100.10011, 15.65883], [100.10054, 15.66068], [100.10205, 15.66372], [100.10571, 15.66797], [100.10177, 15.67058], [100.09996, 15.671], [100.10072, 15.67439], [100.10104, 15.68393], [100.08569, 15.70733], [100.07874, 15.70756], [100.07666, 15.70806], [100.06004, 15.71673], [100.05975, 15.71682], [100.05941, 15.71635], [100.05562, 15.71806]]]}}, {"type": "Feature", "properties": {"code": "TH600107", "name": "นครสวรรค์ออก", "name_en": "Nakhon Sawan Ok", "district": "เมืองนครสวรรค์", "district_en": "Mueang Nakhon Sawan", "area_km2": 19.6}, "geometry": {"type": "Polygon", "coordinates": [[[100.17461, 15.69941], [100.17285, 15.69837], [100.17113, 15.6995], [100.16883, 15.69991], [100.16585, 15.69957], [100.16495, 15.69999], [100.16165, 15.69991], [100.16154, 15.69795], [100.15784, 15.69717], [100.15652, 15.6985], [100.15376, 15.69971], [100.1532, 15.70032], [100.15213, 15.69915], [100.15185, 15.69828], [100.15282, 15.69385], [100.15097, 15.69346], [100.13144, 15.68244], [100.12689, 15.68092], [100.12521, 15.68065], [100.12476, 15.68131], [100.12379, 15.68157], [100.12225, 15.68317], [100.12077, 15.68329], [100.11808, 15.68084], [100.11725, 15.67921], [100.11682, 15.68008], [100.11721, 15.68089], [100.11676, 15.6812], [100.11641, 15.68126], [100.11624, 15.68092], [100.11571, 15.68128], [100.11499, 15.67984], [100.10985, 15.68256], [100.10996, 15.67603], [100.10921, 15.67344], [100.10745, 15.66991], [100.10205, 15.66372], [100.10054, 15.66068], [100.10011, 15.65883], [100.10025, 15.65471], [100.1033, 15.64603], [100.10592, 15.64596], [100.10789, 15.64506], [100.10942, 15.64497], [100.1105, 15.64526], [100.11208, 15.64507], [100.11366, 15.64351], [100.1181, 15.64478], [100.12089, 15.64516], [100.12185, 15.64566], [100.12544, 15.64622], [100.12679, 15.64614], [100.12823, 15.64545], [100.13011, 15.64315], [100.13093, 15.64258], [100.1357, 15.64327], [100.13675, 15.64401], [100.13722, 15.64387], [100.13714, 15.64892], [100.13786, 15.65237], [100.13984, 15.65358], [100.14157, 15.65345], [100.14202, 15.65458], [100.14294, 15.65524], [100.14319, 15.65628], [100.14309, 15.65742], [100.14195, 15.65958], [100.14291, 15.66295], [100.14197, 15.66405], [100.14159, 15.66629], [100.14214, 15.66682], [100.14282, 15.66921], [100.14, 15.66972], [100.14045, 15.67361], [100.14299, 15.67544], [100.1418, 15.67725], [100.14247, 15.67782], [100.14249, 15.67887], [100.1446, 15.68007], [100.14447, 15.6815], [100.14742, 15.68154], [100.14775, 15.6821], [100.14761, 15.68501], [100.1525, 15.68605], [100.15445, 15.68688], [100.15646, 15.68699], [100.15664, 15.68846], [100.1591, 15.68868], [100.16217, 15.69005], [100.16529, 15.69021], [100.16649, 15.69091], [100.16838, 15.69233], [100.16863, 15.69324], [100.17461, 15.69941]]]}}, {"type": "Feature", "properties": {"code": "TH600108", "name": "บางพระหลวง", "name_en": "Bang Phra Luang", "district": "เมืองนครสวรรค์", "district_en": "Mueang Nakhon Sawan", "area_km2": 20.5}, "geometry": {"type": "Polygon", "coordinates": [[[100.21739, 15.78602], [100.2156, 15.78947], [100.21556, 15.79211], [100.21137, 15.79093], [100.19848, 15.78897], [100.19288, 15.79028], [100.19086, 15.79035], [100.18959, 15.79005], [100.18764, 15.78865], [100.18656, 15.78833], [100.18538, 15.78862], [100.18532, 15.7903], [100.18486, 15.79087], [100.1839, 15.7912], [100.1823, 15.79102], [100.17997, 15.7903], [100.17624, 15.78789], [100.17566, 15.78654], [100.17474, 15.78542], [100.17477, 15.78341], [100.17443, 15.78291], [100.17387, 15.78298], [100.17227, 15.78428], [100.17067, 15.78473], [100.16661, 15.78404], [100.16493, 15.78466], [100.16406, 15.78349], [100.16357, 15.7833], [100.16109, 15.78378], [100.16028, 15.78455], [100.15948, 15.78388], [100.1587, 15.78372], [100.15653, 15.78552], [100.15603, 15.78556], [100.15536, 15.78519], [100.15538, 15.78366], [100.15734, 15.78106], [100.15799, 15.7792], [100.15754, 15.77787], [100.15571, 15.77532], [100.15575, 15.77468], [100.15665, 15.774], [100.15656, 15.77251], [100.15593, 15.77093], [100.15878, 15.7701], [100.15976, 15.77035], [100.16046, 15.77015], [100.161, 15.76858], [100.1619, 15.76813], [100.16662, 15.76774], [100.17075, 15.76672], [100.17142, 15.76561], [100.17232, 15.76536], [100.17371, 15.75994], [100.17536, 15.75964], [100.17832, 15.75364], [100.18072, 15.75492], [100.18229, 15.75459], [100.18459, 15.75212], [100.18812, 15.74572], [100.19223, 15.7467], [100.20246, 15.74578], [100.20474, 15.74683], [100.20554, 15.74843], [100.20684, 15.74836], [100.20708, 15.74897], [100.20855, 15.7489], [100.21188, 15.74984], [100.21301, 15.74972], [100.21261, 15.75103], [100.20858, 15.75141], [100.20629, 15.75257], [100.20429, 15.75545], [100.20395, 15.7576], [100.20582, 15.76254], [100.20765, 15.76522], [100.20804, 15.7673], [100.2078, 15.77029], [100.2137, 15.77994], [100.21477, 15.78124], [100.21739, 15.78602]]]}}, {"type": "Feature", "properties": {"code": "TH600109", "name": "บางม่วง", "name_en": "Bang Muang", "district": "เมืองนครสวรรค์", "district_en": "Mueang Nakhon Sawan", "area_km2": 21.5}, "geometry": {"type": "Polygon", "coordinates": [[[100.1263, 15.78646], [100.12649, 15.78724], [100.12627, 15.78743], [100.12227, 15.78802], [100.11738, 15.7894], [100.1153, 15.78894], [100.11333, 15.78934], [100.11114, 15.78905], [100.11112, 15.78696], [100.11177, 15.78603], [100.11171, 15.78518], [100.1128, 15.78195], [100.11177, 15.78137], [100.11109, 15.7804], [100.10608, 15.77765], [100.10466, 15.77579], [100.1031, 15.77507], [100.10035, 15.77459], [100.10098, 15.77272], [100.10093, 15.77089], [100.09784, 15.771], [100.09707, 15.7715], [100.09599, 15.77094], [100.09537, 15.77128], [100.09323, 15.77102], [100.08972, 15.77284], [100.09133, 15.76967], [100.09168, 15.76693], [100.09127, 15.76469], [100.08998, 15.763], [100.08543, 15.76044], [100.08437, 15.75894], [100.08412, 15.7571], [100.08458, 15.7555], [100.08599, 15.75362], [100.09206, 15.74828], [100.09401, 15.74774], [100.10061, 15.74777], [100.1017, 15.74739], [100.10316, 15.7463], [100.104, 15.74492], [100.10422, 15.74322], [100.10279, 15.73655], [100.10322, 15.73524], [100.10419, 15.73384], [100.1061, 15.73211], [100.1087, 15.73075], [100.11314, 15.72957], [100.11661, 15.72936], [100.12109, 15.72997], [100.13152, 15.72875], [100.13519, 15.7278], [100.1359, 15.72932], [100.13574, 15.73081], [100.13379, 15.73582], [100.13321, 15.73616], [100.13227, 15.73595], [100.13116, 15.7352], [100.13071, 15.73534], [100.1305, 15.7376], [100.12797, 15.73855], [100.12878, 15.74072], [100.1284, 15.74163], [100.12702, 15.74311], [100.12712, 15.74382], [100.12895, 15.74598], [100.12976, 15.74757], [100.1324, 15.74838], [100.1347, 15.7496], [100.13568, 15.75087], [100.13447, 15.75284], [100.13179, 15.75411], [100.13115, 15.75507], [100.13242, 15.75682], [100.13234, 15.76122], [100.13441, 15.76238], [100.13472, 15.76306], [100.13461, 15.76369], [100.13332, 15.76413], [100.1316, 15.76362], [100.13029, 15.76418], [100.12752, 15.76472], [100.12636, 15.76548], [100.12478, 15.76873], [100.12535, 15.77184], [100.12738, 15.77201], [100.12845, 15.77322], [100.12849, 15.77385], [100.12795, 15.77461], [100.12746, 15.77647], [100.12679, 15.77729], [100.12583, 15.78144], [100.12587, 15.78171], [100.12687, 15.78201], [100.1263, 15.78646]]]}}, {"type": "Feature", "properties": {"code": "TH600110", "name": "บ้านมะเกลือ", "name_en": "Ban Makluea", "district": "เมืองนครสวรรค์", "district_en": "Mueang Nakhon Sawan", "area_km2": 33.2}, "geometry": {"type": "Polygon", "coordinates": [[[100.16982, 15.81019], [100.16871, 15.8116], [100.16855, 15.81229], [100.16762, 15.81213], [100.16717, 15.81258], [100.16625, 15.81223], [100.16563, 15.8124], [100.1653, 15.81328], [100.16452, 15.81273], [100.16402, 15.81314], [100.16361, 15.81291], [100.16118, 15.8134], [100.16067, 15.81288], [100.16071, 15.81244], [100.15966, 15.81168], [100.15805, 15.81265], [100.15651, 15.813], [100.15453, 15.81248], [100.15402, 15.81303], [100.1523, 15.81341], [100.15224, 15.81444], [100.15114, 15.81543], [100.15083, 15.81537], [100.15071, 15.81588], [100.14824, 15.81528], [100.14517, 15.81607], [100.14211, 15.81606], [100.1381, 15.81714], [100.13578, 15.81724], [100.13449, 15.81848], [100.13307, 15.81913], [100.12681, 15.81926], [100.12589, 15.81985], [100.12651, 15.81408], [100.12539, 15.8144], [100.12538, 15.81484], [100.12384, 15.81499], [100.12369, 15.81675], [100.11778, 15.81649], [100.11381, 15.81537], [100.11132, 15.81532], [100.10558, 15.81316], [100.10259, 15.81299], [100.10175, 15.81331], [100.10075, 15.81153], [100.09821, 15.81076], [100.09347, 15.81017], [100.09179, 15.8105], [100.08979, 15.81006], [100.08781, 15.81029], [100.08736, 15.80972], [100.08626, 15.80978], [100.08095, 15.8079], [100.0817, 15.80495], [100.08172, 15.80177], [100.07886, 15.79652], [100.07853, 15.79407], [100.08077, 15.78323], [100.08275, 15.77964], [100.08972, 15.77284], [100.09323, 15.77102], [100.09537, 15.77128], [100.09599, 15.77094], [100.09707, 15.7715], [100.09784, 15.771], [100.10093, 15.77089], [100.10098, 15.77272], [100.10035, 15.77459], [100.1031, 15.77507], [100.10466, 15.77579], [100.10608, 15.77765], [100.11109, 15.7804], [100.11177, 15.78137], [100.1128, 15.78195], [100.11171, 15.78518], [100.11177, 15.78603], [100.11112, 15.78696], [100.11114, 15.78905], [100.11333, 15.78934], [100.1153, 15.78894], [100.11738, 15.7894], [100.12227, 15.78802], [100.12627, 15.78743], [100.12649, 15.78724], [100.1263, 15.78646], [100.12725, 15.78656], [100.12865, 15.78617], [100.12991, 15.78661], [100.13195, 15.7881], [100.13668, 15.78706], [100.13638, 15.78644], [100.13673, 15.78617], [100.13619, 15.78499], [100.13667, 15.78318], [100.13854, 15.78147], [100.14203, 15.78217], [100.14587, 15.78452], [100.14774, 15.78284], [100.14904, 15.77994], [100.15055, 15.7805], [100.151, 15.77655], [100.15167, 15.7764], [100.15179, 15.77585], [100.15263, 15.77572], [100.15269, 15.77492], [100.15423, 15.77509], [100.15457, 15.7745], [100.15561, 15.77414], [100.15614, 15.77438], [100.15573, 15.7747], [100.15574, 15.7754], [100.15754, 15.77787], [100.15799, 15.7792], [100.15734, 15.78106], [100.15544, 15.7835], [100.15539, 15.78527], [100.15653, 15.78552], [100.1587, 15.78372], [100.15948, 15.78388], [100.16028, 15.78455], [100.16082, 15.793], [100.16123, 15.79404], [100.16246, 15.79421], [100.1657, 15.79289], [100.1665, 15.7931], [100.16706, 15.79367], [100.16716, 15.79479], [100.16584, 15.79586], [100.16532, 15.79704], [100.16558, 15.80312], [100.16645, 15.80444], [100.16982, 15.80428], [100.17041, 15.80478], [100.17059, 15.8055], [100.16959, 15.80859], [100.16982, 15.81019]]]}}, {"type": "Feature", "properties": {"code": "TH600111", "name": "บ้านแก่ง", "name_en": "Ban Kaeng", "district": "เมืองนครสวรรค์", "district_en": "Mueang Nakhon Sawan", "area_km2": 31.2}, "geometry": {"type": "Polygon", "coordinates": [[[100.07891, 15.81557], [100.07136, 15.81445], [100.06631, 15.81314], [100.05554, 15.81172], [100.05463, 15.81201], [100.05489, 15.8126], [100.05444, 15.81365], [100.05346, 15.81453], [100.05226, 15.81503], [100.05196, 15.8162], [100.0469, 15.81692], [100.0414, 15.81601], [100.04028, 15.81643], [100.03243, 15.81622], [100.02898, 15.81536], [100.02852, 15.81815], [100.02608, 15.82033], [100.02525, 15.82052], [100.02442, 15.82034], [100.02117, 15.81831], [100.02518, 15.81275], [100.0252, 15.81019], [100.02555, 15.80931], [100.03206, 15.79972], [100.03358, 15.79843], [100.03234, 15.79727], [100.03429, 15.79476], [100.03452, 15.79293], [100.03559, 15.78993], [100.03938, 15.78962], [100.0385, 15.78889], [100.03975, 15.78472], [100.03927, 15.78404], [100.03835, 15.78307], [100.03674, 15.78246], [100.02908, 15.77664], [100.03007, 15.77608], [100.0311, 15.77604], [100.03217, 15.77274], [100.03191, 15.76997], [100.03135, 15.76996], [100.03137, 15.76857], [100.03059, 15.76745], [100.03036, 15.76635], [100.0309, 15.76463], [100.03034, 15.76438], [100.03115, 15.76252], [100.03063, 15.76207], [100.03125, 15.76177], [100.03256, 15.76263], [100.03502, 15.76286], [100.03791, 15.76455], [100.03941, 15.76502], [100.04081, 15.76292], [100.04364, 15.76389], [100.0451, 15.76383], [100.04824, 15.76629], [100.04764, 15.76743], [100.04914, 15.76805], [100.05003, 15.76799], [100.05137, 15.76875], [100.05221, 15.76795], [100.05284, 15.77036], [100.05352, 15.76939], [100.05471, 15.76927], [100.05556, 15.77], [100.05722, 15.77004], [100.05787, 15.76953], [100.0579, 15.76871], [100.0588, 15.76805], [100.06184, 15.76809], [100.06261, 15.76844], [100.06451, 15.76682], [100.06722, 15.76551], [100.06884, 15.76587], [100.07001, 15.76326], [100.07039, 15.76334], [100.07638, 15.75835], [100.07864, 15.75732], [100.07965, 15.7582], [100.08132, 15.75711], [100.08413, 15.75769], [100.08437, 15.75894], [100.08576, 15.76076], [100.08872, 15.76222], [100.09077, 15.76373], [100.09127, 15.76469], [100.09168, 15.76693], [100.09133, 15.76967], [100.09087, 15.77091], [100.08904, 15.77364], [100.08348, 15.77883], [100.08169, 15.78121], [100.08077, 15.78323], [100.07941, 15.7891], [100.07853, 15.79407], [100.07856, 15.79544], [100.07912, 15.79711], [100.08146, 15.80094], [100.0818, 15.80398], [100.08153, 15.80605], [100.07891, 15.81557]]]}}, {"type": "Feature", "properties": {"code": "TH600112", "name": "พระนอน", "name_en": "Phra Non", "district": "เมืองนครสวรรค์", "district_en": "Mueang Nakhon Sawan", "area_km2": 122.7}, "geometry": {"type": "Polygon", "coordinates": [[[100.24742, 15.69823], [100.18819, 15.69978], [100.18398, 15.70203], [100.18236, 15.70205], [100.18156, 15.7014], [100.181, 15.70138], [100.1809, 15.70066], [100.1802, 15.70137], [100.17942, 15.7011], [100.17696, 15.70243], [100.1759, 15.70192], [100.17533, 15.69947], [100.17461, 15.69941], [100.19192, 15.65547], [100.19095, 15.65174], [100.19767, 15.64981], [100.19727, 15.64729], [100.19769, 15.64064], [100.19871, 15.63831], [100.19913, 15.63277], [100.19852, 15.63253], [100.1981, 15.62901], [100.19716, 15.62754], [100.19688, 15.62463], [100.2024, 15.6236], [100.20211, 15.62187], [100.20245, 15.61913], [100.20318, 15.61902], [100.20339, 15.61954], [100.20432, 15.62017], [100.20462, 15.61959], [100.20573, 15.61993], [100.20637, 15.61942], [100.20716, 15.6194], [100.20727, 15.61903], [100.20851, 15.61996], [100.20929, 15.61998], [100.20992, 15.62284], [100.21148, 15.62362], [100.21204, 15.62352], [100.21244, 15.62449], [100.21343, 15.62437], [100.21395, 15.62485], [100.21484, 15.62635], [100.2146, 15.62688], [100.2156, 15.62822], [100.21567, 15.62892], [100.21758, 15.63013], [100.2182, 15.63106], [100.21907, 15.63129], [100.21915, 15.63187], [100.22049, 15.63153], [100.22257, 15.63199], [100.22512, 15.63132], [100.22584, 15.63169], [100.22615, 15.63153], [100.22658, 15.63177], [100.22619, 15.63201], [100.22655, 15.63249], [100.22769, 15.63236], [100.22811, 15.6331], [100.22942, 15.63339], [100.23206, 15.63327], [100.2336, 15.63472], [100.23339, 15.63598], [100.23492, 15.63556], [100.23733, 15.63664], [100.23832, 15.63648], [100.23989, 15.6371], [100.24324, 15.63566], [100.24491, 15.63531], [100.24744, 15.63594], [100.25222, 15.63593], [100.25189, 15.63479], [100.25109, 15.6343], [100.25042, 15.63327], [100.25448, 15.63104], [100.25708, 15.62914], [100.26813, 15.62697], [100.2698, 15.62051], [100.27007, 15.61681], [100.27158, 15.61487], [100.27204, 15.61347], [100.27244, 15.60732], [100.27237, 15.6015], [100.27278, 15.60008], [100.27182, 15.5999], [100.2711, 15.59377], [100.27111, 15.59143], [100.27216, 15.58634], [100.27465, 15.58133], [100.27512, 15.5747], [100.27612, 15.57436], [100.29018, 15.57543], [100.29039, 15.57392], [100.28965, 15.57123], [100.29075, 15.56513], [100.2919, 15.56353], [100.29427, 15.56149], [100.29628, 15.56044], [100.2979, 15.56097], [100.30308, 15.5648], [100.30506, 15.56488], [100.30668, 15.56618], [100.30832, 15.56679], [100.30999, 15.56689], [100.31051, 15.56726], [100.31086, 15.56794], [100.31007, 15.56816], [100.30926, 15.56953], [100.30906, 15.57199], [100.30936, 15.57359], [100.3121, 15.57286], [100.31413, 15.57349], [100.31451, 15.57438], [100.31589, 15.57472], [100.31645, 15.57606], [100.31842, 15.57821], [100.32011, 15.58074], [100.32426, 15.58188], [100.32871, 15.58627], [100.32918, 15.58693], [100.32947, 15.58835], [100.33003, 15.58827], [100.3329, 15.59219], [100.33417, 15.59526], [100.33849, 15.59839], [100.30885, 15.6329], [100.30746, 15.63355], [100.29635, 15.63418], [100.29637, 15.63677], [100.29745, 15.64258], [100.29644, 15.64291], [100.29682, 15.64498], [100.2947, 15.64492], [100.29454, 15.64553], [100.29496, 15.65321], [100.29539, 15.65534], [100.28677, 15.65605], [100.28702, 15.65772], [100.28949, 15.66503], [100.28979, 15.67224], [100.28901, 15.67673], [100.28822, 15.67692], [100.2883, 15.67838], [100.2895, 15.68293], [100.28896, 15.69429], [100.28029, 15.69598], [100.27053, 15.69704], [100.24742, 15.69823]]]}}, {"type": "Feature", "properties": {"code": "TH600113", "name": "วัดไทร", "name_en": "Wat Sai", "district": "เมืองนครสวรรค์", "district_en": "Mueang Nakhon Sawan", "area_km2": 27.6}, "geometry": {"type": "Polygon", "coordinates": [[[100.08413, 15.75769], [100.08132, 15.75711], [100.07971, 15.7582], [100.07864, 15.75732], [100.07714, 15.75788], [100.07039, 15.76334], [100.07, 15.76327], [100.06884, 15.76587], [100.06722, 15.76551], [100.06451, 15.76682], [100.06261, 15.76844], [100.06184, 15.76809], [100.0588, 15.76805], [100.0579, 15.76871], [100.05769, 15.76978], [100.05702, 15.77007], [100.05556, 15.77], [100.05471, 15.76927], [100.05352, 15.76939], [100.05284, 15.77036], [100.05221, 15.76795], [100.05137, 15.76875], [100.05003, 15.76799], [100.04914, 15.76805], [100.04764, 15.76743], [100.04824, 15.76629], [100.04515, 15.76386], [100.04496, 15.76259], [100.04668, 15.76119], [100.04594, 15.75904], [100.04711, 15.758], [100.04759, 15.75688], [100.05077, 15.75489], [100.05179, 15.75374], [100.05125, 15.75286], [100.05284, 15.75023], [100.0529, 15.74911], [100.05177, 15.74811], [100.05291, 15.74583], [100.05393, 15.74469], [100.05463, 15.74302], [100.05545, 15.74224], [100.05313, 15.74134], [100.05391, 15.74057], [100.05467, 15.74031], [100.05627, 15.74063], [100.06039, 15.73984], [100.06148, 15.73889], [100.06133, 15.73759], [100.06222, 15.73697], [100.06236, 15.73601], [100.06211, 15.73453], [100.06163, 15.7339], [100.06105, 15.73004], [100.06145, 15.72918], [100.06305, 15.72902], [100.06455, 15.72836], [100.06508, 15.72668], [100.06451, 15.72632], [100.06481, 15.72565], [100.06465, 15.7246], [100.06498, 15.72292], [100.06575, 15.7219], [100.06601, 15.72092], [100.06668, 15.7208], [100.0673, 15.71995], [100.06704, 15.71863], [100.0665, 15.71802], [100.06667, 15.71678], [100.0661, 15.71545], [100.06629, 15.71495], [100.06573, 15.7139], [100.07623, 15.70824], [100.07798, 15.70768], [100.09513, 15.70721], [100.09797, 15.71251], [100.10056, 15.71415], [100.1025, 15.71583], [100.10625, 15.71743], [100.10848, 15.71891], [100.11239, 15.72001], [100.11511, 15.72135], [100.11308, 15.72833], [100.11314, 15.72957], [100.1087, 15.73075], [100.1061, 15.73211], [100.10419, 15.73384], [100.10322, 15.73524], [100.10279, 15.73706], [100.10422, 15.74322], [100.104, 15.74492], [100.10316, 15.7463], [100.1017, 15.74739], [100.10061, 15.74777], [100.09401, 15.74774], [100.09184, 15.7484], [100.08599, 15.75362], [100.08458, 15.7555], [100.08413, 15.75769]]]}}, {"type": "Feature", "properties": {"code": "TH600114", "name": "หนองกรด", "name_en": "Nong Krot", "district": "เมืองนครสวรรค์", "district_en": "Mueang Nakhon Sawan", "area_km2": 124.9}, "geometry": {"type": "Polygon", "coordinates": [[[100.03063, 15.76207], [100.03115, 15.76252], [100.03034, 15.76438], [100.0309, 15.76463], [100.03036, 15.76635], [100.03059, 15.76745], [100.03137, 15.76857], [100.03135, 15.76996], [100.03191, 15.76997], [100.03217, 15.77274], [100.0311, 15.77604], [100.03007, 15.77608], [100.02908, 15.77664], [100.0231, 15.77583], [100.01821, 15.7738], [100.01702, 15.77302], [100.01871, 15.77086], [100.01751, 15.76988], [100.01556, 15.7691], [100.01551, 15.76841], [100.01494, 15.76769], [100.01245, 15.76846], [100.0121, 15.76833], [100.01197, 15.76761], [100.011, 15.76712], [100.00592, 15.76795], [100.0027, 15.76902], [99.99727, 15.76858], [99.99557, 15.76887], [99.99125, 15.7689], [99.9909, 15.76604], [99.99044, 15.76602], [99.98992, 15.76542], [99.98932, 15.76604], [99.98046, 15.76775], [99.98049, 15.76621], [99.97959, 15.76622], [99.97819, 15.76689], [99.9767, 15.76621], [99.97516, 15.76608], [99.97233, 15.76713], [99.97111, 15.76654], [99.96659, 15.76739], [99.96522, 15.76455], [99.96439, 15.76444], [99.96381, 15.76382], [99.96274, 15.76436], [99.96232, 15.76403], [99.96134, 15.76448], [99.96081, 15.76388], [99.96038, 15.76388], [99.95948, 15.76468], [99.95887, 15.76421], [99.95861, 15.76468], [99.95774, 15.76482], [99.95671, 15.7639], [99.95624, 15.76407], [99.95603, 15.76478], [99.95448, 15.76424], [99.95369, 15.76488], [99.95344, 15.76339], [99.95132, 15.76195], [99.9506, 15.76298], [99.94931, 15.76327], [99.94844, 15.76284], [99.94606, 15.7638], [99.94399, 15.76557], [99.94122, 15.76571], [99.93894, 15.7664], [99.93866, 15.76618], [99.93785, 15.76672], [99.93795, 15.76178], [99.93722, 15.76058], [99.93525, 15.75863], [99.93326, 15.74773], [99.93378, 15.74583], [99.9361, 15.74494], [99.93591, 15.74332], [99.93718, 15.73995], [99.93917, 15.73748], [99.94069, 15.73638], [99.94165, 15.73467], [99.94219, 15.73325], [99.94263, 15.72925], [99.94325, 15.7285], [99.94401, 15.72553], [99.9449, 15.72422], [99.94584, 15.7212], [99.94498, 15.71862], [99.94397, 15.71759], [99.94265, 15.71719], [99.94068, 15.71719], [99.93975, 15.71673], [99.93695, 15.71625], [99.93529, 15.71537], [99.9334, 15.71379], [99.93182, 15.7132], [99.93143, 15.71069], [99.93057, 15.70934], [99.92966, 15.70687], [99.93023, 15.70433], [99.92996, 15.70131], [99.93098, 15.69885], [99.93124, 15.6972], [99.93195, 15.69585], [99.93209, 15.6947], [99.93177, 15.69355], [99.92868, 15.69007], [99.92717, 15.68549], [99.93095, 15.68181], [99.93143, 15.68096], [99.93248, 15.67232], [99.93344, 15.67278], [99.93645, 15.67604], [99.93824, 15.67635], [99.94362, 15.6755], [99.94763, 15.6756], [99.94837, 15.67524], [99.95004, 15.67353], [99.9524, 15.67372], [99.95469, 15.67494], [99.95697, 15.67449], [99.95944, 15.67551], [99.96898, 15.67512], [99.96914, 15.67636], [99.97086, 15.67859], [99.97218, 15.68203], [99.97288, 15.68198], [99.97401, 15.68108], [99.97439, 15.68132], [99.97549, 15.68114], [99.97598, 15.6807], [99.97575, 15.68043], [99.97596, 15.68015], [99.97755, 15.67978], [99.97767, 15.68008], [99.97824, 15.68015], [99.97865, 15.6784], [99.97994, 15.67863], [99.98076, 15.67814], [99.98182, 15.67685], [99.98359, 15.67572], [99.9855, 15.67518], [99.99646, 15.6787], [100.00052, 15.67905], [100.00239, 15.67986], [100.00449, 15.67993], [100.01376, 15.67683], [100.0155, 15.67566], [100.01749, 15.6749], [100.02266, 15.67347], [100.02276, 15.6756], [100.02471, 15.67543], [100.02613, 15.67488], [100.02694, 15.67615], [100.0292, 15.67561], [100.03063, 15.67604], [100.03069, 15.67713], [100.03131, 15.67788], [100.03214, 15.6775], [100.03431, 15.67821], [100.03828, 15.67848], [100.03951, 15.67799], [100.03982, 15.67915], [100.04017, 15.67919], [100.04043, 15.6809], [100.04185, 15.68132], [100.0421, 15.68121], [100.04205, 15.68059], [100.04568, 15.67897], [100.0461, 15.67805], [100.04739, 15.67883], [100.04796, 15.67956], [100.047, 15.68307], [100.04664, 15.6833], [100.04582, 15.68276], [100.04492, 15.68286], [100.04441, 15.68332], [100.04145, 15.68443], [100.03948, 15.68733], [100.04016, 15.68781], [100.03991, 15.68846], [100.04126, 15.68897], [100.04261, 15.6917], [100.04377, 15.69175], [100.04528, 15.69085], [100.04652, 15.69082], [100.04857, 15.69415], [100.04901, 15.69769], [100.04805, 15.69922], [100.04743, 15.70237], [100.04866, 15.7065], [100.04832, 15.70714], [100.04637, 15.70814], [100.04561, 15.70953], [100.04681, 15.71099], [100.04783, 15.71357], [100.04825, 15.71616], [100.04876, 15.71686], [100.0508, 15.71745], [100.0514, 15.71932], [100.05276, 15.71906], [100.05326, 15.71819], [100.05562, 15.71806], [100.05659, 15.71747], [100.05786, 15.71721], [100.05872, 15.71654], [100.05945, 15.71635], [100.05988, 15.7168], [100.06573, 15.7139], [100.06629, 15.71495], [100.0661, 15.71545], [100.06668, 15.71688], [100.06648, 15.71793], [100.06704, 15.71863], [100.06729, 15.72001], [100.06668, 15.7208], [100.06601, 15.72092], [100.06575, 15.7219], [100.06498, 15.72292], [100.06465, 15.7246], [100.06481, 15.72565], [100.06451, 15.72632], [100.06508, 15.72668], [100.06455, 15.72836], [100.06305, 15.72902], [100.06145, 15.72918], [100.06105, 15.73004], [100.06163, 15.7339], [100.06211, 15.73453], [100.06236, 15.73601], [100.06222, 15.73697], [100.06133, 15.73759], [100.06148, 15.73889], [100.06039, 15.73984], [100.05627, 15.74063], [100.05467, 15.74031], [100.05391, 15.74057], [100.05313, 15.74134], [100.05545, 15.74224], [100.05463, 15.74302], [100.05393, 15.74469], [100.05291, 15.74583], [100.05177, 15.74811], [100.0529, 15.74911], [100.05284, 15.75023], [100.05125, 15.75286], [100.05179, 15.75374], [100.05077, 15.75489], [100.04768, 15.75679], [100.04711, 15.758], [100.04594, 15.75904], [100.04668, 15.76119], [100.04498, 15.76242], [100.04515, 15.76386], [100.04364, 15.76389], [100.04081, 15.76292], [100.03941, 15.76502], [100.03791, 15.76455], [100.03502, 15.76286], [100.03256, 15.76263], [100.03125, 15.76177], [100.03063, 15.76207]]]}}, {"type": "Feature", "properties": {"code": "TH600115", "name": "หนองกระโดน", "name_en": "Nong Kradon", "district": "เมืองนครสวรรค์", "district_en": "Mueang Nakhon Sawan", "area_km2": 103.5}, "geometry": {"type": "Polygon", "coordinates": [[[99.99321, 15.84637], [99.99151, 15.84704], [99.99045, 15.84677], [99.99032, 15.84744], [99.98987, 15.84752], [99.98885, 15.84693], [99.98902, 15.84588], [99.9873, 15.84643], [99.98667, 15.84505], [99.98587, 15.84479], [99.9849, 15.84645], [99.98336, 15.84654], [99.98165, 15.84819], [99.98108, 15.84818], [99.98081, 15.84733], [99.98027, 15.84725], [99.97777, 15.8486], [99.97594, 15.84878], [99.96982, 15.84408], [99.96837, 15.84191], [99.9675, 15.84246], [99.96707, 15.84217], [99.96533, 15.84337], [99.96296, 15.84231], [99.96141, 15.8429], [99.9613, 15.84342], [99.95793, 15.84324], [99.95694, 15.84441], [99.95688, 15.84784], [99.95643, 15.8474], [99.95471, 15.84718], [99.95416, 15.84581], [99.95149, 15.84624], [99.95064, 15.84575], [99.94783, 15.84658], [99.94275, 15.8459], [99.94104, 15.84485], [99.93748, 15.84418], [99.93479, 15.84314], [99.93366, 15.84115], [99.93142, 15.84016], [99.93062, 15.83847], [99.92779, 15.83694], [99.92362, 15.83723], [99.92142, 15.83622], [99.91944, 15.83652], [99.91631, 15.8348], [99.91539, 15.8349], [99.91451, 15.83415], [99.90938, 15.83212], [99.908, 15.83123], [99.9061, 15.83085], [99.90462, 15.82931], [99.90397, 15.82814], [99.90203, 15.82679], [99.90156, 15.8258], [99.89892, 15.8251], [99.89858, 15.82356], [99.89562, 15.82105], [99.8946, 15.8187], [99.89459, 15.8174], [99.89409, 15.8161], [99.89217, 15.81464], [99.89146, 15.81302], [99.89466, 15.81294], [99.89884, 15.81156], [99.90033, 15.80846], [99.90024, 15.80677], [99.9008, 15.80566], [99.90056, 15.80313], [99.90009, 15.80245], [99.90001, 15.79851], [99.90349, 15.79923], [99.9071, 15.799], [99.90686, 15.79812], [99.90456, 15.79625], [99.90385, 15.79318], [99.90406, 15.79257], [99.9038, 15.79101], [99.90482, 15.79094], [99.90547, 15.78426], [99.90474, 15.7831], [99.90396, 15.78025], [99.90406, 15.77761], [99.92119, 15.78277], [99.92253, 15.78272], [99.92939, 15.77838], [99.93417, 15.77725], [99.93341, 15.77198], [99.93349, 15.76859], [99.93466, 15.76915], [99.93545, 15.76886], [99.93563, 15.76845], [99.93721, 15.7684], [99.93785, 15.76672], [99.93843, 15.76627], [99.93894, 15.7664], [99.94163, 15.76564], [99.94391, 15.7656], [99.94606, 15.7638], [99.94844, 15.76284], [99.94931, 15.76327], [99.9506, 15.76298], [99.95132, 15.76195], [99.95344, 15.76339], [99.95369, 15.76488], [99.95448, 15.76424], [99.95603, 15.76478], [99.95624, 15.76407], [99.95671, 15.7639], [99.95774, 15.76482], [99.95861, 15.76468], [99.95887, 15.76421], [99.95948, 15.76468], [99.96038, 15.76388], [99.96081, 15.76388], [99.96134, 15.76448], [99.96232, 15.76403], [99.96274, 15.76436], [99.96381, 15.76382], [99.96439, 15.76444], [99.96522, 15.76455], [99.96659, 15.76739], [99.97111, 15.76654], [99.97233, 15.76713], [99.97516, 15.76608], [99.9767, 15.76621], [99.97819, 15.76689], [99.97959, 15.76622], [99.98049, 15.76621], [99.98046, 15.76775], [99.98932, 15.76604], [99.98992, 15.76542], [99.99044, 15.76602], [99.9909, 15.76604], [99.99104, 15.76863], [99.99156, 15.76894], [99.99727, 15.76858], [100.00323, 15.76901], [100.00575, 15.76799], [100.01078, 15.7671], [100.01197, 15.76761], [100.0121, 15.76833], [100.01245, 15.76846], [100.01494, 15.76769], [100.01551, 15.76841], [100.01556, 15.7691], [100.01751, 15.76988], [100.01871, 15.77086], [100.01708, 15.77308], [100.0231, 15.77583], [100.02908, 15.77664], [100.03674, 15.78246], [100.03835, 15.78307], [100.03975, 15.78472], [100.0385, 15.78879], [100.03936, 15.78968], [100.03559, 15.78993], [100.03452, 15.79293], [100.03429, 15.79476], [100.03234, 15.79727], [100.03358, 15.79843], [100.03206, 15.79972], [100.02555, 15.80931], [100.02516, 15.81062], [100.02529, 15.81246], [100.0233, 15.81549], [100.01103, 15.83041], [100.00802, 15.8321], [100.0073, 15.83194], [100.00641, 15.83092], [100.00563, 15.83074], [100.00486, 15.83223], [100.0037, 15.83256], [100.00218, 15.83475], [100.00225, 15.83515], [100.00292, 15.83561], [100.00256, 15.83742], [100.00093, 15.83895], [99.9979, 15.83976], [99.99726, 15.84087], [99.9972, 15.84167], [99.99639, 15.84179], [99.99556, 15.84252], [99.99423, 15.84539], [99.99321, 15.84637]]]}}, {"type": "Feature", "properties": {"code": "TH600116", "name": "หนองปลิง", "name_en": "Nong Pling", "district": "เมืองนครสวรรค์", "district_en": "Mueang Nakhon Sawan", "area_km2": 54.9}, "geometry": {"type": "Polygon", "coordinates": [[[100.20245, 15.61913], [100.20211, 15.62187], [100.2024, 15.6236], [100.19688, 15.62463], [100.19716, 15.62754], [100.1981, 15.62901], [100.19852, 15.63253], [100.19913, 15.63277], [100.19871, 15.63831], [100.19769, 15.64064], [100.19727, 15.64729], [100.19767, 15.64981], [100.19095, 15.65174], [100.19192, 15.65547], [100.17461, 15.69941], [100.16863, 15.69324], [100.16838, 15.69233], [100.16556, 15.69032], [100.16217, 15.69005], [100.1591, 15.68868], [100.15667, 15.68847], [100.15646, 15.68699], [100.15445, 15.68688], [100.1525, 15.68605], [100.14753, 15.68496], [100.14773, 15.68205], [100.14731, 15.68148], [100.14447, 15.6815], [100.1446, 15.68007], [100.14255, 15.67894], [100.14247, 15.67782], [100.1418, 15.67729], [100.14296, 15.67535], [100.14054, 15.67375], [100.14016, 15.67219], [100.14037, 15.67128], [100.14004, 15.66962], [100.14282, 15.66921], [100.14214, 15.66682], [100.14159, 15.66629], [100.14197, 15.66405], [100.14291, 15.66295], [100.14195, 15.65958], [100.14309, 15.65742], [100.14301, 15.6554], [100.14202, 15.65458], [100.14157, 15.65345], [100.13984, 15.65358], [100.13786, 15.65237], [100.13714, 15.64892], [100.13722, 15.64387], [100.13675, 15.64401], [100.1357, 15.64327], [100.13594, 15.64235], [100.1364, 15.64214], [100.13988, 15.64142], [100.14162, 15.64154], [100.14161, 15.6402], [100.14201, 15.64014], [100.14502, 15.63671], [100.14602, 15.63479], [100.14671, 15.63432], [100.14744, 15.63453], [100.14825, 15.63405], [100.14825, 15.63337], [100.14895, 15.63198], [100.1487, 15.63114], [100.147, 15.63008], [100.14659, 15.62874], [100.14698, 15.62817], [100.14705, 15.62645], [100.14665, 15.62538], [100.14607, 15.6245], [100.14494, 15.62406], [100.1455, 15.62168], [100.14459, 15.61679], [100.14417, 15.61619], [100.14388, 15.61359], [100.14227, 15.61167], [100.14075, 15.60788], [100.14072, 15.60625], [100.14127, 15.60494], [100.14251, 15.60377], [100.14383, 15.60323], [100.14788, 15.60421], [100.15074, 15.60406], [100.15345, 15.60266], [100.15344, 15.6012], [100.15853, 15.59822], [100.16089, 15.59869], [100.16408, 15.59674], [100.16852, 15.59557], [100.1701, 15.59578], [100.17109, 15.59528], [100.17257, 15.59548], [100.17462, 15.59684], [100.17545, 15.59597], [100.1772, 15.59483], [100.17871, 15.59436], [100.17933, 15.59372], [100.1814, 15.59375], [100.18306, 15.59432], [100.1842, 15.59349], [100.18501, 15.59362], [100.18529, 15.59314], [100.18848, 15.59185], [100.18844, 15.5911], [100.18894, 15.59106], [100.19, 15.59253], [100.19093, 15.5929], [100.19098, 15.59389], [100.19231, 15.59353], [100.19299, 15.59515], [100.1934, 15.5948], [100.19451, 15.59581], [100.19448, 15.59668], [100.19495, 15.59766], [100.19465, 15.59812], [100.19524, 15.59878], [100.19548, 15.6001], [100.19459, 15.60043], [100.1944, 15.60289], [100.19479, 15.60351], [100.19418, 15.60369], [100.19422, 15.6049], [100.19377, 15.60499], [100.19358, 15.60552], [100.19383, 15.608], [100.19348, 15.60838], [100.19408, 15.60938], [100.19466, 15.60939], [100.19497, 15.61011], [100.19729, 15.61145], [100.19703, 15.61208], [100.1985, 15.61252], [100.19872, 15.61329], [100.19916, 15.61316], [100.19928, 15.61428], [100.20028, 15.61518], [100.20084, 15.61509], [100.20132, 15.61636], [100.20201, 15.61697], [100.20145, 15.61793], [100.20196, 15.61816], [100.20245, 15.61913]]]}}, {"type": "Feature", "properties": {"code": "TH600117", "name": "บึงเสนาท", "name_en": "Bueng Senat", "district": "เมืองนครสวรรค์", "district_en": "Mueang Nakhon Sawan", "area_km2": 10.3}, "geometry": {"type": "Polygon", "coordinates": [[[100.13571, 15.78729], [100.13195, 15.7881], [100.12891, 15.7862], [100.12719, 15.78656], [100.12621, 15.78626], [100.12687, 15.78201], [100.12587, 15.78171], [100.12583, 15.78144], [100.12679, 15.77729], [100.12746, 15.77647], [100.12795, 15.77461], [100.12849, 15.77385], [100.12845, 15.77322], [100.12738, 15.77201], [100.12535, 15.77184], [100.12478, 15.76873], [100.12636, 15.76548], [100.12752, 15.76472], [100.13029, 15.76418], [100.1316, 15.76362], [100.13332, 15.76413], [100.13461, 15.76369], [100.13472, 15.76306], [100.13441, 15.76238], [100.13234, 15.76122], [100.13242, 15.75682], [100.13115, 15.75507], [100.13179, 15.75411], [100.13447, 15.75284], [100.13568, 15.75087], [100.1347, 15.7496], [100.1324, 15.74838], [100.12976, 15.74757], [100.12895, 15.74598], [100.12712, 15.74382], [100.12702, 15.74311], [100.1284, 15.74163], [100.12878, 15.74072], [100.12797, 15.73855], [100.1305, 15.7376], [100.13071, 15.73534], [100.13116, 15.7352], [100.13227, 15.73595], [100.13321, 15.73616], [100.13379, 15.73582], [100.13574, 15.73081], [100.1359, 15.72932], [100.13519, 15.7278], [100.13641, 15.7268], [100.13982, 15.721], [100.14253, 15.71734], [100.14457, 15.71498], [100.14688, 15.71571], [100.14922, 15.71378], [100.15001, 15.71555], [100.14998, 15.72152], [100.14968, 15.72325], [100.14987, 15.72476], [100.15062, 15.72611], [100.15418, 15.72976], [100.15506, 15.73129], [100.15504, 15.73249], [100.15266, 15.73416], [100.15144, 15.73588], [100.15206, 15.73917], [100.15139, 15.74083], [100.15003, 15.74184], [100.14609, 15.74219], [100.14427, 15.74313], [100.14378, 15.74387], [100.14264, 15.74796], [100.13823, 15.75138], [100.13764, 15.75215], [100.13732, 15.75427], [100.13956, 15.75868], [100.14023, 15.76493], [100.14079, 15.76691], [100.14257, 15.76694], [100.14631, 15.76576], [100.1479, 15.76595], [100.14832, 15.76649], [100.14789, 15.76713], [100.14466, 15.76804], [100.14114, 15.76954], [100.14001, 15.77472], [100.13915, 15.77516], [100.13796, 15.77528], [100.13379, 15.7777], [100.13243, 15.77916], [100.13188, 15.7811], [100.13203, 15.78266], [100.13536, 15.78635], [100.13571, 15.78729]]]}}, {"type": "Feature", "properties": {"code": "TH600201", "name": "โกรกพระ", "name_en": "Krok Phra", "district": "โกรกพระ", "district_en": "Krok Phra", "area_km2": 28.3}, "geometry": {"type": "Polygon", "coordinates": [[[100.06981, 15.58676], [100.06748, 15.59012], [100.06785, 15.59084], [100.06686, 15.59127], [100.06708, 15.59178], [100.06202, 15.59097], [100.05988, 15.58922], [100.0598, 15.58845], [100.05925, 15.58791], [100.05934, 15.58491], [100.05608, 15.58301], [100.05406, 15.58241], [100.05285, 15.58252], [100.05098, 15.5813], [100.04931, 15.58088], [100.04677, 15.57885], [100.04564, 15.57847], [100.04407, 15.57704], [100.0424, 15.57642], [100.03985, 15.57645], [100.03819, 15.5761], [100.03767, 15.57521], [100.03612, 15.5746], [100.03692, 15.56993], [100.0373, 15.56459], [100.03713, 15.56296], [100.03799, 15.55683], [100.03991, 15.55227], [100.04066, 15.54754], [100.04296, 15.54068], [100.04224, 15.53432], [100.04128, 15.53291], [100.04161, 15.53249], [100.04261, 15.53213], [100.04291, 15.53133], [100.04367, 15.53064], [100.04364, 15.52835], [100.04417, 15.52744], [100.04509, 15.52715], [100.04537, 15.52637], [100.05096, 15.53098], [100.05151, 15.53278], [100.05626, 15.53396], [100.05693, 15.53382], [100.05745, 15.53303], [100.06139, 15.53439], [100.06523, 15.53641], [100.06974, 15.53708], [100.07077, 15.53796], [100.07261, 15.53879], [100.07329, 15.53971], [100.07937, 15.5401], [100.08038, 15.54125], [100.08177, 15.54139], [100.08429, 15.54088], [100.0858, 15.54142], [100.08643, 15.54051], [100.08901, 15.53893], [100.08997, 15.53906], [100.09116, 15.5386], [100.09329, 15.53972], [100.1041, 15.54749], [100.10606, 15.55049], [100.11097, 15.55402], [100.09459, 15.55499], [100.08535, 15.5514], [100.08377, 15.55104], [100.0819, 15.55145], [100.08103, 15.55237], [100.08054, 15.55385], [100.08057, 15.55559], [100.08109, 15.55748], [100.08469, 15.56552], [100.08676, 15.57104], [100.08907, 15.57354], [100.09078, 15.57488], [100.08622, 15.57555], [100.08467, 15.5765], [100.08357, 15.57659], [100.0826, 15.57747], [100.08208, 15.57708], [100.07896, 15.57702], [100.07675, 15.57662], [100.07586, 15.57606], [100.07521, 15.5762], [100.07315, 15.57825], [100.07451, 15.581], [100.07478, 15.58293], [100.07463, 15.5847], [100.07354, 15.58726], [100.07309, 15.58741], [100.06981, 15.58676]]]}}, {"type": "Feature", "properties": {"code": "TH600202", "name": "ยางตาล", "name_en": "Yang Tan", "district": "โกรกพระ", "district_en": "Krok Phra", "area_km2": 30.0}, "geometry": {"type": "Polygon", "coordinates": [[[100.13306, 15.61906], [100.13164, 15.6196], [100.12867, 15.61971], [100.12873, 15.61784], [100.12927, 15.61757], [100.12924, 15.6168], [100.12584, 15.61635], [100.1251, 15.61577], [100.11941, 15.61541], [100.11666, 15.61631], [100.1103, 15.61746], [100.11002, 15.61781], [100.10816, 15.61814], [100.10681, 15.61899], [100.10458, 15.61913], [100.10205, 15.61786], [100.09981, 15.61749], [100.09705, 15.61452], [100.09567, 15.61437], [100.09474, 15.61352], [100.09136, 15.61296], [100.09232, 15.60847], [100.1002, 15.60305], [100.10304, 15.6004], [100.10464, 15.59763], [100.10516, 15.59521], [100.10511, 15.59354], [100.10376, 15.59], [100.10058, 15.58563], [100.09632, 15.5814], [100.09378, 15.57605], [100.0922, 15.57509], [100.09078, 15.57488], [100.08907, 15.57354], [100.08676, 15.57104], [100.08469, 15.56552], [100.08109, 15.55748], [100.08057, 15.55559], [100.08071, 15.5531], [100.0819, 15.55145], [100.08377, 15.55104], [100.08535, 15.5514], [100.09459, 15.55499], [100.11097, 15.55402], [100.11328, 15.55547], [100.11616, 15.55819], [100.11781, 15.56203], [100.11841, 15.56523], [100.11952, 15.56677], [100.12168, 15.5674], [100.1268, 15.56797], [100.13078, 15.56945], [100.1363, 15.57044], [100.13723, 15.56993], [100.13824, 15.56999], [100.13954, 15.57086], [100.13991, 15.57375], [100.13898, 15.58025], [100.13933, 15.5822], [100.14071, 15.5832], [100.14094, 15.58385], [100.13901, 15.5855], [100.13904, 15.58786], [100.13978, 15.58992], [100.13948, 15.59134], [100.13795, 15.59542], [100.13632, 15.59805], [100.13484, 15.6013], [100.1353, 15.60341], [100.13661, 15.60568], [100.13922, 15.60842], [100.14129, 15.60954], [100.14126, 15.61175], [100.13902, 15.61807], [100.13656, 15.61956], [100.13548, 15.61914], [100.13306, 15.61906]]]}}, {"type": "Feature", "properties": {"code": "TH600203", "name": "บางมะฝ่อ", "name_en": "Bang Mafo", "district": "โกรกพระ", "district_en": "Krok Phra", "area_km2": 16.4}, "geometry": {"type": "Polygon", "coordinates": [[[100.09646, 15.60579], [100.08935, 15.61006], [100.08802, 15.61027], [100.0866, 15.61015], [100.08568, 15.60922], [100.08453, 15.60873], [100.0817, 15.61036], [100.08125, 15.61139], [100.08109, 15.61368], [100.08037, 15.61665], [100.07897, 15.62004], [100.07744, 15.62236], [100.07328, 15.62449], [100.06884, 15.62407], [100.06589, 15.62282], [100.0659, 15.62176], [100.0644, 15.62059], [100.0602, 15.61864], [100.063, 15.61659], [100.06331, 15.61591], [100.06333, 15.61429], [100.06304, 15.61313], [100.0623, 15.61223], [100.05805, 15.60961], [100.05688, 15.60332], [100.05699, 15.59538], [100.05877, 15.59646], [100.06203, 15.59683], [100.06647, 15.59684], [100.07051, 15.59603], [100.0706, 15.59548], [100.07021, 15.59476], [100.06858, 15.59346], [100.06797, 15.59238], [100.06681, 15.5914], [100.06785, 15.59084], [100.06748, 15.59012], [100.06981, 15.58676], [100.07309, 15.58741], [100.07354, 15.58726], [100.07463, 15.5847], [100.07478, 15.58293], [100.07451, 15.581], [100.07315, 15.57825], [100.07521, 15.5762], [100.07586, 15.57606], [100.07675, 15.57662], [100.07896, 15.57702], [100.08208, 15.57708], [100.0826, 15.57747], [100.08357, 15.57659], [100.08467, 15.5765], [100.08622, 15.57555], [100.08965, 15.57495], [100.0922, 15.57509], [100.09378, 15.57605], [100.09632, 15.5814], [100.10058, 15.58563], [100.10376, 15.59], [100.10476, 15.5923], [100.10523, 15.59453], [100.10454, 15.59793], [100.1024, 15.60116], [100.09646, 15.60579]]]}}, {"type": "Feature", "properties": {"code": "TH600204", "name": "บางประมุง", "name_en": "Bang Pramung", "district": "โกรกพระ", "district_en": "Krok Phra", "area_km2": 57.7}, "geometry": {"type": "Polygon", "coordinates": [[[99.97397, 15.68111], [99.97288, 15.68198], [99.97213, 15.68201], [99.97086, 15.67859], [99.96914, 15.67636], [99.96898, 15.67512], [99.95944, 15.67551], [99.95697, 15.67449], [99.95469, 15.67494], [99.9524, 15.67372], [99.95004, 15.67353], [99.94837, 15.67524], [99.94763, 15.6756], [99.94362, 15.6755], [99.93968, 15.67631], [99.93645, 15.67604], [99.93344, 15.67278], [99.93248, 15.67232], [99.93411, 15.66622], [99.93333, 15.65897], [99.93424, 15.65477], [99.93448, 15.64793], [99.93701, 15.64749], [99.93832, 15.6476], [99.94253, 15.64953], [99.94327, 15.64879], [99.94384, 15.64615], [99.94502, 15.64558], [99.94753, 15.64607], [99.9493, 15.64746], [99.95355, 15.64859], [99.9569, 15.64847], [99.95955, 15.64771], [99.96172, 15.64799], [99.96358, 15.64897], [99.9658, 15.64917], [99.96975, 15.64806], [99.96969, 15.64765], [99.9725, 15.6474], [99.97403, 15.64693], [99.97563, 15.64596], [99.97566, 15.64425], [99.97874, 15.64391], [99.98206, 15.64448], [99.98363, 15.64324], [99.98781, 15.64456], [99.98984, 15.64447], [99.99287, 15.64377], [99.99385, 15.6443], [99.9945, 15.64576], [99.99591, 15.64598], [99.99632, 15.64537], [99.99764, 15.64552], [99.99778, 15.64529], [99.99876, 15.64589], [99.99933, 15.64667], [100.00197, 15.6472], [100.00246, 15.64715], [100.00389, 15.64613], [100.00477, 15.64619], [100.00484, 15.64669], [100.00656, 15.64732], [100.00895, 15.64726], [100.01289, 15.64496], [100.01411, 15.64479], [100.01943, 15.64701], [100.0221, 15.64901], [100.02297, 15.64915], [100.02325, 15.64881], [100.023, 15.64724], [100.0223, 15.64598], [100.01915, 15.64387], [100.01748, 15.64221], [100.01719, 15.64137], [100.01816, 15.63771], [100.01853, 15.62758], [100.01935, 15.62357], [100.02103, 15.61922], [100.02436, 15.61335], [100.02601, 15.61123], [100.0262, 15.60644], [100.02692, 15.60463], [100.02875, 15.60268], [100.03184, 15.60095], [100.03219, 15.60048], [100.03403, 15.60056], [100.0369, 15.60125], [100.04043, 15.60278], [100.04244, 15.60426], [100.0447, 15.60667], [100.04747, 15.60472], [100.04725, 15.60409], [100.04751, 15.60268], [100.04962, 15.59991], [100.04964, 15.59577], [100.05181, 15.59632], [100.05168, 15.59311], [100.05439, 15.59433], [100.05564, 15.59447], [100.05699, 15.59538], [100.05688, 15.60332], [100.05804, 15.60956], [100.0623, 15.61223], [100.06304, 15.61313], [100.06334, 15.61511], [100.063, 15.61659], [100.0602, 15.61864], [100.05766, 15.61732], [100.05504, 15.6166], [100.05094, 15.61612], [100.04707, 15.61613], [100.04313, 15.61719], [100.03993, 15.61856], [100.03796, 15.62043], [100.03516, 15.62445], [100.0333, 15.62799], [100.03253, 15.63115], [100.03215, 15.63742], [100.03268, 15.63924], [100.03703, 15.64641], [100.03788, 15.65119], [100.03902, 15.65429], [100.04016, 15.65625], [100.04123, 15.65655], [100.04252, 15.65595], [100.04373, 15.6542], [100.04425, 15.65], [100.04633, 15.64145], [100.0477, 15.63846], [100.04926, 15.63614], [100.0519, 15.63409], [100.0551, 15.63315], [100.05874, 15.63344], [100.05973, 15.63384], [100.06201, 15.63565], [100.06258, 15.63717], [100.06241, 15.63895], [100.06144, 15.64117], [100.06008, 15.64664], [100.06075, 15.64716], [100.06079, 15.64883], [100.05989, 15.64986], [100.05838, 15.65797], [100.05842, 15.66123], [100.05919, 15.665], [100.06059, 15.66644], [100.05959, 15.66742], [100.05916, 15.66872], [100.05706, 15.66929], [100.05559, 15.66801], [100.05445, 15.66794], [100.05324, 15.6695], [100.053, 15.67103], [100.05176, 15.67192], [100.05086, 15.67337], [100.04951, 15.67425], [100.04839, 15.67596], [100.04746, 15.67537], [100.04713, 15.67428], [100.04597, 15.67382], [100.04545, 15.67397], [100.04435, 15.67533], [100.0451, 15.67707], [100.0461, 15.67805], [100.04583, 15.67876], [100.04205, 15.68059], [100.0421, 15.68121], [100.04185, 15.68132], [100.04043, 15.6809], [100.04017, 15.67919], [100.03982, 15.67915], [100.03951, 15.67799], [100.03828, 15.67848], [100.03431, 15.67821], [100.03214, 15.6775], [100.03131, 15.67788], [100.03069, 15.67713], [100.03063, 15.67604], [100.0292, 15.67561], [100.02694, 15.67615], [100.02613, 15.67488], [100.02471, 15.67543], [100.02276, 15.6756], [100.02266, 15.67347], [100.01749, 15.6749], [100.0155, 15.67566], [100.01376, 15.67683], [100.00449, 15.67993], [100.00239, 15.67986], [100.00052, 15.67905], [99.99646, 15.6787], [99.9855, 15.67518], [99.98359, 15.67572], [99.98182, 15.67685], [99.98076, 15.67814], [99.97994, 15.67863], [99.97865, 15.6784], [99.97824, 15.68015], [99.97724, 15.67985], [99.97592, 15.68017], [99.97598, 15.6807], [99.97549, 15.68114], [99.97439, 15.68132], [99.97397, 15.68111]]]}}, {"type": "Feature", "properties": {"code": "TH600205", "name": "นากลาง", "name_en": "Na Klang", "district": "โกรกพระ", "district_en": "Krok Phra", "area_km2": 51.8}, "geometry": {"type": "Polygon", "coordinates": [[[100.01915, 15.64387], [100.02162, 15.64531], [100.02279, 15.6468], [100.02325, 15.64859], [100.02297, 15.64915], [100.0221, 15.64901], [100.01943, 15.64701], [100.01411, 15.64479], [100.01289, 15.64496], [100.00895, 15.64726], [100.00656, 15.64732], [100.00484, 15.64669], [100.00477, 15.64619], [100.00389, 15.64613], [100.00246, 15.64715], [100.00197, 15.6472], [99.99933, 15.64667], [99.99876, 15.64589], [99.99778, 15.64529], [99.99764, 15.64552], [99.99632, 15.64537], [99.99591, 15.64598], [99.9945, 15.64576], [99.99385, 15.6443], [99.99287, 15.64377], [99.98984, 15.64447], [99.98781, 15.64456], [99.98363, 15.64324], [99.98206, 15.64448], [99.97874, 15.64391], [99.97566, 15.64425], [99.97563, 15.64596], [99.97403, 15.64693], [99.9725, 15.6474], [99.96969, 15.64765], [99.96975, 15.64806], [99.9658, 15.64917], [99.96358, 15.64897], [99.96172, 15.64799], [99.95955, 15.64771], [99.9569, 15.64847], [99.95355, 15.64859], [99.9493, 15.64746], [99.94753, 15.64607], [99.94502, 15.64558], [99.94384, 15.64615], [99.94327, 15.64879], [99.94253, 15.64953], [99.93832, 15.6476], [99.93701, 15.64749], [99.93448, 15.64793], [99.93527, 15.64657], [99.93566, 15.64352], [99.93644, 15.64148], [99.93665, 15.63916], [99.93883, 15.63287], [99.94044, 15.62926], [99.94145, 15.62497], [99.94204, 15.61885], [99.9402, 15.61136], [99.93994, 15.60829], [99.94081, 15.60451], [99.94291, 15.60068], [99.94277, 15.5985], [99.94338, 15.59678], [99.94594, 15.59456], [99.94729, 15.59391], [99.94806, 15.59313], [99.94886, 15.59294], [99.94923, 15.59224], [99.95038, 15.59191], [99.95543, 15.59243], [99.96446, 15.59427], [99.96905, 15.59285], [99.97082, 15.59286], [99.97794, 15.59499], [99.98555, 15.59606], [99.9885, 15.59616], [99.9967, 15.59522], [100.00301, 15.59362], [100.00421, 15.59432], [100.00549, 15.59381], [100.0073, 15.5942], [100.01024, 15.59402], [100.01359, 15.59304], [100.01605, 15.59173], [100.01806, 15.59148], [100.01815, 15.59104], [100.02589, 15.59236], [100.02834, 15.59355], [100.02956, 15.59458], [100.03193, 15.59776], [100.03231, 15.5989], [100.03219, 15.60048], [100.03184, 15.60095], [100.02875, 15.60268], [100.02692, 15.60463], [100.0262, 15.60644], [100.02601, 15.61123], [100.02436, 15.61335], [100.02103, 15.61922], [100.01935, 15.62357], [100.01842, 15.62894], [100.0182, 15.63737], [100.01719, 15.64159], [100.01915, 15.64387]]]}}, {"type": "Feature", "properties": {"code": "TH600206", "name": "ศาลาแดง", "name_en": "Sala Daeng", "district": "โกรกพระ", "district_en": "Krok Phra", "area_km2": 36.7}, "geometry": {"type": "Polygon", "coordinates": [[[100.04929, 15.60064], [100.04751, 15.60268], [100.04742, 15.6048], [100.04449, 15.60664], [100.04244, 15.60426], [100.03961, 15.60233], [100.03538, 15.60081], [100.03219, 15.60048], [100.03231, 15.5989], [100.03182, 15.59757], [100.02956, 15.59458], [100.02772, 15.59317], [100.02556, 15.59228], [100.01815, 15.59104], [100.01806, 15.59148], [100.01605, 15.59173], [100.01359, 15.59304], [100.01024, 15.59402], [100.0073, 15.5942], [100.00549, 15.59381], [100.00421, 15.59432], [100.00301, 15.59362], [99.9967, 15.59522], [99.9885, 15.59616], [99.98555, 15.59606], [99.97794, 15.59499], [99.97082, 15.59286], [99.96905, 15.59285], [99.96446, 15.59427], [99.95543, 15.59243], [99.95038, 15.59191], [99.94923, 15.59224], [99.94886, 15.59294], [99.948, 15.59316], [99.94356, 15.5965], [99.94284, 15.59808], [99.94275, 15.60119], [99.9416, 15.60271], [99.94081, 15.60451], [99.93908, 15.60313], [99.93758, 15.60046], [99.9374, 15.5996], [99.93741, 15.5966], [99.93833, 15.59227], [99.93819, 15.58517], [99.94024, 15.58243], [99.9409, 15.581], [99.94107, 15.57738], [99.94218, 15.57432], [99.94247, 15.57236], [99.94389, 15.57268], [99.9555, 15.57134], [99.96165, 15.5717], [99.97165, 15.56862], [99.97272, 15.56878], [99.9742, 15.57001], [99.97605, 15.56912], [99.9764, 15.56862], [99.97809, 15.56879], [99.97888, 15.56827], [99.97683, 15.56427], [99.97677, 15.55986], [99.97592, 15.55376], [99.97641, 15.5541], [99.97748, 15.5539], [99.97824, 15.55327], [99.98028, 15.55291], [99.98306, 15.55174], [99.98558, 15.55153], [99.98772, 15.55195], [99.98961, 15.55167], [99.99231, 15.55299], [99.9935, 15.55313], [99.99438, 15.55257], [99.99476, 15.55139], [99.99548, 15.55144], [99.99643, 15.55189], [99.99834, 15.55379], [99.9987, 15.55457], [100.0012, 15.55469], [100.00152, 15.55503], [100.00132, 15.55883], [100.00106, 15.5593], [100.00276, 15.56663], [100.00266, 15.56854], [100.00224, 15.56953], [100.00362, 15.57301], [100.00616, 15.57605], [100.0095, 15.57476], [100.01002, 15.57502], [100.01008, 15.57552], [100.01041, 15.57568], [100.01045, 15.5772], [100.01255, 15.57763], [100.01208, 15.57984], [100.01242, 15.58127], [100.01547, 15.58167], [100.01687, 15.57956], [100.01753, 15.57785], [100.02008, 15.57625], [100.02292, 15.5757], [100.02405, 15.57628], [100.02557, 15.57535], [100.02844, 15.57544], [100.03, 15.57387], [100.03612, 15.5746], [100.03767, 15.57521], [100.03819, 15.5761], [100.03985, 15.57645], [100.0424, 15.57642], [100.04407, 15.57704], [100.04564, 15.57847], [100.04677, 15.57885], [100.04931, 15.58088], [100.05098, 15.5813], [100.05285, 15.58252], [100.05406, 15.58241], [100.05608, 15.58301], [100.05934, 15.58491], [100.05925, 15.58791], [100.0598, 15.58845], [100.05988, 15.58922], [100.06062, 15.58996], [100.06202, 15.59097], [100.06708, 15.59178], [100.06795, 15.59235], [100.06858, 15.59346], [100.06992, 15.59444], [100.0706, 15.59548], [100.07033, 15.59613], [100.06674, 15.59682], [100.05971, 15.59668], [100.05822, 15.59624], [100.05564, 15.59447], [100.05439, 15.59433], [100.05168, 15.59311], [100.05181, 15.59632], [100.04964, 15.59577], [100.04967, 15.59947], [100.04929, 15.60064]]]}}, {"type": "Feature", "properties": {"code": "TH600207", "name": "เนินกว้าว", "name_en": "Noen Kwao", "district": "โกรกพระ", "district_en": "Krok Phra", "area_km2": 36.8}, "geometry": {"type": "Polygon", "coordinates": [[[100.02275, 15.57571], [100.02008, 15.57625], [100.01776, 15.57763], [100.01547, 15.58167], [100.01241, 15.58126], [100.01208, 15.57984], [100.01255, 15.57763], [100.01045, 15.5772], [100.01041, 15.57568], [100.01008, 15.57552], [100.01002, 15.57502], [100.0095, 15.57476], [100.00614, 15.57604], [100.00352, 15.5728], [100.00224, 15.56953], [100.00266, 15.56854], [100.00276, 15.56663], [100.00107, 15.55934], [100.00158, 15.55576], [100.00138, 15.55477], [99.9987, 15.55457], [99.99834, 15.55379], [99.99639, 15.55186], [99.99486, 15.55137], [99.99421, 15.5528], [99.9935, 15.55313], [99.99231, 15.55299], [99.98961, 15.55167], [99.98772, 15.55195], [99.98558, 15.55153], [99.98306, 15.55174], [99.98028, 15.55291], [99.97824, 15.55327], [99.97755, 15.55389], [99.9763, 15.55407], [99.97592, 15.55376], [99.97572, 15.55144], [99.97624, 15.54571], [99.97614, 15.54082], [99.97668, 15.53994], [99.97822, 15.53982], [99.98258, 15.54237], [99.98437, 15.5429], [99.98765, 15.54291], [99.98882, 15.542], [99.98958, 15.54029], [99.98891, 15.53921], [99.98872, 15.53823], [99.98928, 15.53337], [99.9892, 15.53047], [99.98767, 15.52357], [99.98676, 15.52152], [99.98925, 15.51928], [99.99168, 15.51971], [99.99175, 15.51904], [99.99278, 15.51911], [99.99346, 15.51863], [99.99436, 15.51865], [99.99497, 15.51773], [99.99587, 15.51805], [99.99725, 15.51766], [99.99833, 15.51651], [99.99936, 15.5163], [99.99994, 15.51675], [100.00106, 15.51585], [100.0023, 15.51559], [100.00453, 15.51421], [100.00714, 15.51552], [100.0108, 15.51559], [100.01207, 15.51672], [100.01386, 15.51691], [100.01429, 15.51658], [100.0144, 15.5158], [100.01385, 15.51255], [100.01531, 15.5113], [100.01599, 15.50925], [100.0169, 15.50934], [100.01745, 15.51011], [100.01902, 15.51083], [100.01932, 15.51049], [100.01915, 15.50988], [100.02139, 15.5087], [100.02303, 15.50859], [100.02613, 15.5073], [100.03777, 15.51163], [100.03965, 15.51366], [100.04095, 15.51444], [100.04321, 15.51865], [100.04394, 15.5214], [100.04678, 15.52233], [100.04731, 15.52436], [100.04677, 15.52478], [100.04653, 15.5255], [100.0455, 15.52619], [100.04505, 15.52719], [100.04407, 15.52755], [100.0436, 15.5285], [100.04367, 15.53064], [100.04291, 15.53133], [100.0426, 15.53214], [100.0413, 15.53284], [100.04224, 15.53432], [100.04296, 15.54068], [100.04066, 15.54754], [100.03991, 15.55227], [100.03799, 15.55683], [100.03713, 15.56296], [100.0373, 15.56459], [100.03692, 15.56993], [100.03612, 15.5746], [100.03, 15.57387], [100.02844, 15.57544], [100.02557, 15.57535], [100.02405, 15.57628], [100.02275, 15.57571]]]}}, {"type": "Feature", "properties": {"code": "TH600208", "name": "เนินศาลา", "name_en": "Noen Sala", "district": "โกรกพระ", "district_en": "Krok Phra", "area_km2": 27.7}, "geometry": {"type": "Polygon", "coordinates": [[[99.95453, 15.57145], [99.94389, 15.57268], [99.94247, 15.57236], [99.94191, 15.57008], [99.94216, 15.56713], [99.94198, 15.5658], [99.94029, 15.55878], [99.94045, 15.55559], [99.93978, 15.54641], [99.94067, 15.53978], [99.9403, 15.53326], [99.94089, 15.53132], [99.94307, 15.52851], [99.94388, 15.52691], [99.94415, 15.52546], [99.94356, 15.52159], [99.94383, 15.52024], [99.94424, 15.51909], [99.94621, 15.51617], [99.94698, 15.51408], [99.9469, 15.5111], [99.94527, 15.50525], [99.94541, 15.50412], [99.94608, 15.50268], [99.947, 15.5011], [99.94768, 15.50081], [99.94939, 15.50215], [99.9538, 15.50328], [99.9566, 15.50494], [99.95898, 15.50709], [99.95934, 15.50857], [99.96052, 15.51014], [99.96089, 15.51171], [99.96142, 15.51106], [99.96203, 15.51103], [99.96216, 15.5116], [99.96299, 15.51217], [99.96335, 15.51327], [99.96414, 15.51383], [99.96442, 15.51369], [99.96553, 15.5152], [99.96651, 15.51579], [99.9677, 15.51723], [99.97012, 15.51872], [99.9747, 15.52068], [99.97733, 15.52033], [99.98, 15.52136], [99.98329, 15.52147], [99.98526, 15.52214], [99.98676, 15.52152], [99.98767, 15.52357], [99.9892, 15.53047], [99.98928, 15.53337], [99.98872, 15.53823], [99.98891, 15.53921], [99.98958, 15.54029], [99.98882, 15.542], [99.98822, 15.54264], [99.9873, 15.54297], [99.98381, 15.54278], [99.98243, 15.5423], [99.97926, 15.54025], [99.97774, 15.5397], [99.97668, 15.53994], [99.97621, 15.5405], [99.97619, 15.54697], [99.97572, 15.55144], [99.97677, 15.55986], [99.9768, 15.56405], [99.97887, 15.56839], [99.97755, 15.56888], [99.9764, 15.56862], [99.97605, 15.56912], [99.97422, 15.57001], [99.97272, 15.56878], [99.97124, 15.56869], [99.96165, 15.5717], [99.95453, 15.57145]]]}}, {"type": "Feature", "properties": {"code": "TH600209", "name": "หาดสูง", "name_en": "Hat Sung", "district": "โกรกพระ", "district_en": "Krok Phra", "area_km2": 15.3}, "geometry": {"type": "Polygon", "coordinates": [[[99.98676, 15.52152], [99.98526, 15.52214], [99.98329, 15.52147], [99.98, 15.52136], [99.97733, 15.52033], [99.9747, 15.52068], [99.97012, 15.51872], [99.9677, 15.51723], [99.96651, 15.51579], [99.96553, 15.5152], [99.96442, 15.51369], [99.96414, 15.51383], [99.96335, 15.51327], [99.96299, 15.51217], [99.96216, 15.5116], [99.96203, 15.51103], [99.96142, 15.51106], [99.96089, 15.51171], [99.96052, 15.51014], [99.95934, 15.50857], [99.95891, 15.50702], [99.95998, 15.50669], [99.96132, 15.50435], [99.96209, 15.50373], [99.96336, 15.50344], [99.96605, 15.50355], [99.96678, 15.50319], [99.96728, 15.50211], [99.96773, 15.4994], [99.96869, 15.49948], [99.97017, 15.50108], [99.97107, 15.50137], [99.97183, 15.50097], [99.97378, 15.4988], [99.97725, 15.49939], [99.97836, 15.49843], [99.9789, 15.49675], [99.97959, 15.49614], [99.98207, 15.49673], [99.98487, 15.4963], [99.98562, 15.49517], [99.98382, 15.49335], [99.98357, 15.49233], [99.98389, 15.4918], [99.98697, 15.49216], [99.98847, 15.49025], [99.9889, 15.49013], [99.99063, 15.49071], [99.99202, 15.492], [99.99323, 15.49185], [99.99473, 15.49028], [99.99471, 15.48783], [99.99579, 15.48598], [99.99948, 15.48523], [100.00017, 15.48468], [100.00046, 15.48373], [100.00457, 15.48488], [100.0066, 15.48619], [100.00763, 15.48745], [100.00789, 15.4888], [100.00977, 15.49195], [100.0097, 15.49553], [100.00914, 15.49868], [100.00695, 15.50046], [100.00705, 15.50139], [100.0159, 15.50349], [100.0197, 15.50519], [100.02357, 15.50597], [100.02613, 15.5073], [100.02303, 15.50859], [100.02139, 15.5087], [100.01915, 15.50988], [100.01932, 15.51049], [100.01902, 15.51083], [100.01745, 15.51011], [100.0169, 15.50934], [100.01599, 15.50925], [100.01531, 15.5113], [100.01385, 15.51255], [100.0144, 15.51573], [100.01411, 15.51682], [100.01207, 15.51672], [100.0108, 15.51559], [100.00714, 15.51552], [100.00445, 15.51422], [100.0024, 15.51554], [100.00106, 15.51585], [99.99994, 15.51675], [99.99936, 15.5163], [99.99833, 15.51651], [99.99725, 15.51766], [99.99587, 15.51805], [99.99497, 15.51773], [99.99436, 15.51865], [99.99346, 15.51863], [99.99278, 15.51911], [99.99175, 15.51904], [99.99168, 15.51971], [99.9893, 15.51925], [99.98676, 15.52152]]]}}, {"type": "Feature", "properties": {"code": "TH600301", "name": "ชุมแสง", "name_en": "Chum Saeng", "district": "ชุมแสง", "district_en": "Chum Saeng", "area_km2": 2.7}, "geometry": {"type": "Polygon", "coordinates": [[[100.31924, 15.89624], [100.31356, 15.90206], [100.30365, 15.90727], [100.30395, 15.90429], [100.30446, 15.90252], [100.30814, 15.89918], [100.30851, 15.89742], [100.30828, 15.8959], [100.30661, 15.89369], [100.30354, 15.89187], [100.30118, 15.8914], [100.29818, 15.8921], [100.29833, 15.88829], [100.30519, 15.88364], [100.31512, 15.88845], [100.31924, 15.89624]]]}}, {"type": "Feature", "properties": {"code": "TH600302", "name": "ทับกฤช", "name_en": "Thap Krit", "district": "ชุมแสง", "district_en": "Chum Saeng", "area_km2": 112.6}, "geometry": {"type": "Polygon", "coordinates": [[[100.34286, 15.78072], [100.34179, 15.78726], [100.34218, 15.79161], [100.34133, 15.79772], [100.34186, 15.80303], [100.34115, 15.80888], [100.33307, 15.80885], [100.3301, 15.81055], [100.32119, 15.81843], [100.31356, 15.82259], [100.3131, 15.82216], [100.31268, 15.82058], [100.31116, 15.82031], [100.31036, 15.8193], [100.30979, 15.81915], [100.30766, 15.81922], [100.30664, 15.81997], [100.30594, 15.8211], [100.30512, 15.82147], [100.30289, 15.82127], [100.30191, 15.81994], [100.30023, 15.81948], [100.29815, 15.82063], [100.29523, 15.82169], [100.29183, 15.82163], [100.29077, 15.82103], [100.29075, 15.81982], [100.28974, 15.8192], [100.28787, 15.81864], [100.28216, 15.81818], [100.28161, 15.81764], [100.28164, 15.81644], [100.28116, 15.81491], [100.28038, 15.8144], [100.27862, 15.81481], [100.27609, 15.81446], [100.27402, 15.81373], [100.27244, 15.81369], [100.27148, 15.81411], [100.27044, 15.8159], [100.26476, 15.81577], [100.26412, 15.81472], [100.26465, 15.81256], [100.26454, 15.81175], [100.26209, 15.81143], [100.26123, 15.8107], [100.26131, 15.81009], [100.26255, 15.80911], [100.26222, 15.80796], [100.25921, 15.80819], [100.25864, 15.80741], [100.2592, 15.8063], [100.2591, 15.80513], [100.25805, 15.80456], [100.25696, 15.80309], [100.2556, 15.80348], [100.25468, 15.80298], [100.25501, 15.8023], [100.25495, 15.80126], [100.25266, 15.79385], [100.253, 15.79277], [100.25415, 15.79233], [100.25602, 15.79226], [100.2566, 15.79181], [100.25672, 15.7913], [100.25661, 15.79043], [100.25513, 15.78766], [100.25487, 15.78651], [100.25738, 15.77652], [100.25774, 15.77099], [100.25754, 15.76969], [100.25466, 15.76505], [100.25411, 15.76362], [100.25401, 15.76047], [100.25524, 15.75469], [100.25506, 15.75333], [100.25441, 15.75277], [100.2536, 15.75272], [100.24947, 15.7541], [100.24737, 15.75332], [100.24688, 15.7528], [100.24664, 15.75168], [100.24711, 15.74612], [100.24615, 15.74482], [100.24401, 15.74351], [100.242, 15.7429], [100.23764, 15.74279], [100.23571, 15.74245], [100.23056, 15.74074], [100.2286, 15.73962], [100.22519, 15.73428], [100.22406, 15.73089], [100.22275, 15.72924], [100.22848, 15.72141], [100.23588, 15.71707], [100.23982, 15.71227], [100.2427, 15.70784], [100.24742, 15.69823], [100.2746, 15.69663], [100.28386, 15.69538], [100.2963, 15.6929], [100.30057, 15.69354], [100.29957, 15.69868], [100.3008, 15.7002], [100.30244, 15.70355], [100.31096, 15.70723], [100.31075, 15.70815], [100.3144, 15.71702], [100.31573, 15.72158], [100.31872, 15.72373], [100.32005, 15.72547], [100.32839, 15.74209], [100.32812, 15.74804], [100.32759, 15.75019], [100.32389, 15.75471], [100.31801, 15.75891], [100.31525, 15.76201], [100.31344, 15.76632], [100.31316, 15.76915], [100.31354, 15.77031], [100.31488, 15.77143], [100.318, 15.77223], [100.32732, 15.7732], [100.3318, 15.774], [100.33827, 15.77679], [100.34286, 15.78072]]]}}, {"type": "Feature", "properties": {"code": "TH600303", "name": "พิกุล", "name_en": "Phikun", "district": "ชุมแสง", "district_en": "Chum Saeng", "area_km2": 34.7}, "geometry": {"type": "Polygon", "coordinates": [[[100.33119, 15.94065], [100.3289, 15.94052], [100.32752, 15.93961], [100.32293, 15.93593], [100.31775, 15.93104], [100.31711, 15.92997], [100.31721, 15.92943], [100.31788, 15.92757], [100.3188, 15.92716], [100.31906, 15.925], [100.31834, 15.92378], [100.31191, 15.91753], [100.30937, 15.91461], [100.30733, 15.91304], [100.2986, 15.91302], [100.29921, 15.91537], [100.29943, 15.91797], [100.29874, 15.9213], [100.29507, 15.91951], [100.28736, 15.92104], [100.28663, 15.91914], [100.28981, 15.91741], [100.29024, 15.91642], [100.29027, 15.91495], [100.28948, 15.91234], [100.2877, 15.91149], [100.28797, 15.9091], [100.28537, 15.90581], [100.28643, 15.90404], [100.28628, 15.903], [100.28742, 15.90238], [100.28655, 15.89937], [100.29214, 15.89754], [100.29882, 15.89405], [100.3012, 15.89384], [100.30244, 15.89407], [100.30354, 15.89187], [100.30736, 15.89437], [100.30828, 15.8959], [100.30851, 15.89742], [100.30814, 15.89918], [100.30446, 15.90252], [100.30395, 15.90429], [100.30365, 15.90727], [100.31356, 15.90206], [100.31924, 15.89624], [100.31512, 15.88845], [100.30959, 15.88577], [100.31061, 15.88368], [100.31271, 15.88117], [100.3201, 15.87007], [100.32777, 15.86683], [100.33266, 15.86562], [100.33339, 15.86509], [100.33392, 15.86535], [100.3386, 15.87222], [100.34208, 15.87473], [100.34312, 15.87635], [100.34765, 15.87323], [100.3531, 15.87163], [100.35363, 15.87347], [100.35399, 15.87984], [100.35402, 15.89068], [100.35554, 15.89493], [100.35594, 15.89985], [100.3481, 15.90103], [100.34831, 15.90227], [100.33888, 15.90295], [100.33885, 15.90367], [100.33843, 15.90393], [100.33964, 15.90548], [100.34032, 15.90556], [100.34214, 15.90672], [100.34325, 15.90665], [100.34295, 15.90779], [100.34337, 15.90972], [100.34423, 15.91001], [100.34418, 15.91108], [100.34583, 15.91164], [100.34652, 15.91327], [100.34715, 15.91363], [100.34746, 15.91436], [100.34846, 15.91418], [100.35047, 15.91277], [100.35318, 15.91395], [100.35315, 15.91455], [100.35241, 15.91563], [100.35268, 15.91829], [100.35299, 15.91885], [100.3546, 15.91922], [100.35449, 15.91987], [100.35294, 15.92068], [100.35287, 15.9218], [100.35351, 15.92355], [100.35476, 15.93253], [100.35641, 15.93571], [100.35669, 15.93775], [100.35661, 15.93885], [100.3554, 15.93738], [100.35376, 15.93609], [100.3518, 15.93522], [100.34956, 15.93487], [100.34728, 15.93527], [100.34358, 15.93678], [100.33817, 15.9378], [100.33119, 15.94065]]]}}, {"type": "Feature", "properties": {"code": "TH600304", "name": "เกยไชย", "name_en": "Koei Chai", "district": "ชุมแสง", "district_en": "Chum Saeng", "area_km2": 31.2}, "geometry": {"type": "Polygon", "coordinates": [[[100.30354, 15.89187], [100.30244, 15.89407], [100.3012, 15.89384], [100.29882, 15.89405], [100.29214, 15.89754], [100.28655, 15.89937], [100.28633, 15.89896], [100.28514, 15.89873], [100.28419, 15.89609], [100.2844, 15.89539], [100.2851, 15.89488], [100.28619, 15.89294], [100.28693, 15.89227], [100.28527, 15.89042], [100.27992, 15.89265], [100.27331, 15.88704], [100.27015, 15.88197], [100.26846, 15.88026], [100.26814, 15.87921], [100.26636, 15.87841], [100.26446, 15.87681], [100.25978, 15.87612], [100.25797, 15.87504], [100.25555, 15.87526], [100.25084, 15.8744], [100.2435, 15.86953], [100.24521, 15.86599], [100.24632, 15.86489], [100.2483, 15.86139], [100.25168, 15.86229], [100.2587, 15.85749], [100.26363, 15.85508], [100.31612, 15.83933], [100.31629, 15.85669], [100.31916, 15.8559], [100.32115, 15.85593], [100.32247, 15.85708], [100.32364, 15.85744], [100.32576, 15.85681], [100.32958, 15.8565], [100.33213, 15.85882], [100.33182, 15.85951], [100.33305, 15.86129], [100.33339, 15.86509], [100.33266, 15.86562], [100.32777, 15.86683], [100.32007, 15.8701], [100.31271, 15.88117], [100.3107, 15.88354], [100.30959, 15.88577], [100.30519, 15.88364], [100.29833, 15.88829], [100.29818, 15.8921], [100.30118, 15.8914], [100.30354, 15.89187]]]}}, {"type": "Feature", "properties": {"code": "TH600305", "name": "ท่าไม้", "name_en": "Tha Mai", "district": "ชุมแสง", "district_en": "Chum Saeng", "area_km2": 44.8}, "geometry": {"type": "Polygon", "coordinates": [[[100.26611, 15.9402], [100.26436, 15.9414], [100.26249, 15.9421], [100.26272, 15.94441], [100.26362, 15.94739], [100.26355, 15.94957], [100.26474, 15.95059], [100.26366, 15.95427], [100.26224, 15.95748], [100.26035, 15.95958], [100.25795, 15.96096], [100.25483, 15.9613], [100.25257, 15.96088], [100.2496, 15.95967], [100.24775, 15.9583], [100.2465, 15.9562], [100.24581, 15.95267], [100.24297, 15.94914], [100.24149, 15.94672], [100.24141, 15.94569], [100.24746, 15.93838], [100.24541, 15.93616], [100.24298, 15.93474], [100.24114, 15.93411], [100.23626, 15.93367], [100.2344, 15.93149], [100.23418, 15.93057], [100.23272, 15.92993], [100.23208, 15.92929], [100.2305, 15.92889], [100.22897, 15.92699], [100.22363, 15.92829], [100.21811, 15.92774], [100.21671, 15.92791], [100.21666, 15.92707], [100.21714, 15.92599], [100.21693, 15.92426], [100.21751, 15.9227], [100.2185, 15.92212], [100.21986, 15.92208], [100.22173, 15.92115], [100.22381, 15.92119], [100.22514, 15.92004], [100.22279, 15.91674], [100.2223, 15.91551], [100.22119, 15.91477], [100.22128, 15.91338], [100.22083, 15.91212], [100.22184, 15.91005], [100.2218, 15.90796], [100.22142, 15.90724], [100.2204, 15.90738], [100.22025, 15.90624], [100.22115, 15.90524], [100.22194, 15.9051], [100.22288, 15.9043], [100.22289, 15.90219], [100.22848, 15.89987], [100.23467, 15.89928], [100.23548, 15.89879], [100.23542, 15.89622], [100.23506, 15.89477], [100.23526, 15.89427], [100.23326, 15.89123], [100.23252, 15.88927], [100.23312, 15.88266], [100.23938, 15.87883], [100.23976, 15.87803], [100.23853, 15.87486], [100.24084, 15.8749], [100.2435, 15.86953], [100.25084, 15.8744], [100.25555, 15.87526], [100.25797, 15.87504], [100.25978, 15.87612], [100.26446, 15.87681], [100.26636, 15.87841], [100.26814, 15.87921], [100.26846, 15.88026], [100.27015, 15.88197], [100.27331, 15.88704], [100.27992, 15.89265], [100.28527, 15.89042], [100.28692, 15.89216], [100.28419, 15.89587], [100.28514, 15.89873], [100.28646, 15.89911], [100.28744, 15.90222], [100.28731, 15.90257], [100.28628, 15.903], [100.28644, 15.90398], [100.28537, 15.90601], [100.28635, 15.90677], [100.28773, 15.90865], [100.28811, 15.90952], [100.2877, 15.91149], [100.28948, 15.91234], [100.29029, 15.91509], [100.2902, 15.91661], [100.28981, 15.91741], [100.28663, 15.91914], [100.28738, 15.92091], [100.28659, 15.92244], [100.28865, 15.92223], [100.28881, 15.92463], [100.2877, 15.92768], [100.28668, 15.92887], [100.28514, 15.9298], [100.28303, 15.92976], [100.28306, 15.93055], [100.28258, 15.93094], [100.28206, 15.93035], [100.28033, 15.92981], [100.27764, 15.9351], [100.27851, 15.9363], [100.27859, 15.93708], [100.27809, 15.938], [100.27692, 15.93886], [100.27752, 15.94058], [100.27619, 15.94069], [100.27587, 15.94103], [100.27684, 15.94227], [100.27594, 15.94352], [100.27402, 15.94303], [100.27176, 15.94328], [100.27105, 15.94198], [100.26913, 15.9412], [100.26864, 15.93964], [100.26611, 15.9402]]]}}, {"type": "Feature", "properties": {"code": "TH600306", "name": "บางเคียน", "name_en": "Bang Khian", "district": "ชุมแสง", "district_en": "Chum Saeng", "area_km2": 85.8}, "geometry": {"type": "Polygon", "coordinates": [[[100.20156, 15.93412], [100.20106, 15.93484], [100.20064, 15.93489], [100.20018, 15.93412], [100.19905, 15.93395], [100.19914, 15.93297], [100.1989, 15.9327], [100.19806, 15.93324], [100.1968, 15.9332], [100.19611, 15.9328], [100.19331, 15.93404], [100.19277, 15.93376], [100.19239, 15.93405], [100.18823, 15.93407], [100.18446, 15.93378], [100.18263, 15.9291], [100.1818, 15.92897], [100.17987, 15.92945], [100.17673, 15.93176], [100.17646, 15.93265], [100.1755, 15.93336], [100.17477, 15.93317], [100.1743, 15.93265], [100.17295, 15.93278], [100.17229, 15.93202], [100.17122, 15.93192], [100.17017, 15.93226], [100.16976, 15.93166], [100.16854, 15.93162], [100.16972, 15.92883], [100.17066, 15.92854], [100.17184, 15.92728], [100.17181, 15.92642], [100.17254, 15.92622], [100.17286, 15.92542], [100.17268, 15.92483], [100.1712, 15.92375], [100.17101, 15.92296], [100.17006, 15.9226], [100.17043, 15.92167], [100.17011, 15.92096], [100.17017, 15.91986], [100.1691, 15.91941], [100.16889, 15.91809], [100.1699, 15.91545], [100.17045, 15.91175], [100.17025, 15.90928], [100.1711, 15.90689], [100.17049, 15.90503], [100.17146, 15.90397], [100.17204, 15.90173], [100.17098, 15.89814], [100.17116, 15.89595], [100.17454, 15.88628], [100.17189, 15.88418], [100.17347, 15.88268], [100.17344, 15.88095], [100.17222, 15.88054], [100.17048, 15.88152], [100.17004, 15.88124], [100.16993, 15.88024], [100.17039, 15.87959], [100.17173, 15.87874], [100.17239, 15.8771], [100.17408, 15.87707], [100.17492, 15.87668], [100.17522, 15.87583], [100.1748, 15.87439], [100.17504, 15.87247], [100.17586, 15.87239], [100.17749, 15.87289], [100.17816, 15.87259], [100.17816, 15.8718], [100.17658, 15.87124], [100.17672, 15.87032], [100.1804, 15.8695], [100.18165, 15.87025], [100.18375, 15.86796], [100.18051, 15.86331], [100.17731, 15.86403], [100.17704, 15.86457], [100.17406, 15.86369], [100.17442, 15.85909], [100.1776, 15.85911], [100.17777, 15.85478], [100.18765, 15.85427], [100.18819, 15.85339], [100.18587, 15.85065], [100.18485, 15.85022], [100.18447, 15.84969], [100.18476, 15.8481], [100.1854, 15.84745], [100.18657, 15.84706], [100.18673, 15.84651], [100.1843, 15.84357], [100.1842, 15.84216], [100.18502, 15.83848], [100.18478, 15.83727], [100.18406, 15.83681], [100.18344, 15.83705], [100.18316, 15.83782], [100.18366, 15.83843], [100.18368, 15.83895], [100.18274, 15.83947], [100.18178, 15.83917], [100.18102, 15.8382], [100.18112, 15.83756], [100.17984, 15.83707], [100.17951, 15.83663], [100.17962, 15.83577], [100.1801, 15.83544], [100.18167, 15.83567], [100.18206, 15.83545], [100.18201, 15.83475], [100.18092, 15.83444], [100.18078, 15.83371], [100.18141, 15.83297], [100.18287, 15.83238], [100.18303, 15.83186], [100.18258, 15.83143], [100.17862, 15.83103], [100.17786, 15.83046], [100.17766, 15.82826], [100.17678, 15.8269], [100.17693, 15.82559], [100.17652, 15.8253], [100.17645, 15.82448], [100.17524, 15.8236], [100.17496, 15.82212], [100.17543, 15.82149], [100.17659, 15.82165], [100.1769, 15.82034], [100.17626, 15.81938], [100.17466, 15.8202], [100.17304, 15.81919], [100.17321, 15.81874], [100.1728, 15.81868], [100.17273, 15.81826], [100.17283, 15.81607], [100.17204, 15.81497], [100.16968, 15.80972], [100.16967, 15.80806], [100.17047, 15.80597], [100.17051, 15.80495], [100.16982, 15.80428], [100.16645, 15.80444], [100.16572, 15.80355], [100.16532, 15.79704], [100.16584, 15.79586], [100.16716, 15.79479], [100.16706, 15.79367], [100.1665, 15.7931], [100.1657, 15.79289], [100.16206, 15.79431], [100.16123, 15.79404], [100.16091, 15.79352], [100.16025, 15.78507], [100.16028, 15.78455], [100.16109, 15.78378], [100.16372, 15.78331], [100.16493, 15.78466], [100.16661, 15.78404], [100.17067, 15.78473], [100.17227, 15.78428], [100.17387, 15.78298], [100.17443, 15.78291], [100.17477, 15.78341], [100.17474, 15.78542], [100.17566, 15.78654], [100.17624, 15.78789], [100.17997, 15.7903], [100.18309, 15.79116], [100.18427, 15.79114], [100.18507, 15.79072], [100.18538, 15.78862], [100.18656, 15.78833], [100.18764, 15.78865], [100.18959, 15.79005], [100.19086, 15.79035], [100.19288, 15.79028], [100.19848, 15.78897], [100.21137, 15.79093], [100.21556, 15.79211], [100.21462, 15.7975], [100.21483, 15.79934], [100.21532, 15.80041], [100.21806, 15.804], [100.21998, 15.80327], [100.22074, 15.80474], [100.22411, 15.80584], [100.22607, 15.80698], [100.22677, 15.80773], [100.22733, 15.80914], [100.22739, 15.81038], [100.22705, 15.81141], [100.22506, 15.8135], [100.22456, 15.81503], [100.22517, 15.81723], [100.22699, 15.81868], [100.22674, 15.81951], [100.21876, 15.82033], [100.21713, 15.82169], [100.21611, 15.82404], [100.21573, 15.82642], [100.21595, 15.82831], [100.21746, 15.83058], [100.21955, 15.83158], [100.21919, 15.83395], [100.21929, 15.83558], [100.22, 15.83835], [100.22085, 15.84006], [100.21915, 15.84146], [100.21896, 15.84227], [100.21931, 15.84361], [100.2209, 15.84547], [100.22084, 15.84665], [100.22003, 15.84777], [100.21851, 15.84737], [100.2169, 15.84738], [100.21687, 15.84764], [100.21836, 15.84924], [100.21981, 15.84934], [100.22047, 15.84995], [100.22148, 15.84996], [100.22201, 15.85103], [100.22315, 15.85067], [100.22364, 15.85092], [100.2237, 15.85207], [100.22229, 15.85277], [100.2228, 15.85355], [100.22262, 15.85453], [100.22361, 15.85497], [100.22545, 15.85732], [100.22639, 15.85745], [100.22776, 15.85692], [100.22852, 15.85737], [100.22865, 15.85891], [100.22721, 15.86102], [100.2274, 15.86321], [100.22586, 15.86475], [100.22588, 15.86565], [100.22832, 15.86545], [100.22867, 15.86556], [100.22885, 15.86612], [100.23102, 15.86637], [100.23322, 15.86952], [100.23405, 15.87018], [100.23477, 15.87012], [100.23558, 15.86901], [100.2369, 15.8686], [100.23873, 15.86901], [100.23976, 15.86857], [100.24145, 15.86907], [100.24216, 15.86875], [100.2435, 15.86953], [100.24084, 15.8749], [100.23853, 15.87486], [100.23976, 15.87803], [100.23938, 15.87883], [100.23312, 15.88266], [100.23252, 15.88927], [100.23326, 15.89123], [100.23526, 15.89427], [100.23506, 15.89477], [100.23542, 15.89622], [100.23548, 15.89879], [100.23467, 15.89928], [100.22848, 15.89987], [100.22289, 15.90219], [100.22288, 15.9043], [100.22194, 15.9051], [100.22115, 15.90524], [100.22025, 15.90624], [100.2204, 15.90738], [100.22142, 15.90724], [100.2218, 15.90796], [100.22184, 15.91005], [100.22083, 15.91212], [100.22128, 15.91338], [100.22113, 15.91461], [100.2223, 15.91551], [100.22279, 15.91674], [100.22513, 15.91982], [100.22508, 15.92017], [100.22381, 15.92119], [100.22173, 15.92115], [100.21986, 15.92208], [100.2185, 15.92212], [100.21751, 15.9227], [100.21697, 15.924], [100.21714, 15.92599], [100.21666, 15.92707], [100.2166, 15.92849], [100.21538, 15.92813], [100.21423, 15.92923], [100.21081, 15.93064], [100.20797, 15.93068], [100.20579, 15.93152], [100.20417, 15.93143], [100.20387, 15.93174], [100.20364, 15.93353], [100.20319, 15.93368], [100.20306, 15.93451], [100.20258, 15.93463], [100.20156, 15.93412]]]}}, {"type": "Feature", "properties": {"code": "TH600307", "name": "หนองกระเจา", "name_en": "Nong Krachao", "district": "ชุมแสง", "district_en": "Chum Saeng", "area_km2": 79.6}, "geometry": {"type": "Polygon", "coordinates": [[[100.38181, 15.94036], [100.37842, 15.94091], [100.37225, 15.94047], [100.36274, 15.94058], [100.35913, 15.94028], [100.35729, 15.93952], [100.35661, 15.93885], [100.35665, 15.93681], [100.35592, 15.93453], [100.35476, 15.93253], [100.35351, 15.92355], [100.35287, 15.9218], [100.35294, 15.92068], [100.35449, 15.91987], [100.3546, 15.91922], [100.35299, 15.91885], [100.35268, 15.91829], [100.35241, 15.91563], [100.35315, 15.91455], [100.35318, 15.91395], [100.35047, 15.91277], [100.34846, 15.91418], [100.34746, 15.91436], [100.34715, 15.91363], [100.34652, 15.91327], [100.34583, 15.91164], [100.34418, 15.91108], [100.34423, 15.91001], [100.34337, 15.90972], [100.34295, 15.90779], [100.34325, 15.90665], [100.34214, 15.90672], [100.34032, 15.90556], [100.33964, 15.90548], [100.33843, 15.90393], [100.33885, 15.90367], [100.33888, 15.90295], [100.34831, 15.90227], [100.3481, 15.90103], [100.35594, 15.89985], [100.35554, 15.89493], [100.35402, 15.89068], [100.35399, 15.87984], [100.35363, 15.87347], [100.3531, 15.87163], [100.34765, 15.87323], [100.34312, 15.87635], [100.34208, 15.87473], [100.3386, 15.87222], [100.33392, 15.86535], [100.33339, 15.86509], [100.33428, 15.86485], [100.3382, 15.86598], [100.34522, 15.86531], [100.34845, 15.86478], [100.36026, 15.86117], [100.36057, 15.8621], [100.36343, 15.86137], [100.36376, 15.86288], [100.36819, 15.86227], [100.36983, 15.85966], [100.37307, 15.85565], [100.37348, 15.85321], [100.37426, 15.85349], [100.37752, 15.85329], [100.37769, 15.85379], [100.38043, 15.85295], [100.38138, 15.8534], [100.3831, 15.85311], [100.38328, 15.85278], [100.38564, 15.8527], [100.38853, 15.8516], [100.38959, 15.8515], [100.38947, 15.85046], [100.39235, 15.85028], [100.4033, 15.84522], [100.40691, 15.84755], [100.40813, 15.84978], [100.40791, 15.86229], [100.40854, 15.86716], [100.4092, 15.86756], [100.41063, 15.86728], [100.41186, 15.86835], [100.41363, 15.86919], [100.41389, 15.87083], [100.41354, 15.87327], [100.4151, 15.87502], [100.41636, 15.87564], [100.41656, 15.87624], [100.41701, 15.87618], [100.41778, 15.87774], [100.43139, 15.88687], [100.43313, 15.88958], [100.43657, 15.89686], [100.43803, 15.90133], [100.43941, 15.90959], [100.44066, 15.9114], [100.44308, 15.91333], [100.44478, 15.916], [100.44988, 15.92229], [100.4517, 15.92367], [100.46082, 15.92701], [100.46073, 15.92806], [100.46108, 15.92803], [100.46123, 15.92845], [100.46123, 15.93064], [100.46044, 15.93093], [100.46006, 15.93192], [100.46074, 15.93839], [100.45675, 15.93736], [100.45109, 15.93726], [100.44851, 15.93612], [100.44888, 15.93423], [100.44885, 15.93089], [100.44542, 15.93018], [100.44338, 15.93066], [100.44482, 15.93362], [100.43859, 15.93598], [100.4372, 15.93691], [100.43002, 15.93758], [100.42666, 15.93854], [100.42687, 15.93465], [100.42111, 15.93179], [100.41598, 15.93043], [100.41137, 15.92988], [100.40778, 15.93049], [100.40217, 15.93224], [100.39154, 15.9347], [100.38769, 15.93873], [100.38429, 15.93904], [100.38181, 15.94036]]]}}, {"type": "Feature", "properties": {"code": "TH600308", "name": "พันลาน", "name_en": "Phan Lan", "district": "ชุมแสง", "district_en": "Chum Saeng", "area_km2": 25.2}, "geometry": {"type": "Polygon", "coordinates": [[[100.31612, 15.83933], [100.26363, 15.85508], [100.2587, 15.85749], [100.25168, 15.86229], [100.24929, 15.86152], [100.24465, 15.86093], [100.24379, 15.8599], [100.24417, 15.85844], [100.25152, 15.85289], [100.25262, 15.85125], [100.25313, 15.84946], [100.25283, 15.84712], [100.24953, 15.84204], [100.24926, 15.84108], [100.24946, 15.84038], [100.25014, 15.83992], [100.25112, 15.83987], [100.25733, 15.84307], [100.25868, 15.84284], [100.25911, 15.84188], [100.25872, 15.841], [100.25581, 15.83798], [100.2514, 15.83483], [100.25007, 15.83278], [100.25, 15.83079], [100.2509, 15.8291], [100.25188, 15.82842], [100.25627, 15.82734], [100.25684, 15.82665], [100.25686, 15.8257], [100.25389, 15.82136], [100.2527, 15.81732], [100.25202, 15.8129], [100.25113, 15.81092], [100.24987, 15.80926], [100.24676, 15.80682], [100.24611, 15.80574], [100.24615, 15.80488], [100.24639, 15.80451], [100.24779, 15.80397], [100.25074, 15.80334], [100.25468, 15.80298], [100.2556, 15.80348], [100.25696, 15.80309], [100.25805, 15.80456], [100.25918, 15.80524], [100.2592, 15.8063], [100.25864, 15.80732], [100.25913, 15.80814], [100.26197, 15.80788], [100.26252, 15.80843], [100.26255, 15.80911], [100.26131, 15.81009], [100.26123, 15.8107], [100.26209, 15.81143], [100.26454, 15.81175], [100.26465, 15.81256], [100.26412, 15.81472], [100.26441, 15.81543], [100.26497, 15.81583], [100.2662, 15.81564], [100.27044, 15.8159], [100.27148, 15.81411], [100.27244, 15.81369], [100.27402, 15.81373], [100.27609, 15.81446], [100.27862, 15.81481], [100.2797, 15.81437], [100.28058, 15.81443], [100.28128, 15.81516], [100.28161, 15.81764], [100.28216, 15.81818], [100.2882, 15.8187], [100.29064, 15.81967], [100.29072, 15.82095], [100.29116, 15.82134], [100.29363, 15.82185], [100.29684, 15.82118], [100.30023, 15.81948], [100.30191, 15.81994], [100.30289, 15.82127], [100.30512, 15.82147], [100.30594, 15.8211], [100.30664, 15.81997], [100.30766, 15.81922], [100.31024, 15.81921], [100.31116, 15.82031], [100.31268, 15.82058], [100.3131, 15.82216], [100.31356, 15.82259], [100.31434, 15.83075], [100.31612, 15.83933]]]}}, {"type": "Feature", "properties": {"code": "TH600309", "name": "โคกหม้อ", "name_en": "Khok Mo", "district": "ชุมแสง", "district_en": "Chum Saeng", "area_km2": 24.3}, "geometry": {"type": "Polygon", "coordinates": [[[100.2435, 15.86953], [100.24216, 15.86875], [100.24145, 15.86907], [100.23976, 15.86857], [100.23873, 15.86901], [100.2369, 15.8686], [100.23558, 15.86901], [100.23477, 15.87012], [100.23405, 15.87018], [100.23322, 15.86952], [100.23102, 15.86637], [100.22885, 15.86612], [100.22867, 15.86556], [100.22832, 15.86545], [100.22588, 15.86565], [100.22586, 15.86475], [100.2274, 15.86321], [100.22721, 15.86102], [100.22865, 15.85891], [100.22852, 15.85737], [100.22776, 15.85692], [100.22639, 15.85745], [100.22545, 15.85732], [100.22361, 15.85497], [100.22262, 15.85453], [100.2228, 15.85355], [100.22229, 15.85277], [100.2237, 15.85207], [100.22364, 15.85092], [100.22315, 15.85067], [100.22201, 15.85103], [100.22148, 15.84996], [100.22047, 15.84995], [100.21981, 15.84934], [100.21836, 15.84924], [100.21687, 15.84764], [100.2169, 15.84738], [100.21851, 15.84737], [100.22003, 15.84777], [100.22084, 15.84665], [100.2209, 15.84547], [100.21931, 15.84361], [100.21896, 15.84227], [100.21915, 15.84146], [100.22085, 15.84006], [100.22, 15.83835], [100.21929, 15.83558], [100.21919, 15.83395], [100.21955, 15.83158], [100.21746, 15.83058], [100.21595, 15.82831], [100.21573, 15.82642], [100.21611, 15.82404], [100.21713, 15.82169], [100.21876, 15.82033], [100.22674, 15.81951], [100.22699, 15.81868], [100.22517, 15.81723], [100.22456, 15.81503], [100.22506, 15.8135], [100.22705, 15.81141], [100.2274, 15.8098], [100.22697, 15.80807], [100.22607, 15.80698], [100.22411, 15.80584], [100.22074, 15.80474], [100.21998, 15.80327], [100.21806, 15.804], [100.21501, 15.79988], [100.21462, 15.7975], [100.21557, 15.79277], [100.21542, 15.79022], [100.21597, 15.78844], [100.21739, 15.78602], [100.22062, 15.78954], [100.22588, 15.79651], [100.22547, 15.79741], [100.22629, 15.79901], [100.22632, 15.79985], [100.2303, 15.80166], [100.23114, 15.80281], [100.23435, 15.80391], [100.23701, 15.80179], [100.24072, 15.80028], [100.24207, 15.80011], [100.24451, 15.80102], [100.24567, 15.80191], [100.24825, 15.80139], [100.25042, 15.80054], [100.2514, 15.80065], [100.25307, 15.80222], [100.25468, 15.80298], [100.25074, 15.80334], [100.24779, 15.80397], [100.24639, 15.80451], [100.24605, 15.80534], [100.24676, 15.80682], [100.24987, 15.80926], [100.25113, 15.81092], [100.25202, 15.8129], [100.2527, 15.81732], [100.25389, 15.82136], [100.25686, 15.8257], [100.25684, 15.82665], [100.25627, 15.82734], [100.25188, 15.82842], [100.2509, 15.8291], [100.25, 15.83079], [100.25007, 15.83278], [100.2514, 15.83483], [100.25581, 15.83798], [100.25872, 15.841], [100.25906, 15.84221], [100.25834, 15.84304], [100.25733, 15.84307], [100.25112, 15.83987], [100.25014, 15.83992], [100.24946, 15.84038], [100.24926, 15.84108], [100.24953, 15.84204], [100.25283, 15.84712], [100.25313, 15.84946], [100.25262, 15.85125], [100.25152, 15.85289], [100.24399, 15.85872], [100.24379, 15.8599], [100.24465, 15.86093], [100.2483, 15.86139], [100.24632, 15.86489], [100.24521, 15.86599], [100.2435, 15.86953]]]}}, {"type": "Feature", "properties": {"code": "TH600310", "name": "ไผ่สิงห์", "name_en": "Phai Sing", "district": "ชุมแสง", "district_en": "Chum Saeng", "area_km2": 55.4}, "geometry": {"type": "Polygon", "coordinates": [[[100.4033, 15.84522], [100.39235, 15.85028], [100.38947, 15.85046], [100.38959, 15.8515], [100.38853, 15.8516], [100.38564, 15.8527], [100.38328, 15.85278], [100.3831, 15.85311], [100.38138, 15.8534], [100.38043, 15.85295], [100.37769, 15.85379], [100.37752, 15.85329], [100.37426, 15.85349], [100.37348, 15.85321], [100.37307, 15.85565], [100.36983, 15.85966], [100.36819, 15.86227], [100.36376, 15.86288], [100.36343, 15.86137], [100.36057, 15.8621], [100.36026, 15.86117], [100.34845, 15.86478], [100.34522, 15.86531], [100.3382, 15.86598], [100.33428, 15.86485], [100.33339, 15.86509], [100.33305, 15.86129], [100.33182, 15.85951], [100.33213, 15.85882], [100.32958, 15.8565], [100.32576, 15.85681], [100.32364, 15.85744], [100.32247, 15.85708], [100.32115, 15.85593], [100.31916, 15.8559], [100.31629, 15.85669], [100.31612, 15.83933], [100.31434, 15.83075], [100.31356, 15.82259], [100.32119, 15.81843], [100.3301, 15.81055], [100.33307, 15.80885], [100.34115, 15.80888], [100.34186, 15.80303], [100.34133, 15.79772], [100.34218, 15.79161], [100.34179, 15.78726], [100.34286, 15.78072], [100.34841, 15.78617], [100.35467, 15.79083], [100.36168, 15.79764], [100.36655, 15.79929], [100.36936, 15.79964], [100.37492, 15.79927], [100.37713, 15.80171], [100.38201, 15.80607], [100.39083, 15.81296], [100.39779, 15.81746], [100.40029, 15.81763], [100.40219, 15.82032], [100.40362, 15.82113], [100.4047, 15.82132], [100.40626, 15.82256], [100.40702, 15.82271], [100.40623, 15.8243], [100.40443, 15.83333], [100.40336, 15.83727], [100.40354, 15.83933], [100.40286, 15.84148], [100.40297, 15.84446], [100.4033, 15.84522]]]}}, {"type": "Feature", "properties": {"code": "TH600311", "name": "ฆะมัง", "name_en": "Kha Mang", "district": "ชุมแสง", "district_en": "Chum Saeng", "area_km2": 29.0}, "geometry": {"type": "Polygon", "coordinates": [[[100.32632, 15.98504], [100.32528, 15.98551], [100.32266, 15.98778], [100.32157, 15.98771], [100.32103, 15.98709], [100.32128, 15.98579], [100.32409, 15.98264], [100.32448, 15.98183], [100.32432, 15.98019], [100.32329, 15.97745], [100.32346, 15.97442], [100.31923, 15.97459], [100.31575, 15.97576], [100.31573, 15.97618], [100.31265, 15.97714], [100.31152, 15.9765], [100.30931, 15.97353], [100.3065, 15.97346], [100.30697, 15.97215], [100.30642, 15.97086], [100.30661, 15.97011], [100.30759, 15.96911], [100.30865, 15.96873], [100.30911, 15.96746], [100.31067, 15.96703], [100.311, 15.96528], [100.31024, 15.96383], [100.3102, 15.96312], [100.31074, 15.96284], [100.30989, 15.96114], [100.30752, 15.96072], [100.30644, 15.95923], [100.30518, 15.95894], [100.30388, 15.95812], [100.30113, 15.95826], [100.30093, 15.95793], [100.30047, 15.95817], [100.29972, 15.95785], [100.29931, 15.95811], [100.29909, 15.95702], [100.29837, 15.95688], [100.29718, 15.95581], [100.29549, 15.95666], [100.29492, 15.95456], [100.29218, 15.95378], [100.29175, 15.95239], [100.29127, 15.95184], [100.28975, 15.95137], [100.2872, 15.95148], [100.28411, 15.95029], [100.28275, 15.94901], [100.28134, 15.94628], [100.27768, 15.9446], [100.27604, 15.94345], [100.27684, 15.94217], [100.27587, 15.94103], [100.27619, 15.94069], [100.27752, 15.94058], [100.27692, 15.93886], [100.27809, 15.938], [100.27859, 15.93708], [100.27851, 15.9363], [100.27764, 15.9351], [100.28033, 15.92981], [100.28206, 15.93035], [100.28258, 15.93094], [100.28306, 15.93055], [100.28303, 15.92976], [100.28514, 15.9298], [100.28668, 15.92887], [100.2877, 15.92768], [100.28882, 15.92436], [100.28862, 15.92216], [100.28659, 15.92244], [100.28674, 15.92173], [100.28736, 15.92104], [100.29507, 15.91951], [100.29879, 15.92126], [100.29943, 15.91797], [100.29921, 15.91537], [100.2986, 15.91302], [100.30733, 15.91304], [100.30848, 15.91373], [100.31191, 15.91753], [100.31834, 15.92378], [100.31912, 15.92532], [100.3188, 15.92716], [100.31792, 15.92752], [100.3175, 15.92854], [100.31711, 15.9299], [100.31739, 15.93054], [100.32293, 15.93593], [100.32752, 15.93961], [100.3289, 15.94052], [100.33119, 15.94065], [100.34637, 15.97378], [100.34618, 15.97436], [100.34343, 15.97656], [100.33779, 15.97912], [100.33539, 15.98129], [100.33278, 15.98287], [100.33101, 15.98464], [100.329, 15.9852], [100.32632, 15.98504]]]}}, {"type": "Feature", "properties": {"code": "TH600312", "name": "ทับกฤชใต้", "name_en": "Thap Krit Tai", "district": "ชุมแสง", "district_en": "Chum Saeng", "area_km2": 29.2}, "geometry": {"type": "Polygon", "coordinates": [[[100.23435, 15.80391], [100.23114, 15.80281], [100.2303, 15.80166], [100.22627, 15.79978], [100.22629, 15.79901], [100.22547, 15.79741], [100.22588, 15.79651], [100.22062, 15.78954], [100.21739, 15.78602], [100.21477, 15.78124], [100.2137, 15.77994], [100.2078, 15.77029], [100.20804, 15.7673], [100.20765, 15.76522], [100.20582, 15.76254], [100.20395, 15.7576], [100.20429, 15.75545], [100.20654, 15.75238], [100.20775, 15.75167], [100.2095, 15.7512], [100.21261, 15.75103], [100.21301, 15.74972], [100.21571, 15.74587], [100.22036, 15.73403], [100.22275, 15.72924], [100.22406, 15.73089], [100.22519, 15.73428], [100.2286, 15.73962], [100.23056, 15.74074], [100.23571, 15.74245], [100.23764, 15.74279], [100.242, 15.7429], [100.24401, 15.74351], [100.24615, 15.74482], [100.24711, 15.74612], [100.24664, 15.75168], [100.24688, 15.7528], [100.24737, 15.75332], [100.24893, 15.75409], [100.24994, 15.75406], [100.25408, 15.7527], [100.25486, 15.75301], [100.25516, 15.75365], [100.25524, 15.75469], [100.25401, 15.76047], [100.25399, 15.76279], [100.25466, 15.76505], [100.25754, 15.76969], [100.25775, 15.77188], [100.25738, 15.77652], [100.25487, 15.78651], [100.25513, 15.78766], [100.25661, 15.79043], [100.2566, 15.79181], [100.25602, 15.79226], [100.2538, 15.79241], [100.253, 15.79277], [100.25264, 15.79349], [100.25495, 15.80126], [100.25495, 15.80254], [100.25468, 15.80298], [100.25375, 15.80255], [100.25188, 15.80135], [100.2514, 15.80065], [100.25082, 15.80053], [100.24567, 15.80191], [100.24413, 15.80083], [100.24171, 15.80013], [100.23701, 15.80179], [100.23435, 15.80391]]]}}, {"type": "Feature", "properties": {"code": "TH600401", "name": "หนองบัว", "name_en": "Nong Bua", "district": "หนองบัว", "district_en": "Nong Bua", "area_km2": 204.3}, "geometry": {"type": "Polygon", "coordinates": [[[100.55248, 15.89795], [100.55132, 15.8974], [100.55104, 15.89784], [100.54998, 15.89769], [100.54975, 15.89731], [100.54918, 15.89723], [100.54872, 15.89625], [100.54833, 15.89618], [100.5479, 15.89674], [100.54696, 15.89662], [100.54675, 15.89592], [100.5461, 15.89562], [100.54607, 15.89488], [100.54539, 15.89456], [100.54564, 15.89368], [100.54458, 15.8937], [100.54322, 15.89221], [100.54276, 15.89225], [100.54214, 15.89332], [100.54131, 15.89324], [100.5407, 15.89201], [100.53999, 15.89262], [100.54018, 15.89144], [100.53929, 15.89131], [100.53892, 15.89076], [100.53829, 15.8909], [100.53855, 15.88948], [100.53781, 15.88902], [100.53815, 15.88837], [100.53764, 15.88801], [100.5371, 15.88682], [100.53568, 15.88756], [100.53532, 15.88684], [100.53476, 15.88677], [100.53407, 15.8872], [100.53413, 15.88773], [100.53268, 15.88768], [100.53227, 15.88796], [100.53174, 15.88735], [100.53186, 15.88674], [100.53105, 15.88619], [100.53106, 15.88539], [100.53034, 15.88541], [100.53076, 15.88473], [100.53019, 15.88471], [100.53001, 15.88517], [100.52977, 15.88484], [100.53004, 15.88429], [100.52923, 15.88451], [100.52946, 15.88395], [100.52864, 15.88401], [100.52855, 15.88304], [100.52715, 15.88268], [100.52685, 15.88321], [100.52694, 15.88382], [100.52616, 15.88376], [100.52542, 15.88258], [100.5246, 15.88227], [100.52465, 15.88174], [100.52423, 15.88155], [100.52416, 15.88018], [100.52322, 15.88035], [100.5227, 15.87976], [100.52227, 15.88003], [100.52153, 15.87991], [100.52188, 15.87674], [100.52046, 15.8735], [100.51975, 15.87346], [100.51905, 15.87158], [100.5196, 15.86947], [100.51908, 15.86721], [100.5194, 15.86658], [100.51957, 15.86342], [100.52261, 15.86279], [100.52199, 15.86022], [100.52211, 15.85717], [100.52111, 15.85621], [100.52056, 15.85626], [100.51909, 15.85402], [100.51915, 15.85335], [100.51712, 15.85187], [100.51698, 15.8498], [100.51587, 15.84931], [100.51601, 15.84864], [100.5157, 15.84775], [100.51597, 15.84709], [100.51567, 15.84509], [100.51347, 15.84426], [100.51371, 15.8431], [100.51545, 15.83962], [100.51592, 15.83904], [100.51647, 15.83923], [100.51671, 15.83874], [100.51518, 15.83739], [100.51441, 15.83757], [100.51399, 15.83699], [100.51208, 15.83622], [100.51043, 15.83473], [100.50881, 15.83416], [100.50682, 15.8344], [100.50635, 15.83323], [100.50558, 15.83338], [100.50447, 15.83287], [100.5025, 15.83071], [100.50325, 15.8303], [100.50348, 15.82929], [100.50105, 15.8278], [100.49985, 15.82613], [100.49889, 15.82537], [100.49822, 15.82417], [100.49878, 15.8236], [100.50008, 15.82328], [100.50224, 15.82558], [100.50227, 15.82624], [100.50348, 15.82649], [100.50404, 15.82697], [100.50469, 15.82657], [100.50706, 15.82732], [100.50847, 15.82687], [100.50886, 15.82474], [100.50965, 15.82362], [100.51028, 15.82349], [100.51195, 15.82494], [100.51225, 15.82706], [100.51404, 15.82787], [100.5154, 15.82776], [100.51586, 15.82848], [100.51699, 15.82876], [100.51705, 15.82936], [100.5178, 15.82899], [100.51881, 15.82968], [100.51993, 15.82943], [100.52054, 15.83014], [100.52264, 15.82889], [100.52357, 15.82891], [100.52487, 15.82723], [100.52625, 15.82648], [100.5269, 15.82574], [100.52787, 15.82385], [100.52983, 15.82307], [100.53023, 15.82352], [100.53089, 15.82358], [100.53132, 15.82246], [100.53278, 15.82228], [100.53263, 15.82158], [100.53349, 15.82076], [100.53323, 15.82037], [100.53578, 15.81918], [100.53641, 15.8181], [100.53626, 15.81765], [100.53706, 15.81735], [100.5376, 15.81596], [100.53715, 15.81515], [100.53748, 15.81477], [100.53846, 15.81503], [100.53887, 15.81425], [100.53947, 15.81427], [100.53948, 15.81381], [100.5435, 15.81485], [100.54314, 15.81423], [100.54364, 15.81342], [100.54408, 15.81383], [100.54493, 15.81324], [100.54528, 15.81338], [100.545, 15.81393], [100.54515, 15.81434], [100.54546, 15.81437], [100.54623, 15.81361], [100.547, 15.81438], [100.5471, 15.81355], [100.54741, 15.81362], [100.54755, 15.81331], [100.5483, 15.81376], [100.54926, 15.81266], [100.54869, 15.81242], [100.54907, 15.81175], [100.54976, 15.81179], [100.54979, 15.8112], [100.55037, 15.81131], [100.55029, 15.81089], [100.55097, 15.81037], [100.55097, 15.80979], [100.55228, 15.80897], [100.5526, 15.80903], [100.55258, 15.8098], [100.55362, 15.8092], [100.55398, 15.80954], [100.55462, 15.80949], [100.55492, 15.80875], [100.55552, 15.80956], [100.55666, 15.80868], [100.55711, 15.80923], [100.55788, 15.80872], [100.55887, 15.80906], [100.55894, 15.80864], [100.5603, 15.80888], [100.56059, 15.80819], [100.5617, 15.80836], [100.56203, 15.80714], [100.56315, 15.80722], [100.56344, 15.8064], [100.56395, 15.80623], [100.56307, 15.8053], [100.56343, 15.80483], [100.56298, 15.80428], [100.56312, 15.80343], [100.56338, 15.80387], [100.56386, 15.80356], [100.56379, 15.8041], [100.56479, 15.80442], [100.56516, 15.80504], [100.56507, 15.80454], [100.5654, 15.8041], [100.56573, 15.8047], [100.5665, 15.80414], [100.56617, 15.80486], [100.56635, 15.80562], [100.56689, 15.80544], [100.56713, 15.80601], [100.56805, 15.8053], [100.56765, 15.80622], [100.56862, 15.80646], [100.56885, 15.807], [100.56925, 15.80694], [100.56959, 15.80738], [100.56971, 15.80625], [100.57001, 15.80622], [100.57032, 15.80671], [100.57083, 15.80663], [100.57074, 15.80581], [100.57175, 15.80574], [100.57152, 15.80521], [100.57242, 15.80538], [100.57267, 15.805], [100.57304, 15.80505], [100.57361, 15.80569], [100.57422, 15.80504], [100.57455, 15.80572], [100.57549, 15.80485], [100.57622, 15.80537], [100.57589, 15.80459], [100.57639, 15.80437], [100.57723, 15.80478], [100.57813, 15.80433], [100.57781, 15.80503], [100.57834, 15.80462], [100.57893, 15.8048], [100.57835, 15.80536], [100.5787, 15.80597], [100.57922, 15.80499], [100.5796, 15.8058], [100.58004, 15.8058], [100.5798, 15.80513], [100.58014, 15.80491], [100.58026, 15.80544], [100.58118, 15.8061], [100.58106, 15.80542], [100.58199, 15.80529], [100.58122, 15.805], [100.58202, 15.80485], [100.58183, 15.80417], [100.58269, 15.80401], [100.58321, 15.80427], [100.58341, 15.80334], [100.58417, 15.80318], [100.5846, 15.80273], [100.5848, 15.80373], [100.58573, 15.80378], [100.58605, 15.80322], [100.58665, 15.80301], [100.5873, 15.80447], [100.588, 15.80414], [100.58844, 15.80459], [100.5887, 15.80445], [100.5885, 15.80406], [100.58891, 15.80395], [100.58943, 15.8046], [100.5898, 15.80459], [100.58949, 15.80404], [100.5898, 15.80368], [100.5904, 15.80458], [100.59055, 15.80415], [100.5912, 15.80417], [100.59168, 15.80334], [100.59182, 15.80388], [100.59246, 15.8041], [100.59273, 15.80507], [100.59392, 15.80627], [100.59354, 15.80653], [100.59351, 15.80728], [100.59409, 15.80682], [100.59479, 15.80714], [100.59523, 15.80661], [100.59582, 15.80683], [100.5969, 15.8065], [100.59809, 15.80735], [100.59954, 15.80708], [100.59889, 15.80797], [100.59912, 15.80843], [100.59997, 15.80785], [100.60048, 15.80831], [100.6011, 15.80763], [100.602, 15.80798], [100.60226, 15.80728], [100.60298, 15.80745], [100.60339, 15.80709], [100.60393, 15.80809], [100.60431, 15.80817], [100.60447, 15.80789], [100.60406, 15.80754], [100.60497, 15.80676], [100.60441, 15.80654], [100.60446, 15.80628], [100.60564, 15.80593], [100.60585, 15.8064], [100.60631, 15.80598], [100.60678, 15.80646], [100.60721, 15.80585], [100.60893, 15.80545], [100.60898, 15.80609], [100.60835, 15.80683], [100.60899, 15.80663], [100.60906, 15.80705], [100.60983, 15.80738], [100.60973, 15.80779], [100.61018, 15.80826], [100.60989, 15.80884], [100.61054, 15.80854], [100.61047, 15.80915], [100.61261, 15.80975], [100.6128, 15.80898], [100.61363, 15.80965], [100.61324, 15.80866], [100.61344, 15.80852], [100.61383, 15.80894], [100.61392, 15.8085], [100.61449, 15.80857], [100.61472, 15.80739], [100.61521, 15.80807], [100.61555, 15.80799], [100.6157, 15.80723], [100.61829, 15.80748], [100.61841, 15.80778], [100.61782, 15.80849], [100.61891, 15.80845], [100.61936, 15.80807], [100.61974, 15.80882], [100.62017, 15.80815], [100.62093, 15.8082], [100.62151, 15.80781], [100.62216, 15.80812], [100.6231, 15.80732], [100.62293, 15.80842], [100.62381, 15.80822], [100.62427, 15.80757], [100.62515, 15.80799], [100.62573, 15.80747], [100.62555, 15.80653], [100.62589, 15.80656], [100.62615, 15.80715], [100.62655, 15.80701], [100.62698, 15.80571], [100.62782, 15.80587], [100.62815, 15.80634], [100.62871, 15.80608], [100.62896, 15.80675], [100.62938, 15.80605], [100.6298, 15.80592], [100.62972, 15.80679], [100.63009, 15.80692], [100.63077, 15.80681], [100.63085, 15.80606], [100.63129, 15.80574], [100.63119, 15.80701], [100.63149, 15.80724], [100.63259, 15.80683], [100.63298, 15.80603], [100.63362, 15.80634], [100.63468, 15.80536], [100.63514, 15.8064], [100.6358, 15.80599], [100.63647, 15.80672], [100.63776, 15.80677], [100.63753, 15.80764], [100.63917, 15.80845], [100.63944, 15.80913], [100.64015, 15.80896], [100.64063, 15.80811], [100.64138, 15.80925], [100.64312, 15.81014], [100.64418, 15.8103], [100.64467, 15.8101], [100.64504, 15.80946], [100.64548, 15.80943], [100.64539, 15.81077], [100.64575, 15.81033], [100.64611, 15.811], [100.64861, 15.8114], [100.6487, 15.81233], [100.64967, 15.81268], [100.6516, 15.81211], [100.65171, 15.81288], [100.65256, 15.8127], [100.65258, 15.81347], [100.65314, 15.81355], [100.65356, 15.81402], [100.65439, 15.81401], [100.65481, 15.81455], [100.65553, 15.81408], [100.65618, 15.8142], [100.65587, 15.81509], [100.65613, 15.81529], [100.65689, 15.81543], [100.65767, 15.81496], [100.6586, 15.81575], [100.65865, 15.81489], [100.65965, 15.81478], [100.66013, 15.81425], [100.66105, 15.81394], [100.66128, 15.81419], [100.66106, 15.81499], [100.66153, 15.81526], [100.66245, 15.81414], [100.66376, 15.81508], [100.6643, 15.81491], [100.66542, 15.81583], [100.66566, 15.81642], [100.66721, 15.81682], [100.66788, 15.81778], [100.67029, 15.81714], [100.6706, 15.81775], [100.67117, 15.81781], [100.67227, 15.81697], [100.6726, 15.81777], [100.67356, 15.81746], [100.67379, 15.81767], [100.67358, 15.81832], [100.6749, 15.81864], [100.67523, 15.819], [100.67606, 15.81886], [100.67606, 15.81997], [100.67706, 15.81943], [100.67749, 15.81957], [100.67734, 15.82056], [100.67918, 15.82168], [100.67951, 15.82247], [100.68052, 15.82323], [100.68073, 15.82375], [100.68233, 15.8238], [100.68339, 15.82282], [100.68445, 15.82262], [100.68478, 15.82348], [100.68445, 15.82417], [100.68561, 15.82458], [100.68688, 15.8268], [100.68745, 15.82716], [100.68802, 15.82698], [100.68901, 15.82751], [100.68919, 15.82793], [100.6904, 15.82791], [100.69056, 15.82859], [100.69137, 15.82837], [100.69141, 15.82906], [100.69199, 15.82897], [100.69303, 15.82957], [100.69426, 15.83133], [100.69416, 15.83208], [100.69489, 15.83189], [100.69565, 15.83217], [100.69634, 15.83378], [100.69683, 15.83381], [100.69672, 15.83458], [100.69706, 15.83475], [100.69746, 15.83433], [100.69799, 15.83523], [100.69895, 15.83497], [100.69856, 15.83586], [100.69913, 15.83613], [100.69936, 15.83693], [100.69991, 15.8368], [100.70152, 15.83815], [100.70208, 15.83794], [100.70295, 15.83814], [100.70405, 15.83738], [100.70414, 15.83625], [100.70491, 15.8358], [100.70559, 15.83649], [100.70584, 15.83604], [100.70682, 15.83594], [100.70641, 15.83557], [100.70675, 15.83528], [100.70741, 15.83557], [100.70754, 15.83613], [100.70813, 15.83579], [100.70793, 15.8352], [100.70814, 15.83507], [100.70872, 15.83582], [100.70915, 15.8346], [100.71005, 15.83531], [100.71022, 15.83445], [100.71112, 15.83411], [100.71179, 15.83288], [100.71299, 15.83338], [100.71334, 15.8325], [100.71418, 15.83301], [100.71446, 15.83217], [100.71508, 15.83285], [100.71627, 15.83293], [100.71672, 15.83245], [100.71629, 15.83178], [100.71673, 15.83162], [100.71719, 15.83193], [100.71754, 15.83116], [100.71798, 15.83223], [100.71743, 15.83281], [100.7177, 15.83308], [100.71888, 15.83236], [100.71991, 15.83291], [100.72115, 15.83252], [100.72132, 15.83184], [100.72192, 15.83214], [100.72232, 15.83158], [100.72318, 15.83153], [100.72335, 15.83086], [100.72385, 15.83177], [100.72451, 15.83078], [100.72549, 15.83078], [100.72671, 15.82977], [100.7277, 15.83034], [100.7285, 15.82938], [100.72943, 15.83016], [100.73088, 15.82967], [100.73095, 15.83074], [100.73248, 15.83076], [100.73283, 15.82991], [100.73387, 15.82969], [100.73366, 15.82866], [100.73406, 15.82844], [100.73464, 15.829], [100.73594, 15.82783], [100.73631, 15.8268], [100.73709, 15.82597], [100.7386, 15.82692], [100.73949, 15.82589], [100.73961, 15.82526], [100.74037, 15.82583], [100.74097, 15.82558], [100.74129, 15.82595], [100.74164, 15.82568], [100.74162, 15.82489], [100.74232, 15.8255], [100.7428, 15.82659], [100.74409, 15.82607], [100.74404, 15.8264], [100.74355, 15.82653], [100.74374, 15.82704], [100.74429, 15.82707], [100.74463, 15.82656], [100.7462, 15.82825], [100.74697, 15.82778], [100.74687, 15.82725], [100.74709, 15.82719], [100.74764, 15.8282], [100.74691, 15.82834], [100.74688, 15.82966], [100.7478, 15.82964], [100.74852, 15.83036], [100.74876, 15.82982], [100.74931, 15.82978], [100.7499, 15.83062], [100.75068, 15.83076], [100.75077, 15.83139], [100.75178, 15.83197], [100.75343, 15.83093], [100.75379, 15.83154], [100.75424, 15.83155], [100.75451, 15.83097], [100.75401, 15.83062], [100.75468, 15.82951], [100.75537, 15.82952], [100.75536, 15.83054], [100.7557, 15.83024], [100.75692, 15.83053], [100.75762, 15.82991], [100.75858, 15.82979], [100.75895, 15.83024], [100.75963, 15.83009], [100.76019, 15.83035], [100.76017, 15.82955], [100.76099, 15.82989], [100.76119, 15.82926], [100.76204, 15.83], [100.76314, 15.8297], [100.76381, 15.82926], [100.76325, 15.82841], [100.76425, 15.82807], [100.76461, 15.82754], [100.76528, 15.82844], [100.76611, 15.82855], [100.76622, 15.82912], [100.76767, 15.82959], [100.76814, 15.82907], [100.7691, 15.82955], [100.77029, 15.82919], [100.77128, 15.83027], [100.77187, 15.82977], [100.77316, 15.83015], [100.77349, 15.83055], [100.77402, 15.82921], [100.77438, 15.8294], [100.77452, 15.83024], [100.7759, 15.8303], [100.77648, 15.82968], [100.77737, 15.82972], [100.77803, 15.82933], [100.77867, 15.82977], [100.77938, 15.82786], [100.7802, 15.82807], [100.78134, 15.82734], [100.782, 15.82753], [100.78202, 15.82855], [100.78509, 15.82785], [100.78529, 15.82812], [100.78507, 15.82855], [100.78603, 15.82855], [100.78602, 15.82919], [100.78699, 15.8294], [100.78711, 15.82988], [100.78761, 15.83011], [100.78922, 15.8292], [100.78971, 15.82845], [100.79013, 15.82876], [100.79198, 15.8287], [100.79288, 15.82822], [100.79383, 15.82867], [100.79415, 15.828], [100.79494, 15.82828], [100.79579, 15.82793], [100.79596, 15.82859], [100.79681, 15.82839], [100.79756, 15.82897], [100.79777, 15.82858], [100.79931, 15.82912], [100.79931, 15.82945], [100.79872, 15.82968], [100.79873, 15.83011], [100.79919, 15.83032], [100.7998, 15.82995], [100.80011, 15.83092], [100.8009, 15.83073], [100.80086, 15.83004], [100.80112, 15.82986], [100.8017, 15.83042], [100.80375, 15.83127], [100.80354, 15.83282], [100.80378, 15.83357], [100.8034, 15.83478], [100.80534, 15.8353], [100.8056, 15.8348], [100.80655, 15.83498], [100.80667, 15.83465], [100.80725, 15.83454], [100.80805, 15.8348], [100.80821, 15.83511], [100.80773, 15.83494], [100.80743, 15.83548], [100.80738, 15.83675], [100.80777, 15.83686], [100.80762, 15.83713], [100.80818, 15.83762], [100.80808, 15.83808], [100.80838, 15.83798], [100.80863, 15.83837], [100.80851, 15.83869], [100.80919, 15.83866], [100.80868, 15.83909], [100.80897, 15.83938], [100.80785, 15.83979], [100.80757, 15.84039], [100.80717, 15.84023], [100.80718, 15.8406], [100.80665, 15.84071], [100.80664, 15.84117], [100.80694, 15.84109], [100.80724, 15.84169], [100.80672, 15.84206], [100.80661, 15.84321], [100.80733, 15.84346], [100.80757, 15.84432], [100.80822, 15.84443], [100.80803, 15.84513], [100.80858, 15.84524], [100.809, 15.84586], [100.80877, 15.84671], [100.8092, 15.84782], [100.80832, 15.84917], [100.80877, 15.84981], [100.80872, 15.85049], [100.80937, 15.851], [100.80874, 15.85165], [100.80873, 15.85258], [100.80904, 15.8525], [100.80929, 15.85286], [100.80879, 15.85294], [100.80857, 15.85337], [100.80945, 15.85406], [100.80941, 15.85528], [100.81118, 15.85564], [100.81155, 15.85814], [100.81021, 15.85897], [100.81035, 15.85946], [100.80975, 15.86001], [100.80966, 15.86089], [100.8092, 15.86157], [100.8099, 15.86224], [100.80975, 15.86322], [100.80842, 15.86495], [100.80821, 15.866], [100.80784, 15.86604], [100.80811, 15.86644], [100.80789, 15.86668], [100.80599, 15.86722], [100.80517, 15.86803], [100.79888, 15.86802], [100.79439, 15.86839], [100.79214, 15.86964], [100.78146, 15.87363], [100.77682, 15.87484], [100.77181, 15.87458], [100.76444, 15.87595], [100.76013, 15.87707], [100.75589, 15.8789], [100.75182, 15.87976], [100.74848, 15.88239], [100.7461, 15.8849], [100.74182, 15.88526], [100.73741, 15.88766], [100.73464, 15.88842], [100.73369, 15.88839], [100.73109, 15.88927], [100.72701, 15.88982], [100.72025, 15.89], [100.72045, 15.8865], [100.71538, 15.88588], [100.7144, 15.88515], [100.71264, 15.88501], [100.7122, 15.88215], [100.70977, 15.88335], [100.70568, 15.88342], [100.70484, 15.88243], [100.70144, 15.88243], [100.69781, 15.88338], [100.69527, 15.88483], [100.69445, 15.88425], [100.69274, 15.88442], [100.69174, 15.88331], [100.68897, 15.88346], [100.68734, 15.88297], [100.68597, 15.88328], [100.68382, 15.88276], [100.68251, 15.88315], [100.67788, 15.88315], [100.67408, 15.88354], [100.6673, 15.88503], [100.666, 15.88449], [100.66321, 15.88441], [100.65877, 15.88531], [100.6584, 15.88432], [100.65611, 15.88363], [100.65247, 15.88444], [100.65157, 15.88287], [100.65062, 15.8792], [100.64843, 15.88022], [100.64592, 15.88066], [100.64299, 15.87977], [100.64088, 15.87809], [100.64115, 15.87681], [100.63919, 15.87539], [100.6388, 15.87437], [100.63678, 15.87377], [100.63682, 15.87338], [100.63738, 15.87321], [100.63768, 15.87272], [100.63733, 15.87128], [100.62829, 15.86459], [100.62508, 15.86274], [100.62164, 15.86269], [100.62125, 15.86232], [100.61094, 15.86801], [100.60291, 15.8657], [100.60271, 15.86299], [100.5993, 15.86298], [100.59295, 15.86498], [100.58195, 15.86371], [100.58027, 15.86406], [100.58082, 15.86546], [100.58121, 15.86889], [100.5816, 15.86994], [100.57983, 15.8702], [100.5795, 15.8707], [100.57998, 15.87181], [100.57891, 15.87742], [100.57524, 15.87771], [100.57507, 15.87846], [100.5729, 15.87928], [100.56971, 15.88135], [100.56835, 15.88121], [100.56732, 15.88325], [100.56695, 15.88484], [100.5658, 15.88559], [100.56512, 15.8866], [100.56302, 15.88629], [100.56169, 15.88649], [100.55592, 15.8898], [100.55306, 15.89068], [100.55334, 15.89548], [100.55248, 15.89795]]]}}, {"type": "Feature", "properties": {"code": "TH600402", "name": "หนองกลับ", "name_en": "Nong Klap", "district": "หนองบัว", "district_en": "Nong Bua", "area_km2": 135.2}, "geometry": {"type": "Polygon", "coordinates": [[[100.6517, 16.01451], [100.65216, 16.01676], [100.65184, 16.01779], [100.65415, 16.02688], [100.65301, 16.02493], [100.64694, 16.0201], [100.64288, 16.01773], [100.64201, 16.01662], [100.64211, 16.01561], [100.64115, 16.01529], [100.64008, 16.01406], [100.63931, 16.01391], [100.63839, 16.01193], [100.63802, 16.0118], [100.63709, 16.01017], [100.6379, 16.00818], [100.63732, 16.00598], [100.6328, 16.00558], [100.62832, 16.00434], [100.62552, 16.00254], [100.62516, 16.0021], [100.62553, 16.00189], [100.6252, 16.0016], [100.62555, 16.0012], [100.62488, 16.0009], [100.6252, 16.00039], [100.62492, 16.00013], [100.62542, 15.99999], [100.62543, 15.99946], [100.62488, 15.99944], [100.62508, 15.99889], [100.62443, 15.99907], [100.62467, 15.99851], [100.62417, 15.99819], [100.62488, 15.99751], [100.62463, 15.99709], [100.62512, 15.99717], [100.62521, 15.99664], [100.62567, 15.99649], [100.62489, 15.99539], [100.62516, 15.99498], [100.62414, 15.99398], [100.62374, 15.99429], [100.62304, 15.99397], [100.62324, 15.99327], [100.62242, 15.99366], [100.62219, 15.99296], [100.62181, 15.99283], [100.62223, 15.99223], [100.62128, 15.99241], [100.62165, 15.99183], [100.62157, 15.99132], [100.62093, 15.99052], [100.62042, 15.99085], [100.62018, 15.9899], [100.61959, 15.98954], [100.61956, 15.98871], [100.61923, 15.98842], [100.6195, 15.98789], [100.61899, 15.98771], [100.61925, 15.98718], [100.61874, 15.98686], [100.61858, 15.98625], [100.61881, 15.98589], [100.61821, 15.98492], [100.61723, 15.98477], [100.61705, 15.98418], [100.61648, 15.98375], [100.61688, 15.98336], [100.61552, 15.98337], [100.61461, 15.98262], [100.61378, 15.983], [100.61344, 15.98241], [100.61293, 15.98283], [100.61279, 15.98243], [100.61247, 15.98268], [100.61223, 15.98233], [100.61139, 15.98217], [100.61126, 15.98126], [100.61181, 15.9811], [100.61104, 15.98084], [100.61129, 15.98033], [100.6118, 15.98012], [100.61147, 15.97947], [100.61162, 15.9792], [100.61068, 15.9792], [100.61031, 15.97989], [100.60949, 15.97905], [100.60896, 15.97917], [100.60861, 15.97833], [100.60884, 15.97796], [100.60807, 15.97782], [100.60814, 15.97715], [100.6076, 15.97625], [100.60709, 15.97604], [100.60715, 15.97555], [100.60634, 15.97545], [100.60604, 15.97476], [100.60502, 15.97503], [100.60456, 15.97391], [100.60404, 15.97396], [100.60403, 15.97325], [100.60294, 15.97312], [100.60315, 15.97264], [100.60254, 15.97266], [100.60238, 15.97127], [100.60181, 15.97117], [100.60204, 15.97067], [100.60148, 15.97004], [100.60058, 15.97028], [100.60059, 15.96965], [100.59998, 15.96958], [100.59991, 15.96919], [100.5996, 15.97], [100.59912, 15.96963], [100.59902, 15.97015], [100.59834, 15.97016], [100.59824, 15.96966], [100.59773, 15.97008], [100.59761, 15.96917], [100.59659, 15.96914], [100.59689, 15.96854], [100.59664, 15.96803], [100.59609, 15.9682], [100.59593, 15.96877], [100.59547, 15.96851], [100.59568, 15.96801], [100.59406, 15.96769], [100.59393, 15.96826], [100.59333, 15.9678], [100.59394, 15.96743], [100.59309, 15.96741], [100.59318, 15.96682], [100.5927, 15.96662], [100.59258, 15.96706], [100.59225, 15.96696], [100.59209, 15.96646], [100.59289, 15.96619], [100.59251, 15.96559], [100.59198, 15.96604], [100.59184, 15.96528], [100.5912, 15.9654], [100.59093, 15.96479], [100.59132, 15.9644], [100.5902, 15.96478], [100.59002, 15.96441], [100.59032, 15.96398], [100.58947, 15.96413], [100.58999, 15.96371], [100.58984, 15.96327], [100.58937, 15.96347], [100.58907, 15.96327], [100.58898, 15.9636], [100.58839, 15.96338], [100.5891, 15.96257], [100.58847, 15.96199], [100.58916, 15.96193], [100.58796, 15.96136], [100.58844, 15.96116], [100.58842, 15.96086], [100.58798, 15.96078], [100.58843, 15.96041], [100.5874, 15.96032], [100.58738, 15.9598], [100.58675, 15.96037], [100.58609, 15.95983], [100.58643, 15.95925], [100.58595, 15.95948], [100.58569, 15.95911], [100.58634, 15.95885], [100.5858, 15.95833], [100.58654, 15.95782], [100.58582, 15.95794], [100.58529, 15.95737], [100.586, 15.95711], [100.58537, 15.95592], [100.58487, 15.95584], [100.58533, 15.95514], [100.58508, 15.95469], [100.58542, 15.95401], [100.58471, 15.95358], [100.5845, 15.95299], [100.58331, 15.95347], [100.58325, 15.95278], [100.58386, 15.95272], [100.58396, 15.95242], [100.58323, 15.95165], [100.58273, 15.95183], [100.58268, 15.95103], [100.58183, 15.95109], [100.58204, 15.95043], [100.58152, 15.95014], [100.58155, 15.94923], [100.57999, 15.94953], [100.58089, 15.94845], [100.58027, 15.94808], [100.58107, 15.94761], [100.57987, 15.94722], [100.58049, 15.94519], [100.58003, 15.94513], [100.57972, 15.94549], [100.5793, 15.94523], [100.57918, 15.94598], [100.57839, 15.94482], [100.57794, 15.9455], [100.57723, 15.94515], [100.57699, 15.94455], [100.57644, 15.94511], [100.57583, 15.94443], [100.57566, 15.94494], [100.57512, 15.94457], [100.57341, 15.94506], [100.57307, 15.94571], [100.57154, 15.94583], [100.57132, 15.9463], [100.57111, 15.94595], [100.57136, 15.94545], [100.57076, 15.94533], [100.57115, 15.9449], [100.57044, 15.94459], [100.56989, 15.94336], [100.56936, 15.94378], [100.56892, 15.94316], [100.56841, 15.94397], [100.56899, 15.94429], [100.56882, 15.94454], [100.56819, 15.94429], [100.56754, 15.94461], [100.56723, 15.94391], [100.56656, 15.94368], [100.56653, 15.94321], [100.56477, 15.94443], [100.5646, 15.94368], [100.56385, 15.94398], [100.56397, 15.94346], [100.56319, 15.94429], [100.56256, 15.94353], [100.56261, 15.94246], [100.56195, 15.94242], [100.56171, 15.9418], [100.56119, 15.94162], [100.56097, 15.94004], [100.56016, 15.94013], [100.56023, 15.93901], [100.56064, 15.93867], [100.55991, 15.9384], [100.55961, 15.9388], [100.5595, 15.93814], [100.55858, 15.93755], [100.55862, 15.93677], [100.55809, 15.93644], [100.55847, 15.93615], [100.55796, 15.93572], [100.55797, 15.93517], [100.55739, 15.93525], [100.55686, 15.93479], [100.55741, 15.9339], [100.55665, 15.93374], [100.55664, 15.93317], [100.5557, 15.93311], [100.5552, 15.93262], [100.5551, 15.93199], [100.55464, 15.93186], [100.55433, 15.93241], [100.55286, 15.93268], [100.55294, 15.93317], [100.5523, 15.9325], [100.55206, 15.93361], [100.55145, 15.93326], [100.55044, 15.93381], [100.55036, 15.93309], [100.54982, 15.9331], [100.54941, 15.93109], [100.5499, 15.93083], [100.54955, 15.93005], [100.55014, 15.93004], [100.55017, 15.92981], [100.54921, 15.92924], [100.54946, 15.92878], [100.54842, 15.9289], [100.54796, 15.92866], [100.54787, 15.92792], [100.54686, 15.92733], [100.54817, 15.92644], [100.54621, 15.91983], [100.54697, 15.9174], [100.54525, 15.9142], [100.54885, 15.91285], [100.54713, 15.909], [100.54857, 15.90853], [100.54825, 15.90477], [100.55043, 15.90395], [100.55061, 15.90225], [100.54994, 15.89988], [100.55005, 15.89771], [100.55104, 15.89784], [100.55132, 15.8974], [100.55245, 15.89798], [100.55294, 15.89704], [100.55334, 15.89548], [100.5534, 15.89328], [100.55288, 15.89089], [100.55592, 15.8898], [100.56169, 15.88649], [100.56302, 15.88629], [100.56512, 15.8866], [100.5658, 15.88559], [100.56695, 15.88484], [100.56732, 15.88325], [100.56835, 15.88121], [100.56971, 15.88135], [100.5729, 15.87928], [100.57507, 15.87846], [100.57524, 15.87771], [100.57887, 15.87746], [100.57998, 15.87181], [100.5795, 15.8707], [100.57983, 15.8702], [100.5816, 15.86994], [100.58121, 15.86889], [100.58082, 15.86546], [100.58027, 15.86406], [100.58214, 15.86371], [100.59295, 15.86498], [100.5993, 15.86298], [100.60271, 15.86299], [100.60291, 15.8657], [100.61094, 15.86801], [100.62125, 15.86232], [100.62164, 15.86269], [100.62508, 15.86274], [100.62829, 15.86459], [100.63733, 15.87128], [100.63768, 15.87272], [100.63738, 15.87321], [100.63682, 15.87338], [100.63678, 15.87377], [100.6388, 15.87437], [100.63919, 15.87539], [100.64115, 15.87681], [100.64088, 15.87809], [100.64299, 15.87977], [100.64592, 15.88066], [100.64843, 15.88022], [100.65062, 15.8792], [100.65157, 15.88287], [100.65232, 15.88435], [100.65611, 15.88363], [100.65846, 15.8844], [100.65877, 15.88531], [100.65721, 15.88767], [100.65734, 15.89224], [100.65679, 15.89255], [100.65678, 15.89373], [100.6563, 15.89478], [100.65646, 15.89599], [100.65578, 15.89844], [100.65149, 15.90218], [100.64971, 15.90457], [100.64675, 15.90998], [100.64644, 15.91173], [100.64673, 15.91379], [100.64854, 15.91751], [100.6547, 15.92633], [100.65925, 15.93521], [100.65826, 15.93682], [100.65922, 15.93672], [100.65905, 15.93729], [100.65975, 15.93766], [100.65945, 15.93967], [100.65907, 15.94], [100.65929, 15.94048], [100.65868, 15.94051], [100.65871, 15.94203], [100.65915, 15.94236], [100.65928, 15.94299], [100.65854, 15.94312], [100.65841, 15.94407], [100.65741, 15.94401], [100.65702, 15.94509], [100.65621, 15.94536], [100.65529, 15.94674], [100.65319, 15.94785], [100.65292, 15.95048], [100.65363, 15.95117], [100.65399, 15.95236], [100.65333, 15.95329], [100.65335, 15.95412], [100.65382, 15.95429], [100.6553, 15.95355], [100.65593, 15.95402], [100.65785, 15.95401], [100.65813, 15.95453], [100.65957, 15.95421], [100.65981, 15.95509], [100.66055, 15.95527], [100.65984, 15.95573], [100.66071, 15.9568], [100.66228, 15.95653], [100.66314, 15.95734], [100.66421, 15.95755], [100.66978, 15.95636], [100.6716, 15.95666], [100.67303, 15.95604], [100.67354, 15.95693], [100.67428, 15.95656], [100.67431, 15.95718], [100.67459, 15.95726], [100.67524, 15.95686], [100.67596, 15.9571], [100.67598, 15.95643], [100.67635, 15.95617], [100.67832, 15.95607], [100.67915, 15.96069], [100.67883, 15.96257], [100.67578, 15.9651], [100.67519, 15.96721], [100.67286, 15.97108], [100.67163, 15.97529], [100.67137, 15.981], [100.66897, 15.98179], [100.66561, 15.989], [100.66426, 15.99315], [100.66131, 15.99759], [100.66099, 16.00404], [100.66242, 16.00739], [100.65965, 16.00866], [100.65627, 16.00969], [100.65657, 16.01192], [100.6517, 16.01451]]]}}, {"type": "Feature", "properties": {"code": "TH600403", "name": "ธารทหาร", "name_en": "Than Thahan", "district": "หนองบัว", "district_en": "Nong Bua", "area_km2": 79.8}, "geometry": {"type": "Polygon", "coordinates": [[[100.49096, 15.83245], [100.48944, 15.83283], [100.48902, 15.83251], [100.48845, 15.83284], [100.48794, 15.83253], [100.48732, 15.83268], [100.48719, 15.83191], [100.48619, 15.8312], [100.48452, 15.83132], [100.48312, 15.83014], [100.48225, 15.83069], [100.47776, 15.83027], [100.48021, 15.82773], [100.48449, 15.82509], [100.48633, 15.82301], [100.48679, 15.82201], [100.48667, 15.81995], [100.48588, 15.81979], [100.48571, 15.81864], [100.47982, 15.81673], [100.47959, 15.81618], [100.47876, 15.81564], [100.4846, 15.81425], [100.48527, 15.8121], [100.4864, 15.80592], [100.48688, 15.7953], [100.48858, 15.79266], [100.49082, 15.79122], [100.49655, 15.78608], [100.50035, 15.78676], [100.50352, 15.78648], [100.50472, 15.78573], [100.50785, 15.78093], [100.51158, 15.77382], [100.51701, 15.76817], [100.51824, 15.76367], [100.52227, 15.75898], [100.52347, 15.75621], [100.52523, 15.75459], [100.52853, 15.75311], [100.53025, 15.75015], [100.53152, 15.74925], [100.53349, 15.74857], [100.53705, 15.74808], [100.53994, 15.7473], [100.54019, 15.74666], [100.54052, 15.74733], [100.54155, 15.74733], [100.54131, 15.74802], [100.5415, 15.74839], [100.54171, 15.74802], [100.54232, 15.74801], [100.54229, 15.74852], [100.54342, 15.74877], [100.54411, 15.74965], [100.54479, 15.74904], [100.54527, 15.74931], [100.54549, 15.74858], [100.54571, 15.74889], [100.54649, 15.74885], [100.54673, 15.74932], [100.54705, 15.74902], [100.54755, 15.74922], [100.5475, 15.7498], [100.54807, 15.74946], [100.54836, 15.74979], [100.54903, 15.74955], [100.54915, 15.75019], [100.55078, 15.75009], [100.55041, 15.75141], [100.55123, 15.75156], [100.55185, 15.75129], [100.55203, 15.75185], [100.55237, 15.75164], [100.55262, 15.75202], [100.55283, 15.75162], [100.55332, 15.75163], [100.55402, 15.75223], [100.55541, 15.7509], [100.55608, 15.75154], [100.55646, 15.75134], [100.55684, 15.7516], [100.55763, 15.75123], [100.55772, 15.75195], [100.55885, 15.75131], [100.55971, 15.75171], [100.56068, 15.75155], [100.56212, 15.75084], [100.56219, 15.75024], [100.56258, 15.75054], [100.56278, 15.75], [100.56322, 15.7503], [100.56402, 15.74988], [100.5662, 15.75191], [100.56661, 15.75351], [100.56816, 15.75387], [100.56804, 15.75501], [100.56951, 15.75504], [100.57006, 15.75553], [100.56991, 15.75676], [100.57074, 15.75651], [100.57296, 15.75776], [100.57553, 15.75784], [100.5768, 15.75717], [100.57787, 15.75736], [100.57807, 15.75701], [100.57917, 15.75658], [100.58042, 15.75672], [100.58117, 15.75635], [100.58622, 15.75802], [100.58713, 15.76024], [100.58832, 15.76048], [100.59234, 15.75951], [100.59356, 15.75863], [100.59292, 15.75644], [100.59065, 15.75636], [100.59122, 15.75586], [100.59128, 15.75521], [100.59026, 15.75437], [100.58984, 15.75294], [100.59025, 15.75141], [100.58958, 15.75148], [100.58914, 15.74999], [100.59031, 15.74999], [100.59064, 15.75043], [100.591, 15.75042], [100.59148, 15.74988], [100.59195, 15.75005], [100.59209, 15.74947], [100.59247, 15.74962], [100.59173, 15.74867], [100.59228, 15.7485], [100.59225, 15.74783], [100.59283, 15.7475], [100.59297, 15.74686], [100.59348, 15.74673], [100.59364, 15.74711], [100.59416, 15.74678], [100.59455, 15.74604], [100.59411, 15.74539], [100.59504, 15.74513], [100.59522, 15.74443], [100.59606, 15.74453], [100.59601, 15.74407], [100.59647, 15.744], [100.59647, 15.74343], [100.59693, 15.74311], [100.61284, 15.79708], [100.61321, 15.79966], [100.61316, 15.80226], [100.61163, 15.80945], [100.61043, 15.80912], [100.61054, 15.80854], [100.60989, 15.80884], [100.61018, 15.80826], [100.60973, 15.80779], [100.60983, 15.80738], [100.60906, 15.80705], [100.60899, 15.80663], [100.60837, 15.80688], [100.60905, 15.8059], [100.6089, 15.80544], [100.60721, 15.80585], [100.60678, 15.80646], [100.60631, 15.80598], [100.60585, 15.8064], [100.60564, 15.80593], [100.60446, 15.80628], [100.60441, 15.80654], [100.60497, 15.80676], [100.60406, 15.80754], [100.60447, 15.80789], [100.60431, 15.80817], [100.60393, 15.80809], [100.60339, 15.80709], [100.60298, 15.80745], [100.60226, 15.80728], [100.602, 15.80798], [100.6011, 15.80763], [100.60048, 15.80831], [100.59997, 15.80785], [100.59912, 15.80843], [100.59889, 15.80797], [100.59954, 15.80708], [100.59809, 15.80735], [100.5969, 15.8065], [100.59582, 15.80683], [100.59523, 15.80661], [100.59479, 15.80714], [100.59409, 15.80682], [100.59351, 15.80728], [100.59354, 15.80653], [100.59392, 15.80627], [100.59273, 15.80507], [100.59246, 15.8041], [100.59182, 15.80388], [100.59168, 15.80334], [100.5912, 15.80417], [100.59055, 15.80415], [100.5904, 15.80458], [100.5898, 15.80368], [100.58949, 15.80404], [100.5898, 15.80459], [100.58943, 15.8046], [100.58891, 15.80395], [100.5885, 15.80406], [100.5887, 15.80445], [100.58844, 15.80459], [100.588, 15.80414], [100.5873, 15.80447], [100.58665, 15.80301], [100.58605, 15.80322], [100.58573, 15.80378], [100.5848, 15.80373], [100.5846, 15.80273], [100.58417, 15.80318], [100.58341, 15.80334], [100.58321, 15.80427], [100.58269, 15.80401], [100.58183, 15.80417], [100.58202, 15.80485], [100.58122, 15.805], [100.58199, 15.80529], [100.58106, 15.80542], [100.58118, 15.8061], [100.58026, 15.80544], [100.58014, 15.80491], [100.5798, 15.80513], [100.58004, 15.8058], [100.5796, 15.8058], [100.57922, 15.80499], [100.5787, 15.80597], [100.57835, 15.80536], [100.57893, 15.8048], [100.57834, 15.80462], [100.57781, 15.80503], [100.57813, 15.80433], [100.57723, 15.80478], [100.57639, 15.80437], [100.57589, 15.80459], [100.57622, 15.80537], [100.57549, 15.80485], [100.57455, 15.80572], [100.57422, 15.80504], [100.57361, 15.80569], [100.57304, 15.80505], [100.57267, 15.805], [100.57242, 15.80538], [100.57152, 15.80521], [100.57175, 15.80574], [100.57074, 15.80581], [100.57083, 15.80663], [100.57032, 15.80671], [100.57001, 15.80622], [100.56971, 15.80625], [100.56959, 15.80738], [100.56925, 15.80694], [100.56885, 15.807], [100.56862, 15.80646], [100.56765, 15.80622], [100.56805, 15.8053], [100.56713, 15.80601], [100.56689, 15.80544], [100.56635, 15.80562], [100.56617, 15.80486], [100.5665, 15.80414], [100.56573, 15.8047], [100.5654, 15.8041], [100.56507, 15.80454], [100.56516, 15.80504], [100.56479, 15.80442], [100.56379, 15.8041], [100.56386, 15.80356], [100.56338, 15.80387], [100.56312, 15.80343], [100.56298, 15.80428], [100.56343, 15.80483], [100.56307, 15.8053], [100.56395, 15.80623], [100.56344, 15.8064], [100.56315, 15.80722], [100.56203, 15.80714], [100.5617, 15.80836], [100.56059, 15.80819], [100.5603, 15.80888], [100.55894, 15.80864], [100.55887, 15.80906], [100.55788, 15.80872], [100.55711, 15.80923], [100.55666, 15.80868], [100.55552, 15.80956], [100.55492, 15.80875], [100.55462, 15.80949], [100.55398, 15.80954], [100.55362, 15.8092], [100.55258, 15.8098], [100.5526, 15.80903], [100.55228, 15.80897], [100.55097, 15.80979], [100.55097, 15.81037], [100.55029, 15.81089], [100.55037, 15.81131], [100.54979, 15.8112], [100.54976, 15.81179], [100.54907, 15.81175], [100.54869, 15.81242], [100.54926, 15.81266], [100.5483, 15.81376], [100.54755, 15.81331], [100.54741, 15.81362], [100.5471, 15.81355], [100.547, 15.81438], [100.54623, 15.81361], [100.54546, 15.81437], [100.54515, 15.81434], [100.545, 15.81393], [100.54528, 15.81338], [100.54493, 15.81324], [100.54408, 15.81383], [100.54364, 15.81342], [100.54314, 15.81423], [100.5435, 15.81485], [100.53948, 15.81381], [100.53947, 15.81427], [100.53887, 15.81425], [100.53846, 15.81503], [100.53748, 15.81477], [100.53715, 15.81515], [100.5376, 15.81596], [100.53706, 15.81735], [100.53626, 15.81765], [100.53641, 15.8181], [100.53578, 15.81918], [100.53323, 15.82037], [100.53349, 15.82076], [100.53263, 15.82158], [100.53278, 15.82228], [100.53132, 15.82246], [100.53089, 15.82358], [100.53023, 15.82352], [100.52983, 15.82307], [100.52787, 15.82385], [100.52642, 15.8263], [100.52487, 15.82723], [100.52342, 15.82901], [100.52264, 15.82889], [100.52047, 15.83016], [100.51993, 15.82943], [100.51881, 15.82968], [100.5178, 15.82899], [100.51705, 15.82936], [100.51699, 15.82876], [100.51586, 15.82848], [100.5154, 15.82776], [100.51404, 15.82787], [100.51225, 15.82706], [100.51195, 15.82494], [100.51028, 15.82349], [100.50965, 15.82362], [100.50886, 15.82474], [100.50845, 15.82689], [100.50706, 15.82732], [100.50469, 15.82657], [100.50404, 15.82697], [100.50348, 15.82649], [100.50222, 15.82621], [100.5023, 15.82567], [100.501, 15.82399], [100.49967, 15.82318], [100.49822, 15.82417], [100.49889, 15.82537], [100.49972, 15.82607], [100.49963, 15.82669], [100.50015, 15.82794], [100.49608, 15.83012], [100.49321, 15.83123], [100.4909, 15.83155], [100.49096, 15.83245]]]}}, {"type": "Feature", "properties": {"code": "TH600404", "name": "ห้วยร่วม", "name_en": "Huai Ruam", "district": "หนองบัว", "district_en": "Nong Bua", "area_km2": 63.2}, "geometry": {"type": "Polygon", "coordinates": [[[100.52465, 15.93894], [100.52205, 15.93905], [100.52191, 15.93993], [100.51995, 15.94073], [100.51502, 15.93782], [100.49464, 15.93783], [100.49287, 15.93719], [100.49172, 15.93604], [100.48791, 15.93504], [100.48448, 15.93537], [100.47887, 15.93452], [100.4723, 15.93562], [100.46246, 15.93853], [100.46074, 15.93839], [100.46006, 15.93192], [100.46044, 15.93093], [100.46123, 15.93064], [100.46123, 15.92845], [100.46108, 15.92803], [100.46073, 15.92806], [100.46082, 15.92701], [100.4517, 15.92367], [100.45023, 15.92266], [100.44478, 15.916], [100.44308, 15.91333], [100.44016, 15.91087], [100.43923, 15.90892], [100.4377, 15.90009], [100.43559, 15.89437], [100.43971, 15.89394], [100.43977, 15.89357], [100.44112, 15.89343], [100.44115, 15.89236], [100.44595, 15.89216], [100.44543, 15.8868], [100.44557, 15.88493], [100.44788, 15.88399], [100.44688, 15.88181], [100.45329, 15.8792], [100.45607, 15.87848], [100.45907, 15.88197], [100.46275, 15.881], [100.46305, 15.88035], [100.46664, 15.88081], [100.4692, 15.8807], [100.47985, 15.87755], [100.49533, 15.87534], [100.49641, 15.87596], [100.49644, 15.87644], [100.49693, 15.87651], [100.49698, 15.87725], [100.49748, 15.87737], [100.4983, 15.87958], [100.49959, 15.88072], [100.4999, 15.88032], [100.50082, 15.88056], [100.50269, 15.87925], [100.50286, 15.87882], [100.50341, 15.87875], [100.5036, 15.87828], [100.50449, 15.87851], [100.50477, 15.87902], [100.50587, 15.87905], [100.50706, 15.87954], [100.50832, 15.88041], [100.50924, 15.87982], [100.51159, 15.88011], [100.51289, 15.88215], [100.51448, 15.88202], [100.51497, 15.88167], [100.51582, 15.88179], [100.51619, 15.88149], [100.51607, 15.88008], [100.51915, 15.88036], [100.52054, 15.87951], [100.521, 15.87992], [100.52221, 15.88003], [100.5227, 15.87976], [100.52322, 15.88035], [100.52411, 15.88015], [100.5246, 15.88227], [100.52542, 15.88258], [100.52616, 15.88376], [100.52694, 15.88382], [100.52705, 15.88278], [100.5277, 15.88265], [100.52859, 15.8831], [100.52842, 15.88358], [100.52868, 15.88404], [100.52942, 15.88389], [100.52927, 15.88454], [100.53004, 15.88429], [100.52977, 15.88484], [100.53001, 15.88517], [100.53019, 15.88471], [100.53076, 15.88473], [100.53034, 15.88541], [100.53106, 15.88539], [100.53105, 15.88619], [100.53186, 15.88674], [100.53174, 15.88735], [100.53227, 15.88796], [100.53268, 15.88768], [100.53413, 15.88773], [100.53407, 15.8872], [100.53476, 15.88677], [100.53532, 15.88684], [100.53568, 15.88756], [100.5371, 15.88682], [100.53764, 15.88801], [100.53815, 15.88837], [100.53781, 15.88902], [100.53855, 15.88948], [100.53829, 15.8909], [100.53892, 15.89076], [100.53929, 15.89131], [100.54023, 15.89152], [100.53992, 15.89257], [100.54027, 15.8926], [100.5407, 15.89201], [100.54131, 15.89324], [100.54214, 15.89332], [100.54276, 15.89225], [100.54322, 15.89221], [100.54458, 15.8937], [100.54564, 15.89368], [100.54539, 15.89456], [100.54607, 15.89488], [100.5461, 15.89562], [100.54675, 15.89592], [100.54696, 15.89662], [100.5479, 15.89674], [100.54833, 15.89618], [100.54881, 15.8963], [100.54918, 15.89723], [100.54975, 15.89731], [100.55005, 15.89771], [100.54994, 15.89988], [100.55061, 15.90225], [100.55037, 15.90403], [100.5496, 15.90408], [100.5482, 15.90489], [100.54854, 15.90861], [100.54713, 15.909], [100.54885, 15.91285], [100.54525, 15.9142], [100.54697, 15.9174], [100.54621, 15.91983], [100.54814, 15.92652], [100.54737, 15.92685], [100.54716, 15.9266], [100.54611, 15.92664], [100.54608, 15.92589], [100.54544, 15.92578], [100.54518, 15.92526], [100.54488, 15.92586], [100.5442, 15.92557], [100.54365, 15.92608], [100.54335, 15.92537], [100.5431, 15.92618], [100.54351, 15.9267], [100.54311, 15.92743], [100.54261, 15.92681], [100.54231, 15.92752], [100.54159, 15.92744], [100.54146, 15.92711], [100.54016, 15.92758], [100.54003, 15.92713], [100.5394, 15.9271], [100.53918, 15.9264], [100.53801, 15.92642], [100.53776, 15.92574], [100.53796, 15.92479], [100.53774, 15.92452], [100.537, 15.92455], [100.5369, 15.92397], [100.53587, 15.92402], [100.53444, 15.92569], [100.53383, 15.92444], [100.5332, 15.92416], [100.53316, 15.92354], [100.53249, 15.92398], [100.5323, 15.92325], [100.53188, 15.92369], [100.5311, 15.92338], [100.53075, 15.92192], [100.52908, 15.92187], [100.52894, 15.92219], [100.52936, 15.92262], [100.52902, 15.92284], [100.52863, 15.92279], [100.5284, 15.92229], [100.5279, 15.92251], [100.52641, 15.92165], [100.52537, 15.92209], [100.52431, 15.92122], [100.52472, 15.92088], [100.5243, 15.9204], [100.5246, 15.91991], [100.52445, 15.91948], [100.52399, 15.91923], [100.52305, 15.91946], [100.52289, 15.91902], [100.52256, 15.91899], [100.5222, 15.91986], [100.52146, 15.91957], [100.52135, 15.92041], [100.52165, 15.92077], [100.52012, 15.92164], [100.52046, 15.92233], [100.51961, 15.92325], [100.52015, 15.92471], [100.51955, 15.9251], [100.51959, 15.92548], [100.52107, 15.92528], [100.52146, 15.92639], [100.52215, 15.92663], [100.52189, 15.92701], [100.52203, 15.92758], [100.52113, 15.92761], [100.52101, 15.92795], [100.52137, 15.92881], [100.52131, 15.93055], [100.52168, 15.93175], [100.52352, 15.93177], [100.5242, 15.93224], [100.52573, 15.9325], [100.52666, 15.93221], [100.5277, 15.93271], [100.5293, 15.93396], [100.52917, 15.93574], [100.52969, 15.93595], [100.53007, 15.93731], [100.52953, 15.93787], [100.52826, 15.93806], [100.52805, 15.93767], [100.52465, 15.93894]]]}}, {"type": "Feature", "properties": {"code": "TH600405", "name": "ห้วยถั่วใต้", "name_en": "Huai Thua Tai", "district": "หนองบัว", "district_en": "Nong Bua", "area_km2": 22.3}, "geometry": {"type": "Polygon", "coordinates": [[[100.48941, 15.85775], [100.48867, 15.85703], [100.48649, 15.85656], [100.48564, 15.85727], [100.48579, 15.85857], [100.48511, 15.85922], [100.48238, 15.85776], [100.481, 15.858], [100.48014, 15.85865], [100.47784, 15.85871], [100.47768, 15.85924], [100.47694, 15.85949], [100.47577, 15.8586], [100.47553, 15.85807], [100.47499, 15.85829], [100.47449, 15.85789], [100.47061, 15.85917], [100.46851, 15.85908], [100.46786, 15.85947], [100.46743, 15.85934], [100.46701, 15.85858], [100.46619, 15.8589], [100.46295, 15.85906], [100.46168, 15.85891], [100.46081, 15.85843], [100.45802, 15.85849], [100.45578, 15.85901], [100.45453, 15.86025], [100.45353, 15.86073], [100.45177, 15.86066], [100.45108, 15.8601], [100.45053, 15.86044], [100.44948, 15.86213], [100.44838, 15.86102], [100.44857, 15.85906], [100.44942, 15.85841], [100.44938, 15.85763], [100.45004, 15.85707], [100.44973, 15.85633], [100.4499, 15.85459], [100.44957, 15.85391], [100.44977, 15.85286], [100.44942, 15.85106], [100.44863, 15.85113], [100.44706, 15.85065], [100.44558, 15.84971], [100.44431, 15.84935], [100.44372, 15.84748], [100.44264, 15.8471], [100.4401, 15.84453], [100.43957, 15.8444], [100.43973, 15.84396], [100.43897, 15.84324], [100.43833, 15.8432], [100.4372, 15.8409], [100.43578, 15.84079], [100.43551, 15.84032], [100.4347, 15.84048], [100.43459, 15.8414], [100.43419, 15.84167], [100.43349, 15.84151], [100.43327, 15.84201], [100.43232, 15.84171], [100.43053, 15.84029], [100.42955, 15.84011], [100.42812, 15.83835], [100.42802, 15.83744], [100.42601, 15.83562], [100.42609, 15.83518], [100.42545, 15.83444], [100.42396, 15.83384], [100.42337, 15.83311], [100.42233, 15.83326], [100.42079, 15.83258], [100.42076, 15.83181], [100.41709, 15.82955], [100.41511, 15.82884], [100.41347, 15.827], [100.41246, 15.82632], [100.40911, 15.82567], [100.40895, 15.82526], [100.40799, 15.8251], [100.40709, 15.82419], [100.40706, 15.82308], [100.41038, 15.82322], [100.41313, 15.82253], [100.41701, 15.82411], [100.41797, 15.82504], [100.41935, 15.82559], [100.4203, 15.82503], [100.42305, 15.82426], [100.4256, 15.82427], [100.42638, 15.82472], [100.42747, 15.8266], [100.42956, 15.82746], [100.43046, 15.82749], [100.43204, 15.82678], [100.43337, 15.82777], [100.43446, 15.82763], [100.4359, 15.8281], [100.43726, 15.82891], [100.43873, 15.83058], [100.441, 15.83166], [100.44371, 15.83152], [100.44644, 15.83103], [100.44965, 15.82982], [100.4536, 15.82893], [100.46693, 15.82755], [100.4696, 15.82703], [100.46719, 15.81803], [100.47202, 15.81726], [100.47435, 15.81653], [100.47521, 15.81582], [100.47774, 15.81607], [100.47876, 15.81564], [100.47959, 15.81618], [100.47982, 15.81673], [100.48571, 15.81864], [100.48588, 15.81979], [100.48667, 15.81995], [100.48684, 15.82162], [100.48633, 15.82301], [100.48449, 15.82509], [100.48021, 15.82773], [100.47776, 15.83027], [100.48225, 15.83069], [100.48312, 15.83014], [100.48452, 15.83132], [100.48619, 15.8312], [100.48719, 15.83191], [100.48732, 15.83268], [100.48794, 15.83253], [100.48845, 15.83284], [100.48902, 15.83251], [100.48944, 15.83283], [100.4909, 15.83245], [100.49124, 15.83268], [100.49125, 15.83566], [100.49287, 15.8408], [100.49286, 15.84453], [100.49372, 15.84475], [100.49307, 15.84966], [100.49238, 15.84976], [100.49061, 15.85236], [100.48941, 15.85775]]]}}, {"type": "Feature", "properties": {"code": "TH600406", "name": "ห้วยถั่วเหนือ", "name_en": "Huai Thua Nuea", "district": "หนองบัว", "district_en": "Nong Bua", "area_km2": 25.9}, "geometry": {"type": "Polygon", "coordinates": [[[100.52153, 15.87991], [100.52094, 15.8799], [100.52054, 15.87951], [100.51915, 15.88036], [100.51607, 15.88008], [100.51619, 15.88149], [100.51582, 15.88179], [100.51497, 15.88167], [100.51448, 15.88202], [100.51289, 15.88215], [100.51159, 15.88011], [100.50924, 15.87982], [100.50832, 15.88041], [100.50706, 15.87954], [100.50587, 15.87905], [100.50477, 15.87902], [100.50449, 15.87851], [100.5036, 15.87828], [100.50341, 15.87875], [100.50286, 15.87882], [100.50269, 15.87925], [100.50082, 15.88056], [100.4999, 15.88032], [100.49959, 15.88072], [100.4983, 15.87958], [100.49748, 15.87737], [100.49698, 15.87725], [100.49693, 15.87651], [100.49644, 15.87644], [100.49641, 15.87596], [100.49525, 15.87534], [100.47985, 15.87755], [100.4692, 15.8807], [100.46664, 15.88081], [100.46305, 15.88035], [100.46275, 15.881], [100.45907, 15.88197], [100.45607, 15.87848], [100.45329, 15.8792], [100.44688, 15.88181], [100.44674, 15.87803], [100.44632, 15.87782], [100.44558, 15.8715], [100.4449, 15.87072], [100.44497, 15.86866], [100.44482, 15.8679], [100.44444, 15.86787], [100.44449, 15.86574], [100.4465, 15.86164], [100.44708, 15.86131], [100.44838, 15.86102], [100.44953, 15.86213], [100.45053, 15.86044], [100.45108, 15.8601], [100.45177, 15.86066], [100.45353, 15.86073], [100.45453, 15.86025], [100.45578, 15.85901], [100.4579, 15.85851], [100.46081, 15.85843], [100.46168, 15.85891], [100.46295, 15.85906], [100.46619, 15.8589], [100.46701, 15.85858], [100.46743, 15.85934], [100.46786, 15.85947], [100.46851, 15.85908], [100.47061, 15.85917], [100.47449, 15.85789], [100.47499, 15.85829], [100.47553, 15.85807], [100.47577, 15.8586], [100.47694, 15.85949], [100.47768, 15.85924], [100.47784, 15.85871], [100.48014, 15.85865], [100.481, 15.858], [100.48238, 15.85776], [100.48511, 15.85922], [100.48579, 15.85857], [100.48564, 15.85727], [100.48649, 15.85656], [100.48867, 15.85703], [100.48941, 15.85775], [100.49061, 15.85236], [100.49238, 15.84976], [100.49307, 15.84966], [100.49372, 15.84475], [100.49286, 15.84453], [100.49287, 15.8408], [100.49125, 15.83566], [100.49124, 15.83268], [100.49096, 15.83245], [100.4909, 15.83155], [100.49321, 15.83123], [100.49608, 15.83012], [100.50015, 15.82794], [100.49963, 15.82669], [100.49972, 15.82607], [100.50105, 15.8278], [100.50348, 15.82929], [100.50325, 15.8303], [100.5025, 15.83071], [100.50447, 15.83287], [100.50558, 15.83338], [100.50635, 15.83323], [100.50682, 15.8344], [100.50881, 15.83416], [100.51043, 15.83473], [100.51208, 15.83622], [100.51399, 15.83699], [100.51441, 15.83757], [100.51518, 15.83739], [100.51671, 15.83874], [100.51647, 15.83923], [100.51592, 15.83904], [100.51545, 15.83962], [100.51371, 15.8431], [100.51347, 15.84426], [100.51567, 15.84509], [100.51597, 15.84709], [100.5157, 15.84775], [100.51601, 15.84864], [100.51587, 15.84931], [100.51698, 15.8498], [100.51712, 15.85187], [100.51915, 15.85335], [100.51909, 15.85402], [100.52056, 15.85626], [100.52111, 15.85621], [100.52211, 15.85717], [100.52199, 15.86022], [100.52261, 15.86279], [100.51957, 15.86342], [100.5194, 15.86658], [100.51908, 15.86721], [100.5196, 15.86947], [100.51905, 15.87158], [100.51975, 15.87346], [100.52046, 15.8735], [100.52188, 15.87674], [100.52153, 15.87991]]]}}, {"type": "Feature", "properties": {"code": "TH600407", "name": "ห้วยใหญ่", "name_en": "Huai Yai", "district": "หนองบัว", "district_en": "Nong Bua", "area_km2": 22.4}, "geometry": {"type": "Polygon", "coordinates": [[[100.44678, 15.88144], [100.44788, 15.88399], [100.44569, 15.88468], [100.44542, 15.88613], [100.44595, 15.89216], [100.44115, 15.89236], [100.44112, 15.89343], [100.43977, 15.89357], [100.43971, 15.89394], [100.43559, 15.89437], [100.43139, 15.88687], [100.41778, 15.87774], [100.41701, 15.87618], [100.41656, 15.87624], [100.41636, 15.87564], [100.4151, 15.87502], [100.41354, 15.87327], [100.41389, 15.87083], [100.41363, 15.86919], [100.41186, 15.86835], [100.41063, 15.86728], [100.4092, 15.86756], [100.40854, 15.86716], [100.40791, 15.86229], [100.40813, 15.84978], [100.40691, 15.84755], [100.4033, 15.84522], [100.40297, 15.84446], [100.40286, 15.84155], [100.40299, 15.84041], [100.40354, 15.83933], [100.40336, 15.83727], [100.40443, 15.83333], [100.40577, 15.82629], [100.40639, 15.82386], [100.40706, 15.82308], [100.40709, 15.82419], [100.40799, 15.8251], [100.40895, 15.82526], [100.40911, 15.82567], [100.41246, 15.82632], [100.41347, 15.827], [100.41511, 15.82884], [100.41709, 15.82955], [100.42076, 15.83181], [100.42079, 15.83258], [100.42233, 15.83326], [100.42337, 15.83311], [100.42396, 15.83384], [100.42545, 15.83444], [100.42609, 15.83518], [100.42601, 15.83562], [100.42802, 15.83744], [100.42812, 15.83835], [100.42955, 15.84011], [100.43053, 15.84029], [100.43232, 15.84171], [100.43327, 15.84201], [100.43349, 15.84151], [100.43419, 15.84167], [100.43459, 15.8414], [100.4347, 15.84048], [100.43551, 15.84032], [100.43578, 15.84079], [100.4372, 15.8409], [100.43833, 15.8432], [100.43897, 15.84324], [100.43973, 15.84396], [100.43957, 15.8444], [100.4401, 15.84453], [100.44264, 15.8471], [100.44372, 15.84748], [100.44431, 15.84935], [100.44558, 15.84971], [100.44706, 15.85065], [100.44863, 15.85113], [100.44942, 15.85106], [100.45001, 15.85718], [100.44938, 15.85763], [100.44942, 15.85841], [100.44857, 15.85906], [100.44838, 15.86102], [100.44651, 15.86162], [100.44448, 15.86581], [100.44444, 15.86787], [100.44482, 15.8679], [100.44497, 15.86866], [100.4449, 15.87072], [100.44568, 15.87193], [100.44632, 15.87782], [100.44674, 15.87803], [100.44678, 15.88144]]]}}, {"type": "Feature", "properties": {"code": "TH600408", "name": "ทุ่งทอง", "name_en": "Thung Thong", "district": "หนองบัว", "district_en": "Nong Bua", "area_km2": 140.0}, "geometry": {"type": "Polygon", "coordinates": [[[100.68257, 15.99984], [100.66377, 16.013], [100.65867, 16.01927], [100.65415, 16.02688], [100.65184, 16.01779], [100.65216, 16.01676], [100.6517, 16.01451], [100.65657, 16.01192], [100.65627, 16.00969], [100.65965, 16.00866], [100.66242, 16.00739], [100.66099, 16.00404], [100.66131, 15.99759], [100.66426, 15.99315], [100.66561, 15.989], [100.66897, 15.98179], [100.67137, 15.981], [100.67163, 15.97529], [100.67286, 15.97108], [100.67519, 15.96721], [100.67578, 15.9651], [100.67883, 15.96257], [100.67915, 15.96069], [100.67832, 15.95607], [100.67635, 15.95617], [100.67598, 15.95643], [100.67596, 15.9571], [100.67524, 15.95686], [100.67459, 15.95726], [100.67431, 15.95718], [100.67428, 15.95656], [100.67354, 15.95693], [100.67303, 15.95604], [100.6716, 15.95666], [100.66978, 15.95636], [100.66421, 15.95755], [100.66314, 15.95734], [100.66228, 15.95653], [100.66071, 15.9568], [100.65984, 15.95573], [100.66055, 15.95527], [100.65981, 15.95509], [100.65957, 15.95421], [100.65813, 15.95453], [100.65785, 15.95401], [100.65593, 15.95402], [100.6553, 15.95355], [100.65382, 15.95429], [100.65335, 15.95412], [100.65333, 15.95329], [100.65399, 15.95236], [100.65363, 15.95117], [100.65292, 15.95048], [100.65319, 15.94785], [100.65529, 15.94674], [100.65621, 15.94536], [100.65702, 15.94509], [100.65741, 15.94401], [100.65841, 15.94407], [100.65854, 15.94312], [100.65928, 15.94299], [100.65915, 15.94236], [100.65871, 15.94203], [100.65868, 15.94051], [100.65929, 15.94048], [100.65907, 15.94], [100.65945, 15.93967], [100.65975, 15.93766], [100.65905, 15.93729], [100.65922, 15.93672], [100.65826, 15.93682], [100.65925, 15.93521], [100.6547, 15.92633], [100.64854, 15.91751], [100.64673, 15.91379], [100.64644, 15.91173], [100.64675, 15.90998], [100.64971, 15.90457], [100.65149, 15.90218], [100.6557, 15.89863], [100.65646, 15.89599], [100.6563, 15.89478], [100.65678, 15.89373], [100.65679, 15.89255], [100.65734, 15.89224], [100.65721, 15.88767], [100.65877, 15.88531], [100.66321, 15.88441], [100.666, 15.88449], [100.66743, 15.88502], [100.67408, 15.88354], [100.67788, 15.88315], [100.68251, 15.88315], [100.68364, 15.88276], [100.68597, 15.88328], [100.68734, 15.88297], [100.68897, 15.88346], [100.69174, 15.88331], [100.69274, 15.88442], [100.69445, 15.88425], [100.69527, 15.88483], [100.69781, 15.88338], [100.70144, 15.88243], [100.70484, 15.88243], [100.70568, 15.88342], [100.70977, 15.88335], [100.7122, 15.88215], [100.71264, 15.88501], [100.7144, 15.88515], [100.71538, 15.88588], [100.72045, 15.8865], [100.72025, 15.89], [100.72899, 15.88963], [100.73741, 15.88766], [100.74182, 15.88526], [100.7461, 15.8849], [100.74848, 15.88239], [100.75182, 15.87976], [100.75589, 15.8789], [100.76013, 15.87707], [100.76444, 15.87595], [100.77181, 15.87458], [100.77682, 15.87484], [100.78008, 15.87413], [100.79214, 15.86964], [100.79439, 15.86839], [100.79888, 15.86802], [100.80517, 15.86803], [100.80451, 15.86844], [100.80562, 15.87344], [100.80985, 15.88431], [100.80979, 15.88536], [100.80879, 15.88664], [100.80683, 15.88743], [100.8032, 15.88816], [100.80002, 15.88952], [100.7961, 15.8927], [100.79114, 15.89346], [100.7838, 15.8953], [100.78208, 15.89753], [100.77798, 15.89715], [100.77663, 15.8974], [100.77373, 15.89868], [100.76996, 15.90202], [100.7694, 15.90289], [100.7687, 15.90546], [100.76717, 15.90697], [100.76649, 15.90857], [100.76494, 15.90968], [100.76411, 15.91088], [100.76424, 15.91315], [100.76358, 15.91432], [100.76357, 15.91619], [100.76297, 15.91818], [100.76314, 15.92039], [100.76245, 15.92244], [100.76419, 15.92602], [100.76529, 15.93014], [100.76622, 15.9315], [100.76747, 15.93245], [100.7678, 15.93495], [100.7658, 15.93766], [100.76529, 15.93783], [100.76312, 15.93724], [100.76073, 15.93932], [100.75695, 15.94114], [100.75494, 15.94308], [100.7541, 15.95087], [100.75297, 15.95305], [100.75063, 15.95527], [100.75006, 15.95682], [100.74963, 15.96057], [100.75087, 15.96579], [100.75065, 15.96835], [100.75029, 15.96937], [100.74686, 15.97318], [100.74557, 15.97417], [100.74564, 15.97545], [100.74513, 15.97614], [100.74625, 15.98012], [100.74568, 15.98018], [100.74549, 15.98066], [100.74481, 15.9805], [100.74375, 15.98119], [100.74366, 15.98164], [100.74423, 15.98203], [100.74377, 15.98256], [100.74411, 15.98328], [100.74327, 15.98404], [100.74251, 15.9858], [100.73895, 15.98636], [100.73797, 15.98988], [100.73629, 15.9902], [100.73318, 15.99009], [100.73066, 15.99091], [100.71871, 15.98883], [100.70984, 15.99011], [100.70748, 15.98957], [100.7016, 15.98986], [100.68944, 15.99375], [100.68834, 15.9945], [100.6872, 15.99621], [100.68257, 15.99984]]]}}, {"type": "Feature", "properties": {"code": "TH600409", "name": "วังบ่อ", "name_en": "Wang Bo", "district": "หนองบัว", "district_en": "Nong Bua", "area_km2": 132.9}, "geometry": {"type": "Polygon", "coordinates": [[[100.70303, 15.83807], [100.70152, 15.83815], [100.69991, 15.8368], [100.69936, 15.83693], [100.69913, 15.83613], [100.69856, 15.83586], [100.69895, 15.83497], [100.69799, 15.83523], [100.69746, 15.83433], [100.69706, 15.83475], [100.69672, 15.83458], [100.69683, 15.83381], [100.69634, 15.83378], [100.69579, 15.8323], [100.69489, 15.83189], [100.69419, 15.83211], [100.69426, 15.83133], [100.69357, 15.83026], [100.69199, 15.82897], [100.69141, 15.82906], [100.69147, 15.82842], [100.69098, 15.82827], [100.6906, 15.82861], [100.69046, 15.82794], [100.68919, 15.82793], [100.68901, 15.82751], [100.68802, 15.82698], [100.68745, 15.82716], [100.68688, 15.8268], [100.68561, 15.82458], [100.68445, 15.82417], [100.68478, 15.82348], [100.68445, 15.82262], [100.68339, 15.82282], [100.68233, 15.8238], [100.68073, 15.82375], [100.68052, 15.82323], [100.67951, 15.82247], [100.67918, 15.82168], [100.67734, 15.82056], [100.67749, 15.81957], [100.67706, 15.81943], [100.67612, 15.82], [100.67606, 15.81886], [100.67523, 15.819], [100.6749, 15.81864], [100.67358, 15.81832], [100.67376, 15.8176], [100.6726, 15.81777], [100.67232, 15.81698], [100.67117, 15.81781], [100.6706, 15.81775], [100.67029, 15.81714], [100.66788, 15.81778], [100.66721, 15.81682], [100.66566, 15.81642], [100.66542, 15.81583], [100.6643, 15.81491], [100.66376, 15.81508], [100.66245, 15.81414], [100.6614, 15.81523], [100.66105, 15.81497], [100.66128, 15.81419], [100.66105, 15.81394], [100.66013, 15.81425], [100.65965, 15.81478], [100.65865, 15.81489], [100.6586, 15.81575], [100.65767, 15.81496], [100.65689, 15.81543], [100.65613, 15.81529], [100.65587, 15.81509], [100.65618, 15.8142], [100.65553, 15.81408], [100.65481, 15.81455], [100.65439, 15.81401], [100.65356, 15.81402], [100.65314, 15.81355], [100.65258, 15.81347], [100.65256, 15.8127], [100.65171, 15.81288], [100.6516, 15.81211], [100.64967, 15.81268], [100.6487, 15.81233], [100.64861, 15.8114], [100.64611, 15.811], [100.64575, 15.81033], [100.64539, 15.81077], [100.64548, 15.80943], [100.64504, 15.80946], [100.64467, 15.8101], [100.64418, 15.8103], [100.64312, 15.81014], [100.64138, 15.80925], [100.64063, 15.80811], [100.64015, 15.80896], [100.63944, 15.80913], [100.63917, 15.80845], [100.63753, 15.80764], [100.63776, 15.80677], [100.63647, 15.80672], [100.6358, 15.80599], [100.63514, 15.8064], [100.63465, 15.80535], [100.63362, 15.80634], [100.63298, 15.80603], [100.63259, 15.80683], [100.63149, 15.80724], [100.63119, 15.80701], [100.63129, 15.80574], [100.63085, 15.80606], [100.63077, 15.80681], [100.63009, 15.80692], [100.62972, 15.80679], [100.6298, 15.80592], [100.62938, 15.80605], [100.62896, 15.80675], [100.62871, 15.80608], [100.62815, 15.80634], [100.62782, 15.80587], [100.62698, 15.80571], [100.62655, 15.80701], [100.62615, 15.80715], [100.62589, 15.80656], [100.62555, 15.80653], [100.62573, 15.80747], [100.62515, 15.80799], [100.62427, 15.80757], [100.62381, 15.80822], [100.62293, 15.80842], [100.6231, 15.80732], [100.62216, 15.80812], [100.62151, 15.80781], [100.62093, 15.8082], [100.62017, 15.80815], [100.61974, 15.80882], [100.61936, 15.80807], [100.61891, 15.80845], [100.61782, 15.80849], [100.61841, 15.80778], [100.61829, 15.80748], [100.6157, 15.80723], [100.61555, 15.80799], [100.61521, 15.80807], [100.61472, 15.80739], [100.61449, 15.80857], [100.61392, 15.8085], [100.61383, 15.80894], [100.61344, 15.80852], [100.61324, 15.80866], [100.61365, 15.80919], [100.6136, 15.80967], [100.61286, 15.80898], [100.61256, 15.80922], [100.61265, 15.80974], [100.61163, 15.80945], [100.61316, 15.80226], [100.61321, 15.79966], [100.61284, 15.79708], [100.59693, 15.74311], [100.59752, 15.74272], [100.59808, 15.74277], [100.5985, 15.74151], [100.5989, 15.74196], [100.59962, 15.74175], [100.60032, 15.74069], [100.60152, 15.74022], [100.60309, 15.74025], [100.60373, 15.73937], [100.60541, 15.73894], [100.60595, 15.73973], [100.60635, 15.73895], [100.60803, 15.73954], [100.61008, 15.73913], [100.61053, 15.7403], [100.61158, 15.74085], [100.61181, 15.74146], [100.61237, 15.74159], [100.61224, 15.74204], [100.61284, 15.74191], [100.61333, 15.7423], [100.61526, 15.74113], [100.61555, 15.74064], [100.61636, 15.741], [100.61642, 15.74064], [100.61792, 15.7406], [100.61961, 15.74205], [100.62085, 15.74495], [100.62277, 15.74444], [100.62314, 15.74728], [100.6258, 15.75015], [100.6256, 15.75177], [100.62905, 15.75313], [100.63823, 15.76174], [100.63864, 15.76246], [100.63817, 15.76406], [100.64012, 15.76619], [100.64268, 15.76805], [100.64351, 15.7724], [100.64681, 15.77147], [100.64728, 15.77219], [100.64818, 15.77181], [100.64809, 15.77136], [100.64856, 15.77095], [100.65014, 15.77083], [100.65142, 15.77025], [100.65241, 15.77062], [100.65238, 15.77106], [100.65327, 15.77095], [100.65446, 15.77158], [100.65516, 15.77132], [100.65586, 15.77048], [100.65563, 15.77016], [100.65585, 15.76956], [100.65717, 15.76894], [100.65744, 15.76921], [100.65792, 15.76847], [100.66042, 15.76795], [100.66121, 15.76712], [100.66185, 15.76733], [100.66336, 15.76669], [100.66468, 15.76657], [100.6657, 15.76595], [100.66646, 15.76655], [100.66722, 15.76629], [100.6685, 15.76647], [100.66862, 15.76615], [100.66905, 15.76629], [100.66912, 15.76593], [100.66954, 15.76611], [100.66948, 15.76554], [100.67013, 15.76546], [100.67085, 15.76596], [100.67261, 15.7655], [100.67351, 15.76608], [100.67405, 15.76583], [100.67506, 15.76681], [100.67523, 15.76738], [100.67558, 15.76703], [100.67706, 15.76718], [100.67719, 15.76755], [100.67789, 15.76774], [100.6781, 15.76707], [100.67852, 15.76742], [100.67922, 15.76721], [100.68, 15.76782], [100.6803, 15.76731], [100.6809, 15.76738], [100.68167, 15.76792], [100.68192, 15.76776], [100.68165, 15.76715], [100.6822, 15.76756], [100.68258, 15.76715], [100.68282, 15.76753], [100.68348, 15.76715], [100.68372, 15.76754], [100.6847, 15.7674], [100.68497, 15.76702], [100.68551, 15.76755], [100.68628, 15.76719], [100.68648, 15.76777], [100.6874, 15.76722], [100.6877, 15.76754], [100.68818, 15.76687], [100.68817, 15.76761], [100.68872, 15.76735], [100.68899, 15.76788], [100.68946, 15.76775], [100.6897, 15.76828], [100.69028, 15.76845], [100.68993, 15.76914], [100.69052, 15.7695], [100.69096, 15.7692], [100.69108, 15.76981], [100.69215, 15.76951], [100.69246, 15.77024], [100.69388, 15.77057], [100.69444, 15.77042], [100.6947, 15.76987], [100.69535, 15.76982], [100.69554, 15.7692], [100.69601, 15.76942], [100.696, 15.77005], [100.69701, 15.76948], [100.69752, 15.76981], [100.69866, 15.76944], [100.69953, 15.76959], [100.70003, 15.76917], [100.70102, 15.76977], [100.70126, 15.76954], [100.70125, 15.76823], [100.7021, 15.76861], [100.70251, 15.76768], [100.70333, 15.76814], [100.70351, 15.76755], [100.70427, 15.76741], [100.70431, 15.76799], [100.70486, 15.76812], [100.70502, 15.76746], [100.70553, 15.76779], [100.7058, 15.7672], [100.70609, 15.76771], [100.70652, 15.76731], [100.70666, 15.76799], [100.70623, 15.76824], [100.70671, 15.76856], [100.70708, 15.76837], [100.70862, 15.76875], [100.70857, 15.76944], [100.70907, 15.76932], [100.7091, 15.76878], [100.70946, 15.76869], [100.71066, 15.76926], [100.71083, 15.76981], [100.71164, 15.76954], [100.71255, 15.77069], [100.71298, 15.7698], [100.71338, 15.76999], [100.7134, 15.77087], [100.71378, 15.77046], [100.71425, 15.77089], [100.71481, 15.7701], [100.71516, 15.77038], [100.71506, 15.77078], [100.7154, 15.7709], [100.7154, 15.7705], [100.71602, 15.7704], [100.71618, 15.77008], [100.71698, 15.77033], [100.71692, 15.76986], [100.71727, 15.76955], [100.71814, 15.76979], [100.71828, 15.76914], [100.71935, 15.76915], [100.71987, 15.76886], [100.71968, 15.76841], [100.72004, 15.76806], [100.72139, 15.76775], [100.72202, 15.76793], [100.72179, 15.76843], [100.72309, 15.76844], [100.72358, 15.76825], [100.72387, 15.76766], [100.72421, 15.76815], [100.72542, 15.76823], [100.72588, 15.76778], [100.726, 15.76815], [100.7266, 15.76835], [100.72672, 15.76782], [100.72792, 15.76773], [100.72791, 15.7668], [100.72818, 15.7666], [100.72829, 15.76714], [100.72892, 15.76686], [100.72898, 15.7665], [100.72968, 15.76713], [100.73102, 15.76674], [100.73225, 15.76824], [100.73285, 15.76817], [100.7337, 15.76877], [100.7342, 15.7685], [100.73415, 15.76809], [100.73506, 15.76828], [100.7351, 15.76803], [100.73457, 15.76777], [100.73575, 15.76782], [100.73626, 15.76748], [100.73624, 15.76671], [100.73682, 15.76668], [100.73686, 15.76606], [100.73756, 15.76569], [100.73778, 15.76604], [100.73905, 15.76624], [100.73924, 15.76669], [100.74035, 15.76604], [100.74251, 15.76651], [100.74362, 15.7656], [100.74488, 15.76593], [100.74603, 15.76533], [100.74626, 15.76581], [100.74675, 15.76588], [100.74732, 15.76537], [100.74856, 15.76573], [100.74893, 15.76677], [100.74954, 15.76694], [100.74967, 15.76648], [100.75019, 15.76677], [100.7509, 15.76641], [100.75129, 15.76714], [100.75239, 15.76738], [100.75293, 15.76713], [100.75279, 15.7668], [100.75324, 15.76649], [100.75397, 15.76632], [100.75423, 15.76658], [100.75489, 15.76621], [100.755, 15.76664], [100.75522, 15.76659], [100.75547, 15.7663], [100.75522, 15.76593], [100.75629, 15.76609], [100.75657, 15.76572], [100.7577, 15.76588], [100.75835, 15.7665], [100.75906, 15.76645], [100.76026, 15.76579], [100.76221, 15.76584], [100.76311, 15.76548], [100.76335, 15.76495], [100.76393, 15.76528], [100.76423, 15.76706], [100.76483, 15.76728], [100.76498, 15.76786], [100.76691, 15.76751], [100.7679, 15.76794], [100.76842, 15.76768], [100.76874, 15.76807], [100.76857, 15.76852], [100.76903, 15.77027], [100.77037, 15.77156], [100.7703, 15.77197], [100.77177, 15.77229], [100.77196, 15.77337], [100.77238, 15.77351], [100.77254, 15.77323], [100.77355, 15.77399], [100.77346, 15.7744], [100.77405, 15.7743], [100.77538, 15.77522], [100.77508, 15.77585], [100.77559, 15.77681], [100.77623, 15.77698], [100.77783, 15.77843], [100.77783, 15.77873], [100.77867, 15.77879], [100.77867, 15.77929], [100.77924, 15.77915], [100.77993, 15.78065], [100.7819, 15.7808], [100.78317, 15.78053], [100.78416, 15.78192], [100.78595, 15.7826], [100.78685, 15.78222], [100.78781, 15.7825], [100.78845, 15.78205], [100.79085, 15.78243], [100.7921, 15.78191], [100.79247, 15.7826], [100.79313, 15.78271], [100.80075, 15.78023], [100.80695, 15.78035], [100.81262, 15.78097], [100.80838, 15.79179], [100.80424, 15.80765], [100.80141, 15.81381], [100.80059, 15.81819], [100.79843, 15.82574], [100.79891, 15.82896], [100.79777, 15.82858], [100.79756, 15.82897], [100.79681, 15.82839], [100.79596, 15.82859], [100.79579, 15.82793], [100.79494, 15.82828], [100.79415, 15.828], [100.79383, 15.82867], [100.79288, 15.82822], [100.79198, 15.8287], [100.79013, 15.82876], [100.78976, 15.82845], [100.78922, 15.8292], [100.78761, 15.83011], [100.78711, 15.82988], [100.78699, 15.8294], [100.78602, 15.82919], [100.78603, 15.82855], [100.78507, 15.82855], [100.78529, 15.82812], [100.78509, 15.82785], [100.78202, 15.82855], [100.782, 15.82753], [100.78154, 15.82733], [100.78077, 15.8275], [100.7802, 15.82807], [100.77943, 15.82781], [100.77867, 15.82977], [100.77803, 15.82933], [100.77737, 15.82972], [100.77648, 15.82968], [100.7759, 15.8303], [100.77452, 15.83024], [100.77438, 15.8294], [100.77402, 15.82921], [100.77349, 15.83055], [100.77316, 15.83015], [100.77187, 15.82977], [100.77128, 15.83027], [100.77029, 15.82919], [100.7691, 15.82955], [100.76814, 15.82907], [100.76767, 15.82959], [100.76622, 15.82912], [100.76611, 15.82855], [100.76528, 15.82844], [100.76461, 15.82754], [100.76425, 15.82807], [100.76325, 15.82841], [100.76381, 15.82926], [100.76314, 15.8297], [100.76204, 15.83], [100.76119, 15.82926], [100.76099, 15.82989], [100.76017, 15.82955], [100.76019, 15.83035], [100.75963, 15.83009], [100.75895, 15.83024], [100.75858, 15.82979], [100.75762, 15.82991], [100.75692, 15.83053], [100.7557, 15.83024], [100.75536, 15.83054], [100.75537, 15.82952], [100.75468, 15.82951], [100.75401, 15.83062], [100.75451, 15.83097], [100.75424, 15.83155], [100.75379, 15.83154], [100.75343, 15.83093], [100.75173, 15.83196], [100.75077, 15.83139], [100.75056, 15.83066], [100.74985, 15.83057], [100.74931, 15.82978], [100.74876, 15.82982], [100.74852, 15.83036], [100.7478, 15.82964], [100.74688, 15.82966], [100.74691, 15.82834], [100.74764, 15.8282], [100.74709, 15.82719], [100.74687, 15.82725], [100.74697, 15.82778], [100.7462, 15.82825], [100.74463, 15.82656], [100.74429, 15.82707], [100.74374, 15.82704], [100.74355, 15.82653], [100.74404, 15.8264], [100.74409, 15.82607], [100.7428, 15.82659], [100.74232, 15.8255], [100.74162, 15.82489], [100.74164, 15.82568], [100.74129, 15.82595], [100.74097, 15.82558], [100.74037, 15.82583], [100.73961, 15.82526], [100.73949, 15.82589], [100.7386, 15.82692], [100.73709, 15.82597], [100.73631, 15.8268], [100.73594, 15.82783], [100.73464, 15.829], [100.73406, 15.82844], [100.73366, 15.82866], [100.73387, 15.82969], [100.73283, 15.82991], [100.73248, 15.83076], [100.73095, 15.83074], [100.73088, 15.82967], [100.72943, 15.83016], [100.7285, 15.82938], [100.7277, 15.83034], [100.72671, 15.82977], [100.72549, 15.83078], [100.72451, 15.83078], [100.72385, 15.83177], [100.72335, 15.83086], [100.72318, 15.83153], [100.72232, 15.83158], [100.72192, 15.83214], [100.72132, 15.83184], [100.72115, 15.83252], [100.71991, 15.83291], [100.71888, 15.83236], [100.7177, 15.83308], [100.71743, 15.83281], [100.71798, 15.83223], [100.71754, 15.83116], [100.71719, 15.83193], [100.71673, 15.83162], [100.71629, 15.83178], [100.71671, 15.83253], [100.71617, 15.83297], [100.71508, 15.83285], [100.71446, 15.83217], [100.71418, 15.83301], [100.71334, 15.8325], [100.71299, 15.83338], [100.71179, 15.83288], [100.71112, 15.83411], [100.71022, 15.83445], [100.71005, 15.83531], [100.70907, 15.83464], [100.70872, 15.83582], [100.70807, 15.83507], [100.70813, 15.83579], [100.70754, 15.83613], [100.70741, 15.83557], [100.70675, 15.83528], [100.70641, 15.83557], [100.70682, 15.83594], [100.70584, 15.83604], [100.70559, 15.83649], [100.70512, 15.83584], [100.70475, 15.83586], [100.70404, 15.83645], [100.70405, 15.83738], [100.70303, 15.83807]]]}}, {"type": "Feature", "properties": {"code": "TH600501", "name": "ท่างิ้ว", "name_en": "Tha Ngio", "district": "บรรพตพิสัย", "district_en": "Banphot Phisai", "area_km2": 42.7}, "geometry": {"type": "Polygon", "coordinates": [[[99.98489, 15.9376], [99.98276, 15.93848], [99.98003, 15.93829], [99.97755, 15.93679], [99.97466, 15.93296], [99.97326, 15.93164], [99.96921, 15.92948], [99.9682, 15.92934], [99.9662, 15.92983], [99.96458, 15.93147], [99.96237, 15.93509], [99.96109, 15.93832], [99.95922, 15.9369], [99.95681, 15.93593], [99.95594, 15.93526], [99.95573, 15.93556], [99.95401, 15.93463], [99.95362, 15.93488], [99.95252, 15.93452], [99.95063, 15.93345], [99.95027, 15.93338], [99.947, 15.9352], [99.94558, 15.93521], [99.94465, 15.93466], [99.93817, 15.92792], [99.93552, 15.92435], [99.93442, 15.9251], [99.9339, 15.92482], [99.93283, 15.92612], [99.933, 15.92658], [99.93258, 15.92697], [99.93281, 15.92719], [99.93197, 15.92829], [99.93084, 15.92894], [99.93064, 15.9294], [99.93024, 15.92929], [99.92963, 15.92968], [99.92833, 15.92776], [99.92725, 15.92679], [99.92663, 15.92663], [99.92508, 15.92486], [99.92772, 15.92115], [99.92574, 15.91986], [99.9243, 15.91995], [99.92401, 15.91883], [99.92046, 15.91868], [99.92012, 15.91773], [99.91869, 15.91781], [99.91653, 15.91701], [99.91495, 15.91962], [99.91342, 15.91956], [99.91179, 15.91885], [99.90943, 15.92001], [99.90795, 15.92296], [99.9073, 15.92294], [99.90627, 15.92442], [99.90493, 15.92456], [99.90478, 15.92491], [99.90408, 15.92512], [99.90362, 15.92505], [99.90354, 15.92456], [99.90242, 15.92503], [99.90116, 15.92498], [99.90033, 15.92605], [99.89986, 15.92583], [99.89935, 15.92688], [99.89844, 15.92689], [99.89536, 15.92017], [99.8941, 15.92054], [99.89418, 15.91525], [99.89327, 15.91456], [99.89387, 15.91326], [99.88874, 15.9125], [99.88718, 15.91094], [99.89067, 15.9065], [99.89443, 15.90072], [99.90889, 15.87552], [99.91035, 15.87661], [99.91033, 15.87808], [99.91093, 15.8792], [99.9124, 15.87944], [99.91283, 15.87992], [99.91392, 15.87999], [99.91519, 15.88253], [99.91718, 15.88227], [99.91891, 15.8827], [99.91946, 15.88321], [99.91992, 15.88433], [99.92106, 15.88578], [99.92151, 15.88589], [99.92175, 15.88732], [99.92126, 15.88823], [99.92213, 15.88912], [99.92533, 15.88831], [99.92719, 15.8893], [99.92799, 15.88896], [99.92841, 15.88781], [99.9289, 15.88762], [99.92935, 15.88845], [99.93053, 15.88922], [99.93088, 15.89033], [99.93439, 15.89144], [99.93842, 15.89538], [99.94289, 15.8964], [99.94539, 15.89732], [99.95014, 15.89784], [99.95086, 15.8969], [99.9528, 15.89695], [99.95383, 15.89565], [99.95368, 15.89517], [99.95462, 15.89412], [99.95557, 15.89388], [99.95915, 15.89173], [99.96499, 15.90285], [99.96689, 15.90491], [99.968, 15.9036], [99.96763, 15.90289], [99.96797, 15.90238], [99.96916, 15.90293], [99.97122, 15.9017], [99.97126, 15.90031], [99.97516, 15.90046], [99.97709, 15.90086], [99.97886, 15.90207], [99.97814, 15.90309], [99.97929, 15.90382], [99.97906, 15.90487], [99.98349, 15.9064], [99.98353, 15.9072], [99.98769, 15.90887], [99.98762, 15.90976], [99.98823, 15.91074], [99.99138, 15.91088], [99.99211, 15.91174], [99.99447, 15.91281], [99.99557, 15.91307], [99.99846, 15.91128], [99.99901, 15.91206], [100.00724, 15.90967], [100.0047, 15.92146], [100.00413, 15.92215], [100.00234, 15.92323], [99.99637, 15.92507], [99.99014, 15.93141], [99.98645, 15.93638], [99.98489, 15.9376]]]}}, {"type": "Feature", "properties": {"code": "TH600502", "name": "บางตาหงาย", "name_en": "Bang Ta Ngai", "district": "บรรพตพิสัย", "district_en": "Banphot Phisai", "area_km2": 55.4}, "geometry": {"type": "Polygon", "coordinates": [[[100.05429, 15.96429], [100.0512, 15.96935], [100.04964, 15.97424], [100.04993, 15.97513], [100.05228, 15.97516], [100.05428, 15.97686], [100.05416, 15.97727], [100.05341, 15.97816], [100.05221, 15.97849], [100.05198, 15.98121], [100.05038, 15.98331], [100.04766, 15.9849], [100.04573, 15.98561], [100.0449, 15.9863], [100.04549, 15.98833], [100.04515, 15.99006], [100.04615, 15.99031], [100.04583, 15.99369], [100.04374, 15.99733], [100.04335, 15.99898], [100.04182, 15.99857], [100.04083, 16.00108], [100.04074, 16.00232], [100.04034, 16.00275], [100.03821, 16.0028], [100.03807, 16.00347], [100.03476, 16.00302], [100.02938, 16.00086], [100.02788, 15.99817], [100.02753, 15.99617], [100.02684, 15.99615], [100.02668, 15.99409], [100.02674, 15.99314], [100.02707, 15.99286], [100.02687, 15.99109], [100.02865, 15.99048], [100.02755, 15.98694], [100.02915, 15.98578], [100.02935, 15.9841], [100.03046, 15.98156], [100.03097, 15.97771], [100.03296, 15.97269], [100.03452, 15.97046], [100.0333, 15.96929], [100.03399, 15.96833], [100.03456, 15.96642], [100.03013, 15.96351], [100.0268, 15.96067], [100.02477, 15.95782], [100.02501, 15.95579], [100.02412, 15.95497], [100.02318, 15.95599], [100.02167, 15.95649], [100.02024, 15.95561], [100.01767, 15.95598], [100.01575, 15.95584], [100.01482, 15.95701], [100.01109, 15.9545], [100.00989, 15.95613], [100.00319, 15.95298], [100.0014, 15.95112], [100.00044, 15.94907], [99.99957, 15.94876], [99.99835, 15.94742], [99.99714, 15.94757], [99.99665, 15.94712], [99.99543, 15.9468], [99.99463, 15.94692], [99.99276, 15.94539], [99.99149, 15.94382], [99.99083, 15.94366], [99.98966, 15.94396], [99.98885, 15.94347], [99.98715, 15.94369], [99.98582, 15.94259], [99.98587, 15.94143], [99.9853, 15.94073], [99.98548, 15.93989], [99.98489, 15.9376], [99.98698, 15.93578], [99.99014, 15.93141], [99.99637, 15.92507], [100.00234, 15.92323], [100.00413, 15.92215], [100.0047, 15.92146], [100.00887, 15.90248], [100.01371, 15.89574], [100.01564, 15.89432], [100.01773, 15.89352], [100.02017, 15.89375], [100.02441, 15.89491], [100.02905, 15.89705], [100.0307, 15.8968], [100.03373, 15.89502], [100.03482, 15.8955], [100.03579, 15.8972], [100.03887, 15.8968], [100.04126, 15.90179], [100.04411, 15.91308], [100.04646, 15.91472], [100.0493, 15.91524], [100.04831, 15.91713], [100.04844, 15.91899], [100.05097, 15.92047], [100.05382, 15.92137], [100.05382, 15.92236], [100.05559, 15.92491], [100.05641, 15.92876], [100.05801, 15.92988], [100.05856, 15.92986], [100.05946, 15.92882], [100.0601, 15.92725], [100.06229, 15.92597], [100.06287, 15.92487], [100.06347, 15.92454], [100.06608, 15.92479], [100.06962, 15.92628], [100.07075, 15.9275], [100.07477, 15.92928], [100.07572, 15.93016], [100.07596, 15.93139], [100.07705, 15.93282], [100.07652, 15.93313], [100.07543, 15.93498], [100.07594, 15.93701], [100.07749, 15.93746], [100.07767, 15.93871], [100.07814, 15.93911], [100.08022, 15.9403], [100.08136, 15.94042], [100.08301, 15.94128], [100.08536, 15.94428], [100.08662, 15.94484], [100.08629, 15.94607], [100.08443, 15.9474], [100.08405, 15.94839], [100.08343, 15.94893], [100.08106, 15.9492], [100.07915, 15.94986], [100.07693, 15.95001], [100.07628, 15.94969], [100.07491, 15.95092], [100.07328, 15.95355], [100.0712, 15.95514], [100.07078, 15.9552], [100.06957, 15.95453], [100.06717, 15.95612], [100.06582, 15.95587], [100.0654, 15.95641], [100.06418, 15.95649], [100.06368, 15.95699], [100.06155, 15.95785], [100.06119, 15.9587], [100.06178, 15.95933], [100.0595, 15.96064], [100.05839, 15.96191], [100.05802, 15.96299], [100.05563, 15.96428], [100.05429, 15.96429]]]}}, {"type": "Feature", "properties": {"code": "TH600503", "name": "หูกวาง", "name_en": "Hu Kwang", "district": "บรรพตพิสัย", "district_en": "Banphot Phisai", "area_km2": 37.9}, "geometry": {"type": "Polygon", "coordinates": [[[100.00724, 15.90967], [99.99901, 15.91206], [99.99846, 15.91128], [99.99557, 15.91307], [99.99447, 15.91281], [99.99211, 15.91174], [99.99138, 15.91088], [99.98823, 15.91074], [99.98762, 15.90976], [99.98769, 15.90887], [99.98353, 15.9072], [99.98349, 15.9064], [99.97906, 15.90487], [99.97929, 15.90382], [99.97814, 15.90309], [99.97886, 15.90207], [99.97709, 15.90086], [99.97516, 15.90046], [99.97126, 15.90031], [99.9708, 15.89971], [99.97142, 15.89891], [99.97188, 15.89906], [99.9726, 15.89801], [99.97391, 15.89824], [99.97451, 15.89665], [99.97374, 15.89609], [99.97416, 15.89443], [99.97488, 15.8943], [99.97499, 15.89222], [99.97456, 15.89184], [99.97521, 15.89064], [99.97365, 15.89013], [99.97512, 15.88697], [99.97477, 15.88511], [99.97389, 15.8846], [99.97439, 15.8835], [99.97314, 15.88229], [99.97454, 15.88056], [99.9734, 15.87962], [99.97466, 15.87803], [99.97283, 15.87621], [99.97309, 15.8758], [99.97228, 15.87216], [99.97353, 15.87174], [99.97399, 15.86937], [99.97312, 15.86797], [99.97446, 15.8678], [99.97413, 15.86493], [99.97539, 15.86401], [99.97421, 15.8609], [99.97345, 15.86044], [99.97201, 15.85745], [99.97273, 15.85612], [99.97393, 15.85569], [99.97448, 15.85583], [99.97508, 15.85683], [99.97578, 15.85695], [99.97736, 15.85516], [99.97733, 15.85393], [99.97845, 15.85209], [99.97821, 15.85152], [99.97713, 15.85144], [99.97641, 15.85065], [99.97622, 15.84989], [99.97677, 15.84887], [99.98027, 15.84725], [99.98081, 15.84733], [99.98108, 15.84818], [99.98165, 15.84819], [99.98336, 15.84654], [99.9849, 15.84645], [99.98587, 15.84479], [99.98667, 15.84505], [99.9873, 15.84643], [99.98902, 15.84588], [99.98885, 15.84693], [99.98997, 15.84754], [99.99032, 15.84744], [99.99045, 15.84677], [99.99151, 15.84704], [99.99321, 15.84637], [99.9946, 15.84686], [99.99873, 15.84693], [100.00007, 15.84724], [100.00286, 15.84927], [100.00462, 15.85107], [100.0038, 15.8544], [100.00391, 15.85509], [100.0056, 15.85507], [100.00593, 15.85608], [100.00983, 15.85691], [100.01146, 15.85776], [100.01361, 15.8581], [100.01432, 15.8579], [100.01424, 15.85999], [100.01264, 15.86118], [100.01247, 15.86178], [100.01531, 15.86261], [100.01957, 15.86531], [100.02368, 15.86595], [100.0241, 15.86469], [100.02569, 15.86518], [100.02602, 15.86449], [100.02766, 15.8646], [100.028, 15.86536], [100.03082, 15.86539], [100.03226, 15.86608], [100.03499, 15.86907], [100.03598, 15.86826], [100.03948, 15.87018], [100.04061, 15.86903], [100.04353, 15.86917], [100.04387, 15.87114], [100.04325, 15.87173], [100.04657, 15.87562], [100.04858, 15.87745], [100.05036, 15.8778], [100.05273, 15.87905], [100.04795, 15.88579], [100.0422, 15.89145], [100.03373, 15.89502], [100.0307, 15.8968], [100.02905, 15.89705], [100.02441, 15.89491], [100.01843, 15.89352], [100.01684, 15.89375], [100.01473, 15.89493], [100.01371, 15.89574], [100.00887, 15.90248], [100.00724, 15.90967]]]}}, {"type": "Feature", "properties": {"code": "TH600504", "name": "อ่างทอง", "name_en": "Ang Thong", "district": "บรรพตพิสัย", "district_en": "Banphot Phisai", "area_km2": 34.3}, "geometry": {"type": "Polygon", "coordinates": [[[99.97126, 15.90031], [99.97122, 15.9017], [99.96916, 15.90293], [99.96797, 15.90238], [99.96763, 15.90289], [99.968, 15.9036], [99.96689, 15.90491], [99.96499, 15.90285], [99.95915, 15.89173], [99.95557, 15.89388], [99.95462, 15.89412], [99.95368, 15.89517], [99.95383, 15.89565], [99.9528, 15.89695], [99.95086, 15.8969], [99.95014, 15.89784], [99.94539, 15.89732], [99.94289, 15.8964], [99.93842, 15.89538], [99.93439, 15.89144], [99.93088, 15.89033], [99.93053, 15.88922], [99.92935, 15.88845], [99.9289, 15.88762], [99.92841, 15.88781], [99.92799, 15.88896], [99.92719, 15.8893], [99.92533, 15.88831], [99.92213, 15.88912], [99.92126, 15.88823], [99.92175, 15.88732], [99.92149, 15.88584], [99.92106, 15.88578], [99.91901, 15.88277], [99.91718, 15.88227], [99.91527, 15.88258], [99.91392, 15.87999], [99.91283, 15.87992], [99.9124, 15.87944], [99.91093, 15.87919], [99.91033, 15.87808], [99.91035, 15.87661], [99.90889, 15.87552], [99.93025, 15.83827], [99.93078, 15.83867], [99.93142, 15.84016], [99.93379, 15.84128], [99.93479, 15.84314], [99.93748, 15.84418], [99.94104, 15.84485], [99.94275, 15.8459], [99.94775, 15.84657], [99.95064, 15.84575], [99.95149, 15.84624], [99.95416, 15.84581], [99.95471, 15.84718], [99.95643, 15.8474], [99.95688, 15.84784], [99.95694, 15.84441], [99.95793, 15.84324], [99.9613, 15.84342], [99.96141, 15.8429], [99.96296, 15.84231], [99.96533, 15.84337], [99.96707, 15.84217], [99.9675, 15.84246], [99.96837, 15.84191], [99.96978, 15.84405], [99.97271, 15.8465], [99.97389, 15.84698], [99.97589, 15.84876], [99.97677, 15.84887], [99.97622, 15.84989], [99.97641, 15.85065], [99.97713, 15.85144], [99.97821, 15.85152], [99.97845, 15.85209], [99.97733, 15.85393], [99.97736, 15.85516], [99.97578, 15.85695], [99.97508, 15.85683], [99.97431, 15.85575], [99.973, 15.85593], [99.97199, 15.85752], [99.97345, 15.86044], [99.97421, 15.8609], [99.97539, 15.86401], [99.97413, 15.86493], [99.97446, 15.8678], [99.97312, 15.86797], [99.97399, 15.86937], [99.97353, 15.87174], [99.97228, 15.87216], [99.97309, 15.8758], [99.97283, 15.87621], [99.97466, 15.87803], [99.9734, 15.87962], [99.97454, 15.88056], [99.97314, 15.88229], [99.97439, 15.8835], [99.97389, 15.8846], [99.97477, 15.88511], [99.97512, 15.88697], [99.97365, 15.89013], [99.97521, 15.89064], [99.97456, 15.89184], [99.97499, 15.89222], [99.97488, 15.8943], [99.97416, 15.89443], [99.97374, 15.89609], [99.97451, 15.89665], [99.97391, 15.89824], [99.97264, 15.898], [99.97188, 15.89906], [99.97139, 15.89893], [99.9708, 15.89968], [99.97126, 15.90031]]]}}, {"type": "Feature", "properties": {"code": "TH600505", "name": "บ้านแดน", "name_en": "Ban Daen", "district": "บรรพตพิสัย", "district_en": "Banphot Phisai", "area_km2": 64.6}, "geometry": {"type": "Polygon", "coordinates": [[[99.92419, 15.9575], [99.91742, 15.95818], [99.91516, 15.95888], [99.91185, 15.9608], [99.90935, 15.9631], [99.90743, 15.96574], [99.90569, 15.97043], [99.90454, 15.97205], [99.90211, 15.97418], [99.90048, 15.97207], [99.90074, 15.97157], [99.89745, 15.96982], [99.896, 15.97118], [99.89498, 15.96955], [99.89411, 15.96993], [99.89265, 15.96765], [99.89134, 15.96658], [99.89069, 15.96724], [99.88959, 15.9658], [99.88769, 15.96686], [99.88689, 15.96767], [99.88547, 15.96652], [99.88489, 15.96691], [99.88455, 15.97026], [99.88408, 15.97097], [99.88166, 15.97209], [99.88075, 15.97141], [99.87865, 15.97401], [99.87731, 15.9735], [99.87508, 15.97386], [99.87219, 15.9735], [99.8705, 15.97389], [99.86881, 15.97365], [99.86444, 15.97168], [99.86462, 15.96962], [99.86405, 15.97001], [99.85892, 15.96627], [99.85405, 15.96218], [99.85355, 15.96257], [99.85294, 15.96256], [99.84847, 15.96062], [99.8459, 15.9589], [99.84547, 15.9593], [99.84455, 15.95914], [99.84374, 15.95757], [99.84442, 15.95564], [99.84361, 15.95496], [99.84416, 15.95119], [99.84466, 15.94985], [99.84087, 15.94856], [99.8398, 15.94623], [99.83652, 15.94458], [99.83605, 15.94293], [99.83669, 15.94129], [99.83654, 15.93893], [99.83557, 15.93619], [99.83374, 15.93477], [99.83225, 15.93262], [99.83063, 15.93133], [99.82958, 15.92902], [99.82821, 15.92831], [99.82685, 15.92693], [99.82285, 15.92528], [99.81478, 15.92292], [99.81395, 15.92239], [99.81259, 15.92066], [99.81156, 15.91835], [99.8124, 15.91863], [99.81563, 15.918], [99.81679, 15.91654], [99.81864, 15.9165], [99.81899, 15.91579], [99.82055, 15.91585], [99.82187, 15.91537], [99.82335, 15.91557], [99.82507, 15.91424], [99.82572, 15.91236], [99.82654, 15.91196], [99.8297, 15.91268], [99.83079, 15.91379], [99.83175, 15.91258], [99.83379, 15.91224], [99.83466, 15.91141], [99.83553, 15.91127], [99.83754, 15.91263], [99.83668, 15.91398], [99.83669, 15.91455], [99.83717, 15.91494], [99.83864, 15.91518], [99.8399, 15.91355], [99.84161, 15.91302], [99.84242, 15.91229], [99.84424, 15.91234], [99.84516, 15.91125], [99.84706, 15.91146], [99.84752, 15.91055], [99.84664, 15.90877], [99.84684, 15.9084], [99.84802, 15.90841], [99.84882, 15.90922], [99.84985, 15.9089], [99.85101, 15.90806], [99.85252, 15.90978], [99.8536, 15.90914], [99.85421, 15.90921], [99.85489, 15.90774], [99.85659, 15.90626], [99.85752, 15.90608], [99.85731, 15.90496], [99.85755, 15.90419], [99.85812, 15.90382], [99.85825, 15.90286], [99.85974, 15.90234], [99.86022, 15.90166], [99.86177, 15.90174], [99.86258, 15.90325], [99.86385, 15.90324], [99.86461, 15.90503], [99.86524, 15.90498], [99.86586, 15.90413], [99.86661, 15.90463], [99.86607, 15.90602], [99.86619, 15.90683], [99.86578, 15.90727], [99.8659, 15.90807], [99.86531, 15.90836], [99.86437, 15.90776], [99.86393, 15.90955], [99.86536, 15.91008], [99.86642, 15.90952], [99.86741, 15.90942], [99.86825, 15.90998], [99.86925, 15.90945], [99.87001, 15.9103], [99.87091, 15.90972], [99.87164, 15.90973], [99.87236, 15.91034], [99.87239, 15.91122], [99.87274, 15.9114], [99.87356, 15.91122], [99.87438, 15.90997], [99.8749, 15.90988], [99.87553, 15.91126], [99.87792, 15.91148], [99.87836, 15.91335], [99.8787, 15.91359], [99.87979, 15.91327], [99.88082, 15.91371], [99.88148, 15.91292], [99.88235, 15.91271], [99.88231, 15.91091], [99.8826, 15.91026], [99.88355, 15.91014], [99.88474, 15.90945], [99.88536, 15.91034], [99.88587, 15.91044], [99.88759, 15.90926], [99.88802, 15.90847], [99.88833, 15.90954], [99.88718, 15.91094], [99.88874, 15.9125], [99.89387, 15.91326], [99.89327, 15.91456], [99.89418, 15.91525], [99.8941, 15.92054], [99.89536, 15.92017], [99.89844, 15.92689], [99.89935, 15.92688], [99.89986, 15.92583], [99.90033, 15.92605], [99.90116, 15.92498], [99.90242, 15.92503], [99.90354, 15.92456], [99.90362, 15.92505], [99.90408, 15.92512], [99.90478, 15.92491], [99.90493, 15.92456], [99.90627, 15.92442], [99.9073, 15.92294], [99.90795, 15.92296], [99.90943, 15.92001], [99.91179, 15.91885], [99.91342, 15.91956], [99.91495, 15.91962], [99.91653, 15.91701], [99.91869, 15.91781], [99.92012, 15.91773], [99.92046, 15.91868], [99.92401, 15.91883], [99.9243, 15.91995], [99.92574, 15.91986], [99.92772, 15.92115], [99.92508, 15.92486], [99.92663, 15.92663], [99.92725, 15.92679], [99.92833, 15.92776], [99.92963, 15.92968], [99.93024, 15.92929], [99.93064, 15.9294], [99.93084, 15.92894], [99.93197, 15.92829], [99.93281, 15.92719], [99.93258, 15.92697], [99.933, 15.92658], [99.93283, 15.92612], [99.9339, 15.92482], [99.93442, 15.9251], [99.93552, 15.92435], [99.93817, 15.92792], [99.94518, 15.93505], [99.947, 15.9352], [99.95027, 15.93338], [99.95063, 15.93345], [99.95252, 15.93452], [99.95362, 15.93488], [99.95401, 15.93463], [99.95573, 15.93556], [99.95594, 15.93526], [99.95681, 15.93593], [99.95922, 15.9369], [99.96109, 15.93832], [99.95939, 15.94246], [99.95728, 15.94502], [99.95517, 15.94537], [99.94626, 15.94338], [99.9447, 15.94357], [99.94356, 15.94433], [99.93594, 15.95188], [99.93188, 15.95541], [99.92419, 15.9575]]]}}, {"type": "Feature", "properties": {"code": "TH600506", "name": "บางแก้ว", "name_en": "Bang Kaeo", "district": "บรรพตพิสัย", "district_en": "Banphot Phisai", "area_km2": 35.4}, "geometry": {"type": "Polygon", "coordinates": [[[99.8771, 16.03167], [99.87554, 16.03414], [99.87268, 16.03288], [99.87203, 16.03228], [99.8703, 16.03169], [99.86866, 16.03171], [99.86805, 16.03213], [99.86676, 16.03148], [99.86628, 16.03194], [99.8649, 16.03146], [99.85882, 16.03048], [99.85793, 16.03022], [99.85781, 16.02974], [99.85526, 16.02934], [99.85554, 16.02832], [99.85389, 16.02728], [99.84736, 16.02492], [99.8451, 16.02338], [99.84485, 16.02207], [99.84509, 16.02025], [99.84501, 16.01064], [99.84562, 16.01055], [99.84569, 16.00955], [99.84502, 16.00932], [99.84509, 16.00571], [99.84546, 16.00411], [99.84525, 16.00303], [99.84645, 16.00108], [99.84664, 15.99976], [99.84734, 15.99874], [99.8473, 15.99839], [99.84682, 15.99845], [99.84625, 15.9975], [99.84716, 15.99454], [99.84745, 15.98183], [99.83381, 15.96507], [99.83041, 15.96394], [99.82826, 15.96287], [99.82788, 15.96167], [99.82834, 15.95975], [99.82821, 15.9581], [99.8276, 15.95741], [99.82742, 15.95619], [99.82656, 15.95477], [99.82623, 15.9531], [99.82519, 15.95055], [99.82269, 15.94892], [99.81875, 15.94718], [99.8105, 15.94442], [99.8072, 15.9441], [99.80633, 15.93922], [99.80597, 15.93375], [99.8047, 15.93011], [99.80548, 15.92888], [99.80696, 15.92387], [99.8055, 15.92243], [99.80498, 15.9206], [99.80659, 15.91975], [99.80823, 15.91965], [99.8094, 15.91882], [99.81039, 15.91883], [99.81156, 15.91835], [99.81259, 15.92066], [99.81395, 15.92239], [99.81478, 15.92292], [99.82285, 15.92528], [99.8265, 15.92674], [99.82821, 15.92831], [99.82952, 15.92895], [99.83063, 15.93133], [99.83179, 15.93214], [99.83374, 15.93477], [99.83573, 15.93644], [99.83654, 15.93893], [99.83669, 15.94129], [99.83605, 15.94293], [99.83652, 15.94458], [99.8398, 15.94623], [99.84087, 15.94856], [99.84466, 15.94985], [99.84416, 15.95119], [99.84361, 15.95496], [99.84442, 15.95564], [99.84374, 15.95757], [99.84455, 15.95914], [99.84547, 15.9593], [99.8459, 15.9589], [99.84847, 15.96062], [99.85294, 15.96256], [99.85355, 15.96257], [99.85405, 15.96218], [99.85892, 15.96627], [99.86405, 15.97001], [99.86462, 15.96962], [99.86444, 15.97168], [99.86898, 15.97369], [99.8705, 15.97389], [99.87219, 15.9735], [99.87508, 15.97386], [99.87731, 15.9735], [99.87858, 15.97403], [99.88075, 15.97141], [99.88166, 15.97209], [99.88408, 15.97097], [99.88455, 15.97026], [99.88489, 15.96691], [99.88547, 15.96652], [99.88689, 15.96767], [99.88769, 15.96686], [99.88959, 15.9658], [99.89069, 15.96724], [99.89134, 15.96658], [99.89265, 15.96765], [99.89411, 15.96993], [99.89498, 15.96955], [99.896, 15.97118], [99.89745, 15.96982], [99.90074, 15.97157], [99.90048, 15.97207], [99.90211, 15.97418], [99.89802, 15.97596], [99.89224, 15.97745], [99.88978, 15.97845], [99.88693, 15.98089], [99.88282, 15.98271], [99.87408, 15.98764], [99.87128, 15.99072], [99.86798, 15.99681], [99.86676, 16.00142], [99.86667, 16.00287], [99.86715, 16.00575], [99.86807, 16.00777], [99.86897, 16.0089], [99.87462, 16.01376], [99.87552, 16.01506], [99.87586, 16.01647], [99.87603, 16.02265], [99.8777, 16.02783], [99.87772, 16.02915], [99.8771, 16.03167]]]}}, {"type": "Feature", "properties": {"code": "TH600507", "name": "ตาขีด", "name_en": "Ta Khit", "district": "บรรพตพิสัย", "district_en": "Banphot Phisai", "area_km2": 74.4}, "geometry": {"type": "Polygon", "coordinates": [[[99.95872, 16.06503], [99.95784, 16.06536], [99.95768, 16.06615], [99.95779, 16.07277], [99.95308, 16.08091], [99.94809, 16.07591], [99.94348, 16.07276], [99.94087, 16.07192], [99.94145, 16.06903], [99.9393, 16.06736], [99.93753, 16.06529], [99.93531, 16.06134], [99.93349, 16.06036], [99.93506, 16.05603], [99.93145, 16.05477], [99.93117, 16.05443], [99.93136, 16.0529], [99.9293, 16.05297], [99.92697, 16.05153], [99.92445, 16.05286], [99.92341, 16.05259], [99.92272, 16.05282], [99.92171, 16.05211], [99.9203, 16.05018], [99.91621, 16.04879], [99.91606, 16.04968], [99.91484, 16.04929], [99.91469, 16.04964], [99.91272, 16.04956], [99.91267, 16.04932], [99.91124, 16.04901], [99.91086, 16.05105], [99.91047, 16.05112], [99.9102, 16.05167], [99.90259, 16.04777], [99.90444, 16.04646], [99.90441, 16.04548], [99.90382, 16.04493], [99.89916, 16.04488], [99.89685, 16.04427], [99.89706, 16.0432], [99.89512, 16.04308], [99.89555, 16.04006], [99.8951, 16.04011], [99.89504, 16.03945], [99.89143, 16.03963], [99.89143, 16.03857], [99.88864, 16.03813], [99.8878, 16.03951], [99.88553, 16.03854], [99.88419, 16.03905], [99.88392, 16.03964], [99.87367, 16.03694], [99.8771, 16.03167], [99.87772, 16.02915], [99.8777, 16.02783], [99.87603, 16.02265], [99.87586, 16.01647], [99.87552, 16.01506], [99.87462, 16.01376], [99.87088, 16.01071], [99.86807, 16.00777], [99.86715, 16.00575], [99.86667, 16.00287], [99.86724, 15.99911], [99.86798, 15.99681], [99.87128, 15.99072], [99.87408, 15.98764], [99.88282, 15.98271], [99.88693, 15.98089], [99.88978, 15.97845], [99.89224, 15.97745], [99.89802, 15.97596], [99.90211, 15.97418], [99.90454, 15.97205], [99.90569, 15.97043], [99.90743, 15.96574], [99.90935, 15.9631], [99.91312, 15.95998], [99.91516, 15.95888], [99.91742, 15.95818], [99.92419, 15.9575], [99.92611, 15.96347], [99.93103, 15.96758], [99.93437, 15.9715], [99.94219, 15.9769], [99.93877, 15.97924], [99.94006, 15.98164], [99.94139, 15.983], [99.93975, 15.98602], [99.94108, 15.98786], [99.94029, 15.99128], [99.941, 15.99335], [99.94197, 15.99488], [99.94365, 15.99575], [99.94349, 15.99645], [99.94665, 15.99847], [99.94642, 16.00022], [99.94831, 16.00075], [99.94897, 16.00128], [99.94833, 16.00285], [99.95063, 16.00342], [99.9522, 16.00543], [99.95243, 16.00702], [99.9521, 16.00751], [99.95291, 16.00802], [99.95269, 16.00917], [99.95361, 16.00992], [99.95561, 16.01073], [99.95461, 16.0168], [99.9546, 16.02186], [99.95516, 16.02683], [99.95381, 16.03557], [99.94879, 16.04563], [99.95219, 16.04764], [99.9568, 16.04847], [99.95785, 16.04895], [99.95977, 16.05184], [99.95858, 16.05354], [99.95988, 16.0594], [99.964, 16.05934], [99.96249, 16.06336], [99.96244, 16.06536], [99.95872, 16.06503]]]}}, {"type": "Feature", "properties": {"code": "TH600508", "name": "ตาสัง", "name_en": "Ta Sang", "district": "บรรพตพิสัย", "district_en": "Banphot Phisai", "area_km2": 62.2}, "geometry": {"type": "Polygon", "coordinates": [[[100.00645, 16.01885], [100.004, 16.02157], [100.00172, 16.02209], [100.00018, 16.02273], [99.99977, 16.02321], [99.99997, 16.02465], [100.00153, 16.02444], [100.00183, 16.02484], [100.00145, 16.02592], [100.00126, 16.02949], [99.99897, 16.03185], [99.99995, 16.03329], [100.00024, 16.03463], [99.99975, 16.03475], [99.99871, 16.03392], [99.99764, 16.03414], [99.9971, 16.03732], [99.9967, 16.03769], [99.99457, 16.03797], [99.99387, 16.03674], [99.99295, 16.03643], [99.99093, 16.03657], [99.98984, 16.03708], [99.989, 16.03808], [99.98787, 16.04139], [99.98705, 16.04244], [99.98819, 16.04496], [99.98792, 16.04595], [99.98635, 16.04673], [99.98403, 16.04669], [99.98383, 16.04717], [99.9844, 16.04856], [99.98258, 16.04896], [99.98087, 16.04659], [99.97912, 16.04608], [99.97791, 16.04682], [99.97593, 16.05065], [99.97426, 16.05223], [99.97459, 16.05364], [99.97406, 16.05541], [99.9727, 16.05613], [99.97211, 16.05599], [99.97145, 16.05474], [99.97155, 16.05275], [99.97067, 16.05218], [99.97011, 16.05262], [99.96929, 16.05439], [99.96863, 16.05487], [99.96604, 16.05456], [99.96511, 16.05509], [99.96454, 16.05718], [99.96512, 16.05836], [99.96465, 16.0595], [99.96395, 16.05973], [99.964, 16.05934], [99.95988, 16.0594], [99.95858, 16.05354], [99.95977, 16.05184], [99.95792, 16.04902], [99.9568, 16.04847], [99.95219, 16.04764], [99.94879, 16.04563], [99.95381, 16.03557], [99.95516, 16.02683], [99.9546, 16.02186], [99.95461, 16.0168], [99.95561, 16.01073], [99.95361, 16.00992], [99.95269, 16.00917], [99.95291, 16.00802], [99.9521, 16.00751], [99.95243, 16.00702], [99.9522, 16.00543], [99.95063, 16.00342], [99.94833, 16.00285], [99.94897, 16.00128], [99.94831, 16.00075], [99.94642, 16.00022], [99.94665, 15.99847], [99.94349, 15.99645], [99.94365, 15.99575], [99.94197, 15.99488], [99.941, 15.99335], [99.94029, 15.99128], [99.94108, 15.98786], [99.93975, 15.98602], [99.94139, 15.983], [99.94006, 15.98164], [99.93877, 15.97924], [99.94219, 15.9769], [99.93437, 15.9715], [99.93103, 15.96758], [99.92611, 15.96347], [99.92419, 15.9575], [99.93188, 15.95541], [99.93594, 15.95188], [99.94356, 15.94433], [99.9447, 15.94357], [99.94626, 15.94338], [99.95517, 15.94537], [99.95728, 15.94502], [99.95939, 15.94246], [99.96174, 15.93642], [99.96323, 15.93355], [99.96458, 15.93147], [99.9662, 15.92983], [99.96719, 15.92943], [99.96921, 15.92948], [99.97326, 15.93164], [99.97466, 15.93296], [99.97562, 15.93443], [99.97226, 15.93583], [99.97133, 15.93722], [99.97234, 15.94197], [99.97313, 15.94278], [99.9748, 15.94332], [99.97483, 15.94363], [99.97501, 15.94644], [99.97363, 15.95238], [99.97381, 15.95278], [99.97287, 15.95313], [99.97291, 15.95358], [99.97982, 15.95711], [99.97928, 15.96134], [99.97776, 15.96394], [99.978, 15.96489], [99.97839, 15.96539], [99.98091, 15.96577], [99.98221, 15.96658], [99.9832, 15.96667], [99.98506, 15.96622], [99.98619, 15.96654], [99.98669, 15.96705], [99.98794, 15.96727], [99.98886, 15.96829], [99.98898, 15.9693], [99.99033, 15.97088], [99.99316, 15.97198], [99.99415, 15.97193], [99.99487, 15.97287], [99.99555, 15.97318], [99.99641, 15.97505], [99.99589, 15.97669], [99.99614, 15.97807], [99.99596, 15.97931], [99.99782, 15.97936], [99.99665, 15.98272], [99.999, 15.98374], [99.99807, 15.98512], [99.99874, 15.98563], [99.99785, 15.98738], [99.99961, 15.98882], [99.99844, 15.99151], [99.99944, 15.99249], [99.99874, 15.99618], [99.99925, 15.99809], [99.99824, 16.0002], [99.99604, 16.00092], [99.99486, 16.00261], [99.99612, 16.00589], [99.99487, 16.00798], [99.99532, 16.01039], [99.99485, 16.01304], [99.99303, 16.01542], [99.99501, 16.01617], [100.0053, 16.01778], [100.00645, 16.01885]]]}}, {"type": "Feature", "properties": {"code": "TH600509", "name": "ด่านช้าง", "name_en": "Dan Chang", "district": "บรรพตพิสัย", "district_en": "Banphot Phisai", "area_km2": 70.5}, "geometry": {"type": "Polygon", "coordinates": [[[100.00179, 16.12641], [100.00099, 16.13194], [99.9987, 16.13306], [99.9968, 16.13327], [99.99695, 16.12776], [99.99773, 16.12769], [99.99647, 16.12301], [99.99467, 16.12367], [99.99448, 16.12185], [99.98942, 16.12225], [99.98896, 16.12029], [99.98744, 16.12054], [99.98795, 16.11729], [99.98566, 16.11709], [99.98432, 16.11813], [99.98173, 16.11713], [99.98156, 16.11659], [99.97933, 16.1156], [99.97964, 16.1151], [99.97778, 16.11365], [99.97844, 16.11279], [99.97665, 16.11149], [99.9743, 16.11102], [99.97289, 16.11028], [99.9734, 16.10869], [99.97152, 16.10768], [99.9679, 16.10225], [99.96525, 16.10138], [99.96532, 16.09958], [99.96439, 16.09946], [99.96332, 16.09853], [99.96447, 16.09685], [99.96274, 16.09552], [99.9598, 16.09157], [99.95817, 16.09002], [99.95811, 16.0874], [99.95837, 16.08639], [99.95308, 16.08091], [99.95688, 16.0747], [99.95786, 16.07254], [99.9576, 16.06972], [99.95783, 16.06537], [99.95881, 16.06503], [99.96244, 16.06536], [99.96239, 16.06376], [99.96308, 16.06134], [99.96395, 16.05973], [99.96483, 16.05931], [99.96511, 16.0584], [99.96454, 16.05718], [99.96511, 16.05509], [99.96604, 16.05456], [99.96863, 16.05487], [99.96948, 16.05411], [99.97023, 16.05245], [99.97079, 16.05217], [99.97161, 16.05291], [99.97158, 16.05506], [99.97211, 16.05599], [99.9727, 16.05613], [99.97419, 16.05524], [99.97459, 16.05364], [99.97421, 16.05232], [99.97593, 16.05065], [99.97641, 16.04932], [99.97803, 16.04673], [99.97918, 16.04606], [99.98038, 16.04625], [99.98191, 16.04784], [99.98245, 16.04893], [99.98379, 16.04887], [99.98442, 16.04849], [99.98386, 16.04731], [99.98403, 16.04669], [99.98635, 16.04673], [99.98792, 16.04595], [99.98819, 16.04496], [99.98705, 16.04244], [99.98787, 16.04139], [99.989, 16.03808], [99.98984, 16.03708], [99.99093, 16.03657], [99.99295, 16.03643], [99.99387, 16.03674], [99.99457, 16.03797], [99.9967, 16.03769], [99.9971, 16.03732], [99.99764, 16.03414], [99.99871, 16.03392], [99.99975, 16.03475], [100.00024, 16.03463], [99.99995, 16.03329], [99.99897, 16.03185], [100.00126, 16.02949], [100.00145, 16.02592], [100.00183, 16.02484], [100.00153, 16.02444], [99.99997, 16.02465], [99.99977, 16.02321], [100.00018, 16.02273], [100.00172, 16.02209], [100.004, 16.02157], [100.00504, 16.02044], [100.00552, 16.02177], [100.0055, 16.0232], [100.00759, 16.02567], [100.00773, 16.02636], [100.00768, 16.02662], [100.00657, 16.02676], [100.00648, 16.02724], [100.00692, 16.02735], [100.00712, 16.03054], [100.00629, 16.03115], [100.00654, 16.0325], [100.00641, 16.03633], [100.01, 16.0368], [100.01157, 16.03654], [100.01383, 16.0351], [100.01333, 16.03852], [100.01359, 16.04116], [100.01638, 16.04104], [100.017, 16.04036], [100.01699, 16.03647], [100.01731, 16.03598], [100.01768, 16.0359], [100.02052, 16.03711], [100.02178, 16.03641], [100.02175, 16.03551], [100.02204, 16.03514], [100.0235, 16.03576], [100.02377, 16.03536], [100.02337, 16.034], [100.02355, 16.03346], [100.02608, 16.0335], [100.0274, 16.03173], [100.02922, 16.03157], [100.02985, 16.03099], [100.03131, 16.02821], [100.03349, 16.03145], [100.03317, 16.03243], [100.03412, 16.0337], [100.03352, 16.03495], [100.03652, 16.03642], [100.03761, 16.03797], [100.03951, 16.03973], [100.04097, 16.04059], [100.04174, 16.04189], [100.04413, 16.04229], [100.04391, 16.04544], [100.04615, 16.04637], [100.04664, 16.04904], [100.04759, 16.05026], [100.04782, 16.05362], [100.03793, 16.0559], [100.03771, 16.05824], [100.03637, 16.05808], [100.03639, 16.05975], [100.03322, 16.0608], [100.03446, 16.06434], [100.03195, 16.06534], [100.03302, 16.07065], [100.03145, 16.07116], [100.03265, 16.07535], [100.03441, 16.07557], [100.03509, 16.0846], [100.03571, 16.08469], [100.03834, 16.08876], [100.03688, 16.0903], [100.03979, 16.09277], [100.03649, 16.09438], [100.03765, 16.09847], [100.03704, 16.099], [100.03779, 16.10407], [100.03735, 16.10692], [100.03559, 16.1067], [100.034, 16.10711], [100.03101, 16.10605], [100.02862, 16.1065], [100.02761, 16.10735], [100.02776, 16.10833], [100.02704, 16.10845], [100.02702, 16.1092], [100.02582, 16.11026], [100.02774, 16.11358], [100.02831, 16.11557], [100.02733, 16.11645], [100.02709, 16.1177], [100.02507, 16.1192], [100.02467, 16.11994], [100.02246, 16.12087], [100.02203, 16.12228], [100.01925, 16.12196], [100.01724, 16.12317], [100.01514, 16.12392], [100.01028, 16.12446], [100.00601, 16.12587], [100.00179, 16.12641]]]}}, {"type": "Feature", "properties": {"code": "TH600510", "name": "หนองกรด", "name_en": "Nong Krot", "district": "บรรพตพิสัย", "district_en": "Banphot Phisai", "area_km2": 117.8}, "geometry": {"type": "Polygon", "coordinates": [[[100.1084, 16.07083], [100.10537, 16.07244], [100.10398, 16.07154], [100.10368, 16.0708], [100.10218, 16.07087], [100.10133, 16.07032], [100.10028, 16.07041], [100.09788, 16.06994], [100.09877, 16.06885], [100.09872, 16.06818], [100.09976, 16.06558], [100.10053, 16.06504], [100.10035, 16.06444], [100.09981, 16.06406], [100.10047, 16.06292], [100.10042, 16.06235], [100.10124, 16.06258], [100.10237, 16.06149], [100.10224, 16.05968], [100.10275, 16.0595], [100.10312, 16.05861], [100.10358, 16.05853], [100.10461, 16.05671], [100.10564, 16.05607], [100.10594, 16.05465], [100.10724, 16.05367], [100.10803, 16.05428], [100.10887, 16.05437], [100.1102, 16.05347], [100.11073, 16.0527], [100.1072, 16.0507], [100.10769, 16.04922], [100.10655, 16.04887], [100.1059, 16.04901], [100.10458, 16.04698], [100.10347, 16.04631], [100.1035, 16.04593], [100.10229, 16.04555], [100.10251, 16.04499], [100.09722, 16.04297], [100.09779, 16.04196], [100.09752, 16.04158], [100.09682, 16.04158], [100.0965, 16.04101], [100.09565, 16.04076], [100.0939, 16.04106], [100.09273, 16.04079], [100.09195, 16.04134], [100.09079, 16.04051], [100.09003, 16.04051], [100.08792, 16.04185], [100.08913, 16.04414], [100.08834, 16.04404], [100.0881, 16.04463], [100.08606, 16.04499], [100.08499, 16.04407], [100.08396, 16.04403], [100.08316, 16.04355], [100.08229, 16.04373], [100.081, 16.04338], [100.08041, 16.04394], [100.07884, 16.04361], [100.07769, 16.0441], [100.07798, 16.04222], [100.07691, 16.04212], [100.07737, 16.04166], [100.07662, 16.04145], [100.0758, 16.04212], [100.07501, 16.04401], [100.07399, 16.04501], [100.07451, 16.04677], [100.07257, 16.04719], [100.0706, 16.04842], [100.06909, 16.0486], [100.06799, 16.05008], [100.06619, 16.05078], [100.06482, 16.05233], [100.0638, 16.05245], [100.05992, 16.05063], [100.05821, 16.05125], [100.05673, 16.0508], [100.05565, 16.05169], [100.05464, 16.05175], [100.0529, 16.04962], [100.05177, 16.04892], [100.05049, 16.04862], [100.05021, 16.04772], [100.04901, 16.04705], [100.04925, 16.04613], [100.04907, 16.04484], [100.0481, 16.04502], [100.04661, 16.04471], [100.04526, 16.04242], [100.04177, 16.04191], [100.04097, 16.04059], [100.03951, 16.03973], [100.03761, 16.03797], [100.03652, 16.03642], [100.03352, 16.03495], [100.03412, 16.03362], [100.03317, 16.03243], [100.03349, 16.03145], [100.03131, 16.02821], [100.03203, 16.02652], [100.03218, 16.02484], [100.03084, 16.02272], [100.0312, 16.02173], [100.03134, 16.01953], [100.03229, 16.01758], [100.03226, 16.01629], [100.03462, 16.01433], [100.0353, 16.01173], [100.03703, 16.01071], [100.03755, 16.01001], [100.03774, 16.00906], [100.03712, 16.00796], [100.03727, 16.00708], [100.03795, 16.00615], [100.03574, 16.00325], [100.03811, 16.00347], [100.03821, 16.0028], [100.04034, 16.00275], [100.04074, 16.00232], [100.04083, 16.00108], [100.04182, 15.99857], [100.04335, 15.99898], [100.04374, 15.99733], [100.04583, 15.99369], [100.04615, 15.99031], [100.04515, 15.99006], [100.04549, 15.98833], [100.0449, 15.9863], [100.04573, 15.98561], [100.04766, 15.9849], [100.05038, 15.98331], [100.05198, 15.98121], [100.05221, 15.97849], [100.05341, 15.97816], [100.05421, 15.97715], [100.05428, 15.97686], [100.05228, 15.97516], [100.04993, 15.97513], [100.04964, 15.97424], [100.0512, 15.96935], [100.0542, 15.96434], [100.05563, 15.96428], [100.05802, 15.96299], [100.05839, 15.96191], [100.0595, 15.96064], [100.06178, 15.95933], [100.06119, 15.9587], [100.0616, 15.95782], [100.06368, 15.95699], [100.06418, 15.95649], [100.0654, 15.95641], [100.06582, 15.95587], [100.06717, 15.95612], [100.06957, 15.95453], [100.07078, 15.9552], [100.07132, 15.95506], [100.07328, 15.95355], [100.07491, 15.95092], [100.07632, 15.94968], [100.07693, 15.95001], [100.07915, 15.94986], [100.08386, 15.94867], [100.08494, 15.95183], [100.08817, 15.95487], [100.08773, 15.95622], [100.08799, 15.95713], [100.08765, 15.95846], [100.08975, 15.95943], [100.09078, 15.9556], [100.09151, 15.95449], [100.09224, 15.95498], [100.09426, 15.95349], [100.09552, 15.9532], [100.09592, 15.95353], [100.09664, 15.95267], [100.09657, 15.95197], [100.0955, 15.95016], [100.09601, 15.94952], [100.09644, 15.94952], [100.09709, 15.94891], [100.09932, 15.9491], [100.10085, 15.94839], [100.10178, 15.94843], [100.10307, 15.94722], [100.1073, 15.9454], [100.10872, 15.94542], [100.11044, 15.94636], [100.11205, 15.94534], [100.11311, 15.94396], [100.11315, 15.94196], [100.11415, 15.94107], [100.11494, 15.93964], [100.11445, 15.9378], [100.11649, 15.93371], [100.11807, 15.93158], [100.11903, 15.93182], [100.12066, 15.9314], [100.12377, 15.93259], [100.1271, 15.93436], [100.13144, 15.93577], [100.13453, 15.93779], [100.13481, 15.93929], [100.13465, 15.94044], [100.13318, 15.94369], [100.13359, 15.94689], [100.13442, 15.94952], [100.1303, 15.95386], [100.13201, 15.9545], [100.13261, 15.9543], [100.1331, 15.95453], [100.13309, 15.9557], [100.13349, 15.95634], [100.13605, 15.95864], [100.13677, 15.95799], [100.13874, 15.95808], [100.1403, 15.9576], [100.14086, 15.95808], [100.14355, 15.95901], [100.14616, 15.95776], [100.14848, 15.9561], [100.15013, 15.95321], [100.15407, 15.95481], [100.16067, 15.95917], [100.16012, 15.961], [100.16052, 15.96362], [100.16035, 15.9648], [100.16069, 15.96535], [100.15947, 15.96809], [100.16084, 15.96971], [100.16118, 15.97103], [100.16277, 15.97104], [100.16339, 15.97256], [100.16317, 15.97347], [100.16154, 15.97547], [100.16196, 15.97805], [100.16096, 15.97909], [100.16059, 15.98034], [100.15922, 15.98083], [100.15811, 15.98194], [100.15672, 15.98157], [100.15575, 15.98189], [100.15382, 15.98376], [100.1526, 15.9858], [100.15135, 15.9867], [100.1507, 15.9882], [100.15024, 15.98834], [100.14915, 15.98797], [100.14853, 15.98849], [100.14832, 15.98917], [100.1476, 15.98915], [100.14614, 15.99142], [100.14531, 15.99422], [100.14205, 15.99847], [100.14178, 15.9998], [100.14066, 16.00123], [100.14027, 16.00482], [100.13904, 16.0061], [100.13864, 16.00746], [100.13737, 16.00868], [100.13732, 16.00949], [100.13803, 16.01015], [100.13779, 16.01174], [100.13592, 16.01295], [100.135, 16.01311], [100.1351, 16.01428], [100.13442, 16.01573], [100.13368, 16.01607], [100.13306, 16.01698], [100.13195, 16.01736], [100.13111, 16.01807], [100.1309, 16.0201], [100.12981, 16.02163], [100.12998, 16.02316], [100.12871, 16.02428], [100.12808, 16.026], [100.12799, 16.02738], [100.12731, 16.02832], [100.12756, 16.02909], [100.1297, 16.02901], [100.1301, 16.0301], [100.13134, 16.03105], [100.13138, 16.03226], [100.13045, 16.03529], [100.12981, 16.03572], [100.12773, 16.03567], [100.12756, 16.0364], [100.12787, 16.03753], [100.12668, 16.0388], [100.12631, 16.03885], [100.12566, 16.03819], [100.12502, 16.03805], [100.1218, 16.03892], [100.12002, 16.04274], [100.11903, 16.04304], [100.11809, 16.04483], [100.11694, 16.04607], [100.11534, 16.04677], [100.11536, 16.04726], [100.11634, 16.0477], [100.11704, 16.04999], [100.11769, 16.05069], [100.11754, 16.05263], [100.11815, 16.05299], [100.11879, 16.054], [100.11772, 16.05723], [100.11826, 16.0589], [100.11729, 16.06002], [100.11625, 16.06068], [100.11694, 16.06139], [100.11675, 16.06252], [100.11617, 16.06346], [100.1156, 16.06358], [100.11473, 16.06321], [100.11396, 16.06376], [100.1137, 16.06461], [100.11401, 16.0656], [100.11271, 16.06657], [100.11247, 16.06826], [100.11169, 16.0695], [100.11095, 16.06929], [100.11027, 16.06968], [100.1094, 16.06913], [100.10894, 16.06938], [100.1084, 16.07083]]]}}, {"type": "Feature", "properties": {"code": "TH600511", "name": "หนองตางู", "name_en": "Nong Ta Ngu", "district": "บรรพตพิสัย", "district_en": "Banphot Phisai", "area_km2": 59.9}, "geometry": {"type": "Polygon", "coordinates": [[[100.02663, 16.189], [100.02604, 16.19102], [100.02509, 16.19126], [100.02467, 16.19106], [100.02448, 16.19035], [100.02341, 16.18903], [100.02235, 16.18905], [100.02194, 16.18825], [100.02311, 16.18189], [100.02404, 16.17874], [100.02418, 16.17542], [100.02162, 16.16247], [100.01895, 16.15818], [100.01824, 16.15569], [100.01627, 16.15453], [100.0159, 16.15282], [100.01674, 16.15269], [100.01672, 16.14888], [100.01478, 16.14912], [100.01462, 16.14802], [100.01092, 16.146], [100.00982, 16.14362], [100.00799, 16.14347], [100.00707, 16.14266], [100.00621, 16.14278], [100.00477, 16.13924], [100.00338, 16.13965], [100.00171, 16.13688], [99.99771, 16.13336], [99.99978, 16.13268], [100.00103, 16.13189], [100.00179, 16.12641], [100.00601, 16.12587], [100.01028, 16.12446], [100.01514, 16.12392], [100.01724, 16.12317], [100.01925, 16.12196], [100.02203, 16.12228], [100.02246, 16.12087], [100.02467, 16.11994], [100.02507, 16.1192], [100.02709, 16.1177], [100.02733, 16.11645], [100.02831, 16.11557], [100.02774, 16.11358], [100.02582, 16.11026], [100.02702, 16.1092], [100.02704, 16.10845], [100.02776, 16.10833], [100.02761, 16.10735], [100.0284, 16.10664], [100.03085, 16.10607], [100.034, 16.10711], [100.03559, 16.1067], [100.03752, 16.10696], [100.04033, 16.10998], [100.04281, 16.10887], [100.04341, 16.10807], [100.04547, 16.10664], [100.04734, 16.10721], [100.04879, 16.10706], [100.05179, 16.10787], [100.05423, 16.10702], [100.05484, 16.10723], [100.05488, 16.10792], [100.05526, 16.10808], [100.05675, 16.10712], [100.05839, 16.10726], [100.05949, 16.10638], [100.06171, 16.10761], [100.06299, 16.10676], [100.06426, 16.10669], [100.06486, 16.10761], [100.06638, 16.10809], [100.06654, 16.10861], [100.06613, 16.10987], [100.06716, 16.11001], [100.06767, 16.11122], [100.06994, 16.11237], [100.07166, 16.11552], [100.07242, 16.11556], [100.07358, 16.1145], [100.07558, 16.11473], [100.07691, 16.1139], [100.07638, 16.11229], [100.07596, 16.10865], [100.07513, 16.10614], [100.07352, 16.10632], [100.07334, 16.10448], [100.07361, 16.10043], [100.06958, 16.10056], [100.06994, 16.09857], [100.06932, 16.09542], [100.07363, 16.09362], [100.07722, 16.09269], [100.077, 16.09206], [100.07922, 16.09001], [100.08127, 16.08903], [100.08215, 16.08822], [100.08174, 16.08654], [100.07837, 16.08425], [100.07765, 16.082], [100.07887, 16.08002], [100.08173, 16.07815], [100.08182, 16.07745], [100.08141, 16.0768], [100.08214, 16.07656], [100.08224, 16.07592], [100.08363, 16.07507], [100.08401, 16.07449], [100.08394, 16.07337], [100.08472, 16.07202], [100.08429, 16.07117], [100.08475, 16.07033], [100.08521, 16.07008], [100.08548, 16.07038], [100.0868, 16.0702], [100.08766, 16.06974], [100.08854, 16.07077], [100.09067, 16.07098], [100.09192, 16.07047], [100.09282, 16.06916], [100.09435, 16.06934], [100.09499, 16.0686], [100.09622, 16.07017], [100.09788, 16.06994], [100.10028, 16.07041], [100.10133, 16.07032], [100.10218, 16.07087], [100.10345, 16.07073], [100.10408, 16.07164], [100.10539, 16.07244], [100.10836, 16.07087], [100.10909, 16.06926], [100.10959, 16.06912], [100.11027, 16.06968], [100.11095, 16.06929], [100.11165, 16.06954], [100.11284, 16.07092], [100.11222, 16.0721], [100.11243, 16.07339], [100.11182, 16.07384], [100.10958, 16.07417], [100.10873, 16.07542], [100.10858, 16.07625], [100.10928, 16.07721], [100.11059, 16.07785], [100.11116, 16.07919], [100.11341, 16.0795], [100.11338, 16.08012], [100.1126, 16.08107], [100.11044, 16.08179], [100.10847, 16.0837], [100.10643, 16.0845], [100.10099, 16.08918], [100.1006, 16.09003], [100.10051, 16.09335], [100.09965, 16.09455], [100.09829, 16.09487], [100.09693, 16.09427], [100.09598, 16.09442], [100.09559, 16.09682], [100.0941, 16.09812], [100.09276, 16.10206], [100.09356, 16.10307], [100.09456, 16.10559], [100.09512, 16.10583], [100.09404, 16.10779], [100.09488, 16.10942], [100.09465, 16.11075], [100.09308, 16.11149], [100.09187, 16.11288], [100.09089, 16.11305], [100.09091, 16.11368], [100.09051, 16.11424], [100.0881, 16.11455], [100.08704, 16.11408], [100.08571, 16.11471], [100.08463, 16.11626], [100.08404, 16.11619], [100.08309, 16.11759], [100.08088, 16.11913], [100.08019, 16.12132], [100.07896, 16.12226], [100.07754, 16.12412], [100.07688, 16.12443], [100.0773, 16.12544], [100.07663, 16.12638], [100.07851, 16.12715], [100.08025, 16.12887], [100.08044, 16.1303], [100.08013, 16.13138], [100.08064, 16.13135], [100.08082, 16.1317], [100.08047, 16.13293], [100.08159, 16.13337], [100.08155, 16.1339], [100.08225, 16.13413], [100.08226, 16.13461], [100.08285, 16.13522], [100.08226, 16.13628], [100.0834, 16.13661], [100.08324, 16.13749], [100.08434, 16.13811], [100.08495, 16.13971], [100.08555, 16.13934], [100.08595, 16.13976], [100.08603, 16.14023], [100.08551, 16.14073], [100.08629, 16.14149], [100.08513, 16.14251], [100.08514, 16.14352], [100.0856, 16.14409], [100.08515, 16.14471], [100.08562, 16.14551], [100.08532, 16.14609], [100.0845, 16.14553], [100.08361, 16.14604], [100.08091, 16.14573], [100.07892, 16.14604], [100.07835, 16.1457], [100.07793, 16.14599], [100.07787, 16.14681], [100.07709, 16.14689], [100.07672, 16.14726], [100.0766, 16.148], [100.07739, 16.1505], [100.07487, 16.15292], [100.07597, 16.15483], [100.07609, 16.15677], [100.07654, 16.15711], [100.07716, 16.15702], [100.07749, 16.15745], [100.07712, 16.15984], [100.07643, 16.16166], [100.07527, 16.1628], [100.07341, 16.16147], [100.07209, 16.16178], [100.07104, 16.16137], [100.06911, 16.16132], [100.06677, 16.16053], [100.06525, 16.16123], [100.0631, 16.15929], [100.06277, 16.15959], [100.06297, 16.16016], [100.06233, 16.1608], [100.06228, 16.16128], [100.06162, 16.16164], [100.06169, 16.16217], [100.06118, 16.16283], [100.06172, 16.16338], [100.06111, 16.16438], [100.06066, 16.16461], [100.0601, 16.16415], [100.05846, 16.16514], [100.05748, 16.16534], [100.05696, 16.16651], [100.05593, 16.16623], [100.05553, 16.16717], [100.0548, 16.16682], [100.05305, 16.16759], [100.05168, 16.16763], [100.05087, 16.1673], [100.05026, 16.1677], [100.04882, 16.16709], [100.04792, 16.16778], [100.04766, 16.16843], [100.04605, 16.16832], [100.04525, 16.16792], [100.04422, 16.16815], [100.04362, 16.16856], [100.04345, 16.16949], [100.0425, 16.16986], [100.04112, 16.1722], [100.03905, 16.17235], [100.03819, 16.17296], [100.03815, 16.17339], [100.03878, 16.17402], [100.03854, 16.17565], [100.03898, 16.17659], [100.03872, 16.17732], [100.03767, 16.17749], [100.03733, 16.17838], [100.03765, 16.17967], [100.03728, 16.18062], [100.03787, 16.1818], [100.03748, 16.1827], [100.03656, 16.18296], [100.03462, 16.18446], [100.03284, 16.18378], [100.03112, 16.1851], [100.02992, 16.18511], [100.02957, 16.18603], [100.02969, 16.18739], [100.02839, 16.18758], [100.02663, 16.189]]]}}, {"type": "Feature", "properties": {"code": "TH600512", "name": "บึงปลาทู", "name_en": "Bueng Pla Thu", "district": "บรรพตพิสัย", "district_en": "Banphot Phisai", "area_km2": 37.4}, "geometry": {"type": "Polygon", "coordinates": [[[100.09788, 16.06994], [100.09622, 16.07017], [100.09493, 16.0686], [100.09435, 16.06934], [100.09282, 16.06916], [100.09192, 16.07047], [100.09067, 16.07098], [100.08854, 16.07077], [100.08766, 16.06974], [100.08668, 16.07022], [100.08479, 16.07028], [100.08429, 16.07117], [100.08472, 16.07202], [100.08394, 16.07337], [100.08401, 16.07449], [100.08363, 16.07507], [100.08224, 16.07592], [100.08214, 16.07656], [100.08141, 16.0768], [100.08182, 16.07745], [100.08173, 16.07815], [100.07887, 16.08002], [100.07765, 16.082], [100.07837, 16.08425], [100.08174, 16.08654], [100.08215, 16.08822], [100.08127, 16.08903], [100.07922, 16.09001], [100.077, 16.09206], [100.07722, 16.09269], [100.07363, 16.09362], [100.06932, 16.09542], [100.06994, 16.09857], [100.06958, 16.10056], [100.07361, 16.10043], [100.07334, 16.10448], [100.07352, 16.10632], [100.07513, 16.10614], [100.07596, 16.10865], [100.07638, 16.11229], [100.07691, 16.1139], [100.07577, 16.11463], [100.07358, 16.1145], [100.07242, 16.11556], [100.07166, 16.11552], [100.06994, 16.11237], [100.06767, 16.11122], [100.06716, 16.11001], [100.06613, 16.10987], [100.06654, 16.10861], [100.06638, 16.10809], [100.06486, 16.10761], [100.06426, 16.10669], [100.06299, 16.10676], [100.06171, 16.10761], [100.05949, 16.10638], [100.05839, 16.10726], [100.05675, 16.10712], [100.05526, 16.10808], [100.05488, 16.10792], [100.05484, 16.10723], [100.05423, 16.10702], [100.05179, 16.10787], [100.04879, 16.10706], [100.04734, 16.10721], [100.04547, 16.10664], [100.04341, 16.10807], [100.04294, 16.10879], [100.04049, 16.10998], [100.03981, 16.10972], [100.03912, 16.10852], [100.03735, 16.10692], [100.03779, 16.10407], [100.03704, 16.099], [100.03765, 16.09847], [100.03649, 16.09438], [100.03979, 16.09277], [100.03688, 16.0903], [100.03834, 16.08876], [100.03571, 16.08469], [100.03509, 16.0846], [100.03441, 16.07557], [100.03265, 16.07535], [100.03145, 16.07116], [100.03302, 16.07065], [100.03195, 16.06534], [100.03446, 16.06434], [100.03322, 16.0608], [100.03639, 16.05975], [100.03637, 16.05808], [100.03771, 16.05824], [100.03793, 16.0559], [100.04194, 16.05514], [100.04582, 16.0539], [100.04781, 16.05366], [100.04759, 16.05026], [100.04664, 16.04904], [100.04615, 16.04637], [100.04391, 16.04544], [100.04413, 16.04229], [100.04542, 16.04252], [100.04661, 16.04471], [100.0481, 16.04502], [100.04913, 16.04489], [100.04901, 16.04705], [100.05021, 16.04772], [100.05049, 16.04862], [100.05177, 16.04892], [100.0529, 16.04962], [100.0545, 16.05169], [100.05565, 16.05169], [100.05673, 16.0508], [100.05821, 16.05125], [100.05992, 16.05063], [100.06076, 16.05087], [100.06182, 16.05171], [100.06418, 16.05248], [100.06498, 16.05221], [100.06619, 16.05078], [100.06799, 16.05008], [100.06909, 16.0486], [100.0706, 16.04842], [100.07257, 16.04719], [100.07451, 16.04677], [100.07399, 16.04501], [100.07489, 16.0442], [100.0758, 16.04212], [100.07642, 16.04151], [100.07737, 16.04166], [100.07685, 16.04192], [100.07698, 16.04215], [100.07795, 16.04217], [100.07769, 16.0441], [100.07884, 16.04361], [100.08041, 16.04394], [100.081, 16.04338], [100.08229, 16.04373], [100.08316, 16.04355], [100.08396, 16.04403], [100.08499, 16.04407], [100.08606, 16.04499], [100.0881, 16.04463], [100.08834, 16.04404], [100.08913, 16.04414], [100.08792, 16.04185], [100.0899, 16.04055], [100.09079, 16.04051], [100.09195, 16.04134], [100.09285, 16.04077], [100.0939, 16.04106], [100.09565, 16.04076], [100.0965, 16.04101], [100.0967, 16.04151], [100.09752, 16.04158], [100.09778, 16.04188], [100.09722, 16.04297], [100.10251, 16.04499], [100.10229, 16.04555], [100.1035, 16.04593], [100.10347, 16.04631], [100.10458, 16.04698], [100.1059, 16.04901], [100.10655, 16.04887], [100.10769, 16.04922], [100.1072, 16.0507], [100.11073, 16.0527], [100.1102, 16.05347], [100.10887, 16.05437], [100.10803, 16.05428], [100.10724, 16.05367], [100.10594, 16.05465], [100.10564, 16.05607], [100.10461, 16.05671], [100.10358, 16.05853], [100.10312, 16.05861], [100.10275, 16.0595], [100.10224, 16.05968], [100.10237, 16.06149], [100.10124, 16.06258], [100.10042, 16.06235], [100.10047, 16.06292], [100.09981, 16.06406], [100.10035, 16.06444], [100.10053, 16.06504], [100.09976, 16.06558], [100.09872, 16.06818], [100.09877, 16.06885], [100.09788, 16.06994]]]}}, {"type": "Feature", "properties": {"code": "TH600513", "name": "เจริญผล", "name_en": "Charoen Phon", "district": "บรรพตพิสัย", "district_en": "Banphot Phisai", "area_km2": 37.8}, "geometry": {"type": "Polygon", "coordinates": [[[100.03203, 16.02652], [100.02985, 16.03099], [100.02922, 16.03157], [100.0274, 16.03173], [100.02608, 16.0335], [100.02355, 16.03346], [100.02337, 16.034], [100.02377, 16.03536], [100.0235, 16.03576], [100.02204, 16.03514], [100.02175, 16.03551], [100.02178, 16.03641], [100.02052, 16.03711], [100.01768, 16.0359], [100.01731, 16.03598], [100.01699, 16.03647], [100.0169, 16.04056], [100.01634, 16.04105], [100.01359, 16.04116], [100.01333, 16.03852], [100.01383, 16.0351], [100.01188, 16.03648], [100.01, 16.0368], [100.00636, 16.03624], [100.00654, 16.0325], [100.00629, 16.03115], [100.00712, 16.03054], [100.00692, 16.02735], [100.00648, 16.02724], [100.00657, 16.02676], [100.00774, 16.02651], [100.00759, 16.02567], [100.00549, 16.02316], [100.00555, 16.02198], [100.00517, 16.02052], [100.00645, 16.01883], [100.00522, 16.01776], [99.99501, 16.01617], [99.99303, 16.01542], [99.99485, 16.01304], [99.99532, 16.01039], [99.99487, 16.00798], [99.99612, 16.00589], [99.99486, 16.00261], [99.99604, 16.00092], [99.99824, 16.0002], [99.99925, 15.99809], [99.99874, 15.99618], [99.99944, 15.99249], [99.99844, 15.99151], [99.99961, 15.98882], [99.99785, 15.98738], [99.99874, 15.98563], [99.99807, 15.98512], [99.999, 15.98374], [99.99665, 15.98272], [99.99782, 15.97936], [99.99596, 15.97931], [99.99614, 15.97807], [99.99589, 15.97669], [99.99641, 15.97505], [99.99555, 15.97318], [99.99487, 15.97287], [99.99415, 15.97193], [99.99316, 15.97198], [99.99033, 15.97088], [99.98898, 15.9693], [99.98886, 15.96829], [99.98794, 15.96727], [99.98669, 15.96705], [99.98619, 15.96654], [99.98506, 15.96622], [99.9832, 15.96667], [99.98221, 15.96658], [99.98091, 15.96577], [99.97839, 15.96539], [99.978, 15.96489], [99.97776, 15.96394], [99.97928, 15.96134], [99.97982, 15.95711], [99.97291, 15.95358], [99.97287, 15.95313], [99.97381, 15.95278], [99.97363, 15.95238], [99.97501, 15.94644], [99.9748, 15.94332], [99.97266, 15.94238], [99.972, 15.94085], [99.97133, 15.93722], [99.97226, 15.93583], [99.97562, 15.93443], [99.97755, 15.93679], [99.98003, 15.93829], [99.98276, 15.93848], [99.98489, 15.9376], [99.98548, 15.93989], [99.9853, 15.94073], [99.98587, 15.94143], [99.98577, 15.94244], [99.9865, 15.94336], [99.98762, 15.94377], [99.98885, 15.94347], [99.98972, 15.94397], [99.99119, 15.94372], [99.99463, 15.94692], [99.99543, 15.9468], [99.99665, 15.94712], [99.99714, 15.94757], [99.99835, 15.94742], [99.99957, 15.94876], [100.00044, 15.94907], [100.0014, 15.95112], [100.00319, 15.95298], [100.00989, 15.95613], [100.01109, 15.9545], [100.01482, 15.95701], [100.01575, 15.95584], [100.01767, 15.95598], [100.02024, 15.95561], [100.02167, 15.95649], [100.02318, 15.95599], [100.02412, 15.95497], [100.02501, 15.95579], [100.02477, 15.95782], [100.0268, 15.96067], [100.03013, 15.96351], [100.03456, 15.96642], [100.03399, 15.96833], [100.0333, 15.96929], [100.03452, 15.97046], [100.03296, 15.97269], [100.03097, 15.97771], [100.03046, 15.98156], [100.02935, 15.9841], [100.02915, 15.98578], [100.02755, 15.98694], [100.02865, 15.99048], [100.02687, 15.99109], [100.02707, 15.99286], [100.02668, 15.99352], [100.02683, 15.99613], [100.02753, 15.99617], [100.02788, 15.99817], [100.02929, 16.00076], [100.03569, 16.0032], [100.03796, 16.00619], [100.03727, 16.00708], [100.03712, 16.00796], [100.03774, 16.00906], [100.03752, 16.01007], [100.03703, 16.01071], [100.0353, 16.01173], [100.03462, 16.01433], [100.03277, 16.01566], [100.03218, 16.01649], [100.03229, 16.01758], [100.03134, 16.01953], [100.0312, 16.02173], [100.03084, 16.02272], [100.03218, 16.02484], [100.03203, 16.02652]]]}}, {"type": "Feature", "properties": {"code": "TH600601", "name": "มหาโพธิ", "name_en": "Maha Phot", "district": "เก้าเลี้ยว", "district_en": "Kao Liao", "area_km2": 13.6}, "geometry": {"type": "Polygon", "coordinates": [[[100.11339, 15.84222], [100.11117, 15.84317], [100.10994, 15.84321], [100.10893, 15.84294], [100.10843, 15.84232], [100.10733, 15.84176], [100.09835, 15.8406], [100.09179, 15.83812], [100.09111, 15.83821], [100.08882, 15.83573], [100.08745, 15.83514], [100.08451, 15.83485], [100.08245, 15.83627], [100.08156, 15.83581], [100.0788, 15.83578], [100.07781, 15.83493], [100.07563, 15.83507], [100.07283, 15.83457], [100.07688, 15.8243], [100.07721, 15.82063], [100.08095, 15.8079], [100.08626, 15.80978], [100.08736, 15.80972], [100.08781, 15.81029], [100.08979, 15.81006], [100.09179, 15.8105], [100.09347, 15.81017], [100.09901, 15.81094], [100.10075, 15.81153], [100.10175, 15.81331], [100.10259, 15.81299], [100.10558, 15.81316], [100.11132, 15.81532], [100.11381, 15.81537], [100.11778, 15.81649], [100.12147, 15.81654], [100.11815, 15.83847], [100.11632, 15.83815], [100.11501, 15.83842], [100.11402, 15.8391], [100.11362, 15.83967], [100.11339, 15.84222]]]}}, {"type": "Feature", "properties": {"code": "TH600602", "name": "เก้าเลี้ยว", "name_en": "Kao Liao", "district": "เก้าเลี้ยว", "district_en": "Kao Liao", "area_km2": 13.1}, "geometry": {"type": "Polygon", "coordinates": [[[100.0952, 15.86228], [100.08453, 15.86153], [100.08147, 15.86037], [100.07858, 15.86444], [100.07835, 15.8653], [100.07884, 15.86577], [100.07804, 15.86774], [100.07699, 15.86887], [100.07622, 15.86899], [100.0706, 15.86567], [100.07206, 15.86174], [100.06455, 15.86054], [100.0647, 15.85942], [100.06416, 15.85935], [100.06351, 15.85748], [100.06229, 15.85751], [100.06358, 15.85608], [100.06075, 15.85329], [100.05996, 15.851], [100.05888, 15.84974], [100.05871, 15.8486], [100.0579, 15.84814], [100.05617, 15.84577], [100.05801, 15.84531], [100.05987, 15.8453], [100.06624, 15.84707], [100.06786, 15.84691], [100.06969, 15.84541], [100.07025, 15.84434], [100.07092, 15.84006], [100.07283, 15.83457], [100.07563, 15.83507], [100.07781, 15.83493], [100.0788, 15.83578], [100.08156, 15.83581], [100.08245, 15.83627], [100.08451, 15.83485], [100.08745, 15.83514], [100.08882, 15.83573], [100.09111, 15.83821], [100.09179, 15.83812], [100.09835, 15.8406], [100.10733, 15.84176], [100.10843, 15.84232], [100.10893, 15.84294], [100.10994, 15.84321], [100.11117, 15.84317], [100.11339, 15.84222], [100.11337, 15.84345], [100.11231, 15.84448], [100.10876, 15.84663], [100.10777, 15.84666], [100.10627, 15.84616], [100.10597, 15.84746], [100.10467, 15.84794], [100.1052, 15.85414], [100.10606, 15.85462], [100.10594, 15.85653], [100.1064, 15.8585], [100.10631, 15.85975], [100.10709, 15.86289], [100.10699, 15.86703], [100.10223, 15.8659], [100.0991, 15.86482], [100.09732, 15.86401], [100.0952, 15.86228]]]}}, {"type": "Feature", "properties": {"code": "TH600603", "name": "หนองเต่า", "name_en": "Nong Tao", "district": "เก้าเลี้ยว", "district_en": "Kao Liao", "area_km2": 98.6}, "geometry": {"type": "Polygon", "coordinates": [[[100.16539, 15.95837], [100.16397, 15.95925], [100.16321, 15.96016], [100.16165, 15.95884], [100.16067, 15.95919], [100.15407, 15.95481], [100.15027, 15.95321], [100.14954, 15.95392], [100.14939, 15.95486], [100.14848, 15.9561], [100.14616, 15.95776], [100.14364, 15.95899], [100.14086, 15.95808], [100.1403, 15.9576], [100.13874, 15.95808], [100.13677, 15.95799], [100.13614, 15.95863], [100.13589, 15.95853], [100.13349, 15.95634], [100.13309, 15.9557], [100.1331, 15.95453], [100.13261, 15.9543], [100.13201, 15.9545], [100.1303, 15.95386], [100.13442, 15.94952], [100.13359, 15.94689], [100.13318, 15.94369], [100.13465, 15.94044], [100.13481, 15.93929], [100.13453, 15.93779], [100.13144, 15.93577], [100.1271, 15.93436], [100.12377, 15.93259], [100.12066, 15.9314], [100.11903, 15.93182], [100.11807, 15.93158], [100.11895, 15.929], [100.1213, 15.92784], [100.12038, 15.9276], [100.1204, 15.92698], [100.11572, 15.92265], [100.11634, 15.92215], [100.11547, 15.9216], [100.11393, 15.91976], [100.11419, 15.91818], [100.11389, 15.91727], [100.1143, 15.91595], [100.11396, 15.91534], [100.11422, 15.91439], [100.11379, 15.91374], [100.11436, 15.91109], [100.11401, 15.91067], [100.11476, 15.90905], [100.11582, 15.90781], [100.11603, 15.9066], [100.11728, 15.9042], [100.11688, 15.90119], [100.11718, 15.90075], [100.11649, 15.89916], [100.1166, 15.89737], [100.11165, 15.89533], [100.10987, 15.89402], [100.10946, 15.89304], [100.10893, 15.88942], [100.10699, 15.8882], [100.10746, 15.887], [100.10746, 15.88588], [100.10825, 15.8847], [100.10653, 15.88414], [100.10548, 15.88243], [100.10504, 15.8797], [100.10573, 15.87877], [100.10582, 15.87722], [100.10762, 15.87537], [100.10925, 15.8746], [100.10974, 15.8726], [100.11136, 15.87269], [100.11248, 15.8689], [100.10699, 15.86703], [100.10709, 15.86289], [100.10631, 15.85975], [100.1064, 15.8585], [100.10594, 15.85653], [100.10606, 15.85462], [100.1052, 15.85414], [100.10464, 15.84812], [100.1048, 15.84774], [100.10597, 15.84746], [100.10627, 15.84616], [100.10777, 15.84666], [100.10876, 15.84663], [100.11327, 15.8436], [100.11362, 15.83967], [100.11402, 15.8391], [100.11501, 15.83842], [100.11632, 15.83815], [100.11815, 15.83847], [100.12147, 15.81654], [100.12369, 15.81675], [100.12384, 15.81499], [100.12538, 15.81484], [100.12539, 15.8144], [100.12646, 15.81407], [100.12589, 15.81985], [100.12681, 15.81926], [100.13307, 15.81913], [100.13449, 15.81848], [100.13578, 15.81724], [100.1381, 15.81714], [100.14211, 15.81606], [100.14517, 15.81607], [100.14824, 15.81528], [100.15071, 15.81588], [100.15083, 15.81537], [100.15114, 15.81543], [100.15224, 15.81444], [100.1523, 15.81341], [100.15402, 15.81303], [100.15453, 15.81248], [100.15651, 15.813], [100.15805, 15.81265], [100.15966, 15.81168], [100.16071, 15.81244], [100.16067, 15.81288], [100.16118, 15.8134], [100.16361, 15.81291], [100.16402, 15.81314], [100.16452, 15.81273], [100.1653, 15.81328], [100.16563, 15.8124], [100.16625, 15.81223], [100.16717, 15.81258], [100.16762, 15.81213], [100.16855, 15.81229], [100.16871, 15.8116], [100.16982, 15.81019], [100.17133, 15.81292], [100.17204, 15.81497], [100.17283, 15.81607], [100.17273, 15.81826], [100.1728, 15.81868], [100.17321, 15.81874], [100.17304, 15.81919], [100.17466, 15.8202], [100.17626, 15.81938], [100.1769, 15.82034], [100.17659, 15.82165], [100.17543, 15.82149], [100.17496, 15.82212], [100.17524, 15.8236], [100.17645, 15.82448], [100.17652, 15.8253], [100.17693, 15.82559], [100.17678, 15.8269], [100.17766, 15.82826], [100.17786, 15.83046], [100.17862, 15.83103], [100.18258, 15.83143], [100.18303, 15.83186], [100.18287, 15.83238], [100.18141, 15.83297], [100.18078, 15.83371], [100.18092, 15.83444], [100.18201, 15.83475], [100.18206, 15.83545], [100.17983, 15.83559], [100.17952, 15.83603], [100.1796, 15.83683], [100.18112, 15.83756], [100.18125, 15.8386], [100.18252, 15.83943], [100.18363, 15.83908], [100.18366, 15.83843], [100.18315, 15.83772], [100.18368, 15.83687], [100.18452, 15.83699], [100.18493, 15.83771], [100.18502, 15.83848], [100.1842, 15.84216], [100.1843, 15.84357], [100.18673, 15.84651], [100.18657, 15.84706], [100.1854, 15.84745], [100.18476, 15.8481], [100.18447, 15.84969], [100.18485, 15.85022], [100.18587, 15.85065], [100.18685, 15.852], [100.18799, 15.85293], [100.18817, 15.85349], [100.18765, 15.85427], [100.17777, 15.85478], [100.17763, 15.85906], [100.17442, 15.85909], [100.17405, 15.86361], [100.17704, 15.86457], [100.17731, 15.86403], [100.18051, 15.86331], [100.18374, 15.86802], [100.18165, 15.87025], [100.1804, 15.8695], [100.17672, 15.87032], [100.17658, 15.87124], [100.17816, 15.8718], [100.17816, 15.87259], [100.17749, 15.87289], [100.17586, 15.87239], [100.17504, 15.87247], [100.1748, 15.87439], [100.17522, 15.87583], [100.17492, 15.87668], [100.17408, 15.87707], [100.17239, 15.8771], [100.17173, 15.87874], [100.17039, 15.87959], [100.16992, 15.88032], [100.17004, 15.88124], [100.17048, 15.88152], [100.17222, 15.88054], [100.17344, 15.88095], [100.17347, 15.88268], [100.17189, 15.88418], [100.17454, 15.88628], [100.17116, 15.89595], [100.17098, 15.89814], [100.17204, 15.90173], [100.17146, 15.90397], [100.17049, 15.90503], [100.1711, 15.90689], [100.17025, 15.90928], [100.17045, 15.91175], [100.1699, 15.91545], [100.16889, 15.91809], [100.1691, 15.91941], [100.17017, 15.91986], [100.17011, 15.92096], [100.17043, 15.92167], [100.17006, 15.9226], [100.17101, 15.92296], [100.1712, 15.92375], [100.17268, 15.92483], [100.17286, 15.92542], [100.17254, 15.92622], [100.17181, 15.92642], [100.17184, 15.92728], [100.17066, 15.92854], [100.16972, 15.92883], [100.16853, 15.93158], [100.16976, 15.93166], [100.17017, 15.93226], [100.17122, 15.93192], [100.17229, 15.93202], [100.17295, 15.93278], [100.1743, 15.93265], [100.17512, 15.93332], [100.17484, 15.93544], [100.17395, 15.93583], [100.17305, 15.93727], [100.17294, 15.93887], [100.17353, 15.93889], [100.17379, 15.94107], [100.17452, 15.94146], [100.17395, 15.94283], [100.17264, 15.94386], [100.17155, 15.94619], [100.17079, 15.94844], [100.17082, 15.94945], [100.17036, 15.94998], [100.17086, 15.95121], [100.16849, 15.95318], [100.16852, 15.95629], [100.16812, 15.9575], [100.16539, 15.95837]]]}}, {"type": "Feature", "properties": {"code": "TH600604", "name": "เขาดิน", "name_en": "Khao Din", "district": "เก้าเลี้ยว", "district_en": "Kao Liao", "area_km2": 36.7}, "geometry": {"type": "Polygon", "coordinates": [[[100.05617, 15.84577], [100.05439, 15.84696], [100.05286, 15.84867], [100.0524, 15.85018], [100.05269, 15.85353], [100.05396, 15.85916], [100.05783, 15.86571], [100.05977, 15.87023], [100.05984, 15.87115], [100.05932, 15.87251], [100.05521, 15.8754], [100.05273, 15.87905], [100.05036, 15.8778], [100.04858, 15.87745], [100.04657, 15.87562], [100.04325, 15.87173], [100.04387, 15.87114], [100.04353, 15.86917], [100.04061, 15.86903], [100.03948, 15.87018], [100.03598, 15.86826], [100.03499, 15.86907], [100.03226, 15.86608], [100.03082, 15.86539], [100.0285, 15.86548], [100.02793, 15.86532], [100.02774, 15.86462], [100.02602, 15.86449], [100.02573, 15.86517], [100.0241, 15.86469], [100.02368, 15.86595], [100.01977, 15.86537], [100.01531, 15.86261], [100.01247, 15.86178], [100.01264, 15.86118], [100.01424, 15.85999], [100.01432, 15.8579], [100.01361, 15.8581], [100.01146, 15.85776], [100.00983, 15.85691], [100.00593, 15.85608], [100.0056, 15.85507], [100.00394, 15.85511], [100.0038, 15.8544], [100.00435, 15.85141], [100.00464, 15.85111], [100.00286, 15.84927], [99.99983, 15.84714], [99.9946, 15.84686], [99.99321, 15.84637], [99.99423, 15.84539], [99.99556, 15.84252], [99.99639, 15.84179], [99.9972, 15.84167], [99.99726, 15.84087], [99.9979, 15.83976], [100.00093, 15.83895], [100.00256, 15.83742], [100.00294, 15.83573], [100.00221, 15.83511], [100.00223, 15.83463], [100.0037, 15.83256], [100.00487, 15.83221], [100.00538, 15.83087], [100.00641, 15.83092], [100.0073, 15.83194], [100.00802, 15.8321], [100.01103, 15.83041], [100.01751, 15.82227], [100.02117, 15.81831], [100.02449, 15.82038], [100.02608, 15.82033], [100.02852, 15.81815], [100.02892, 15.81537], [100.03243, 15.81622], [100.04028, 15.81643], [100.0414, 15.81601], [100.04736, 15.81693], [100.0485, 15.81654], [100.05202, 15.81618], [100.05226, 15.81503], [100.05346, 15.81453], [100.05444, 15.81365], [100.05489, 15.8126], [100.05463, 15.81201], [100.05554, 15.81172], [100.06631, 15.81314], [100.07136, 15.81445], [100.07891, 15.81557], [100.07721, 15.82063], [100.07688, 15.8243], [100.07172, 15.83741], [100.07092, 15.84006], [100.0704, 15.8438], [100.06969, 15.84541], [100.06786, 15.84691], [100.06723, 15.84707], [100.06624, 15.84707], [100.05987, 15.8453], [100.05801, 15.84531], [100.05617, 15.84577]]]}}, {"type": "Feature", "properties": {"code": "TH600605", "name": "หัวดง", "name_en": "Hua Dong", "district": "เก้าเลี้ยว", "district_en": "Kao Liao", "area_km2": 59.1}, "geometry": {"type": "Polygon", "coordinates": [[[100.11807, 15.93158], [100.11636, 15.93393], [100.11467, 15.9372], [100.11443, 15.93809], [100.11494, 15.93964], [100.11415, 15.94107], [100.11315, 15.94196], [100.11311, 15.94396], [100.11205, 15.94534], [100.11044, 15.94636], [100.10872, 15.94542], [100.1073, 15.9454], [100.10307, 15.94722], [100.10178, 15.94843], [100.10085, 15.94839], [100.09932, 15.9491], [100.09709, 15.94891], [100.09644, 15.94952], [100.09601, 15.94952], [100.0955, 15.95016], [100.09657, 15.95197], [100.09664, 15.95267], [100.09592, 15.95353], [100.09552, 15.9532], [100.09426, 15.95349], [100.09224, 15.95498], [100.09151, 15.95449], [100.09078, 15.9556], [100.08975, 15.95943], [100.08765, 15.95846], [100.08799, 15.95713], [100.08773, 15.95622], [100.08817, 15.95487], [100.08494, 15.95183], [100.08386, 15.94867], [100.08443, 15.9474], [100.08629, 15.94607], [100.08662, 15.94484], [100.08536, 15.94428], [100.08301, 15.94128], [100.08136, 15.94042], [100.08022, 15.9403], [100.07814, 15.93911], [100.07767, 15.93871], [100.07749, 15.93746], [100.07586, 15.93692], [100.07543, 15.93498], [100.07652, 15.93313], [100.07705, 15.93282], [100.07596, 15.93139], [100.07553, 15.92991], [100.07477, 15.92928], [100.07075, 15.9275], [100.06962, 15.92628], [100.06608, 15.92479], [100.06372, 15.92453], [100.06294, 15.9248], [100.06229, 15.92597], [100.06018, 15.92717], [100.05946, 15.92882], [100.05878, 15.92972], [100.05814, 15.92994], [100.05632, 15.92866], [100.05559, 15.92491], [100.05382, 15.92236], [100.05382, 15.92137], [100.05097, 15.92047], [100.04851, 15.9191], [100.04828, 15.91727], [100.0493, 15.91524], [100.04646, 15.91472], [100.04411, 15.91308], [100.04126, 15.90179], [100.03887, 15.8968], [100.03579, 15.8972], [100.03482, 15.8955], [100.03373, 15.89502], [100.0422, 15.89145], [100.04795, 15.88579], [100.05521, 15.8754], [100.05932, 15.87251], [100.05976, 15.87182], [100.05977, 15.87023], [100.05783, 15.86571], [100.05475, 15.86068], [100.05343, 15.8574], [100.05241, 15.85011], [100.05286, 15.84867], [100.05439, 15.84696], [100.05617, 15.84577], [100.0579, 15.84814], [100.05871, 15.8486], [100.05888, 15.84974], [100.05996, 15.851], [100.06075, 15.85329], [100.06358, 15.85608], [100.06229, 15.85751], [100.06351, 15.85748], [100.06416, 15.85935], [100.0647, 15.85942], [100.06455, 15.86054], [100.07206, 15.86174], [100.0706, 15.86567], [100.07622, 15.86899], [100.07699, 15.86887], [100.07804, 15.86774], [100.07884, 15.86577], [100.07835, 15.8653], [100.07858, 15.86444], [100.08147, 15.86037], [100.08453, 15.86153], [100.0952, 15.86228], [100.09732, 15.86401], [100.0991, 15.86482], [100.11036, 15.86803], [100.11248, 15.8689], [100.11136, 15.87269], [100.10974, 15.8726], [100.10925, 15.8746], [100.10762, 15.87537], [100.10582, 15.87722], [100.10573, 15.87877], [100.10503, 15.87992], [100.1055, 15.88251], [100.10643, 15.88401], [100.10827, 15.88474], [100.10746, 15.88588], [100.10746, 15.887], [100.10699, 15.8882], [100.10893, 15.88942], [100.10946, 15.89304], [100.10987, 15.89402], [100.11165, 15.89533], [100.1166, 15.89737], [100.11644, 15.8988], [100.11718, 15.90075], [100.11689, 15.90114], [100.11694, 15.90226], [100.11735, 15.90393], [100.11603, 15.9066], [100.11582, 15.90781], [100.11405, 15.91045], [100.11436, 15.91109], [100.11379, 15.91374], [100.11422, 15.91439], [100.11396, 15.91534], [100.1143, 15.91595], [100.11389, 15.91727], [100.11419, 15.91818], [100.11393, 15.91976], [100.11547, 15.9216], [100.11634, 15.92215], [100.11572, 15.92265], [100.1204, 15.92698], [100.12038, 15.9276], [100.1213, 15.92784], [100.11895, 15.929], [100.11807, 15.93158]]]}}, {"type": "Feature", "properties": {"code": "TH600701", "name": "ตาคลี", "name_en": "Takhli", "district": "ตาคลี", "district_en": "Takhli", "area_km2": 194.5}, "geometry": {"type": "Polygon", "coordinates": [[[100.38541, 15.34862], [100.38508, 15.34932], [100.38484, 15.34903], [100.38442, 15.34922], [100.38421, 15.34889], [100.38354, 15.34891], [100.38289, 15.34928], [100.38237, 15.34897], [100.3824, 15.34833], [100.38198, 15.34858], [100.38168, 15.3481], [100.38091, 15.34863], [100.37988, 15.34719], [100.3772, 15.34684], [100.37665, 15.34652], [100.37679, 15.3459], [100.37627, 15.34588], [100.37619, 15.34543], [100.37545, 15.34575], [100.37382, 15.34496], [100.37351, 15.34536], [100.37323, 15.34512], [100.37235, 15.34522], [100.37098, 15.34625], [100.36901, 15.34563], [100.36846, 15.34596], [100.3664, 15.34475], [100.36663, 15.34406], [100.36613, 15.34373], [100.36563, 15.34384], [100.36509, 15.34312], [100.36424, 15.34314], [100.36409, 15.34345], [100.36339, 15.34319], [100.36287, 15.34265], [100.36283, 15.34191], [100.36229, 15.34166], [100.36303, 15.34089], [100.36228, 15.34006], [100.36269, 15.3384], [100.36208, 15.3382], [100.3615, 15.33858], [100.36103, 15.33697], [100.36132, 15.33669], [100.36072, 15.3363], [100.36035, 15.33661], [100.35814, 15.3364], [100.35842, 15.33577], [100.35783, 15.33575], [100.35745, 15.33526], [100.35626, 15.33487], [100.35609, 15.33352], [100.35217, 15.33251], [100.35017, 15.33244], [100.34865, 15.33166], [100.34829, 15.32771], [100.34743, 15.32562], [100.34555, 15.3189], [100.34317, 15.31894], [100.34192, 15.31823], [100.33116, 15.31799], [100.32712, 15.31669], [100.32453, 15.31641], [100.31942, 15.31375], [100.31734, 15.31229], [100.31649, 15.31395], [100.31268, 15.31278], [100.31019, 15.31446], [100.30949, 15.31565], [100.3075, 15.31687], [100.30258, 15.31681], [100.29515, 15.31767], [100.29119, 15.31742], [100.28533, 15.32005], [100.28236, 15.32026], [100.28095, 15.32099], [100.27899, 15.32374], [100.27887, 15.32443], [100.27967, 15.32554], [100.27824, 15.32693], [100.2767, 15.32758], [100.2733, 15.32819], [100.26857, 15.32545], [100.26409, 15.32562], [100.26435, 15.32391], [100.26507, 15.3231], [100.26459, 15.32116], [100.265, 15.31871], [100.26469, 15.31766], [100.2631, 15.31657], [100.26342, 15.31492], [100.26286, 15.31331], [100.26195, 15.31338], [100.26022, 15.31225], [100.25938, 15.31204], [100.2587, 15.31154], [100.25858, 15.31084], [100.25788, 15.31003], [100.25701, 15.31046], [100.25468, 15.30894], [100.2548, 15.30824], [100.25438, 15.30773], [100.25283, 15.30708], [100.25225, 15.30581], [100.2515, 15.30579], [100.25078, 15.30269], [100.25127, 15.30188], [100.25117, 15.30113], [100.25221, 15.30097], [100.25219, 15.30058], [100.25266, 15.30041], [100.25258, 15.29965], [100.25433, 15.29886], [100.25512, 15.29734], [100.25487, 15.29582], [100.2551, 15.2949], [100.25443, 15.29385], [100.25465, 15.29281], [100.25365, 15.29131], [100.2539, 15.29105], [100.25653, 15.29147], [100.25788, 15.29121], [100.25799, 15.29077], [100.25951, 15.28958], [100.26298, 15.28728], [100.26235, 15.28412], [100.26302, 15.28332], [100.26278, 15.28261], [100.26299, 15.28172], [100.26231, 15.27953], [100.26607, 15.27876], [100.26668, 15.27778], [100.26704, 15.27612], [100.26636, 15.2743], [100.26629, 15.27076], [100.26526, 15.27053], [100.2649, 15.26948], [100.26503, 15.26841], [100.26768, 15.26817], [100.26886, 15.26763], [100.2688, 15.25377], [100.27851, 15.24978], [100.27815, 15.24605], [100.27667, 15.246], [100.27598, 15.24191], [100.27952, 15.24456], [100.29425, 15.23849], [100.29578, 15.242], [100.32161, 15.23168], [100.33867, 15.2245], [100.35603, 15.20688], [100.35233, 15.20319], [100.35151, 15.20108], [100.35162, 15.19972], [100.35474, 15.19191], [100.36959, 15.1796], [100.37193, 15.17829], [100.37543, 15.17721], [100.37643, 15.17889], [100.37732, 15.18147], [100.37872, 15.18342], [100.38174, 15.18934], [100.38239, 15.18964], [100.38287, 15.19098], [100.38476, 15.19076], [100.38779, 15.19229], [100.38795, 15.19484], [100.39154, 15.19774], [100.39299, 15.20205], [100.39331, 15.20451], [100.39663, 15.20979], [100.39863, 15.21238], [100.39494, 15.21544], [100.39549, 15.2184], [100.39464, 15.21972], [100.39496, 15.22058], [100.39355, 15.22089], [100.3893, 15.22285], [100.391, 15.22335], [100.39012, 15.22503], [100.39036, 15.22677], [100.38886, 15.22774], [100.38838, 15.22908], [100.38644, 15.231], [100.38814, 15.23263], [100.39061, 15.23149], [100.39382, 15.23075], [100.39812, 15.23133], [100.40041, 15.23258], [100.40117, 15.2337], [100.4021, 15.23428], [100.40176, 15.23576], [100.40184, 15.23736], [100.40242, 15.23864], [100.40313, 15.23927], [100.40265, 15.24231], [100.4038, 15.24271], [100.40433, 15.24402], [100.40699, 15.24291], [100.41189, 15.24176], [100.41396, 15.24245], [100.41528, 15.24519], [100.42119, 15.24647], [100.42102, 15.25202], [100.41905, 15.25454], [100.41703, 15.25566], [100.41578, 15.25739], [100.41693, 15.25836], [100.4203, 15.26263], [100.41988, 15.26389], [100.42023, 15.26408], [100.42071, 15.26683], [100.42074, 15.27216], [100.42043, 15.27494], [100.42169, 15.28648], [100.42257, 15.28989], [100.42547, 15.29226], [100.42677, 15.29389], [100.42813, 15.29403], [100.42707, 15.2957], [100.42578, 15.30127], [100.42347, 15.30337], [100.42305, 15.30438], [100.42152, 15.30486], [100.41908, 15.30738], [100.41616, 15.30827], [100.41404, 15.30746], [100.41194, 15.30724], [100.41099, 15.30666], [100.40967, 15.3067], [100.40829, 15.30809], [100.4049, 15.31285], [100.40303, 15.31376], [100.39725, 15.31505], [100.39684, 15.31576], [100.39716, 15.31668], [100.39933, 15.3192], [100.40113, 15.31946], [100.40209, 15.31997], [100.40205, 15.321], [100.40156, 15.32179], [100.40087, 15.32218], [100.40092, 15.32285], [100.40159, 15.32319], [100.40284, 15.32302], [100.409, 15.32669], [100.40911, 15.32731], [100.41189, 15.33039], [100.41371, 15.33013], [100.415, 15.33282], [100.41455, 15.33481], [100.41308, 15.33585], [100.41238, 15.33708], [100.41121, 15.3377], [100.41084, 15.3388], [100.41001, 15.33938], [100.40983, 15.33989], [100.40864, 15.34019], [100.40812, 15.34101], [100.40786, 15.3427], [100.40752, 15.34297], [100.40636, 15.34285], [100.40576, 15.34227], [100.4054, 15.34259], [100.4045, 15.34196], [100.40376, 15.34225], [100.40264, 15.34193], [100.40249, 15.34264], [100.40173, 15.34309], [100.40142, 15.34302], [100.4014, 15.34248], [100.40042, 15.34298], [100.40025, 15.34263], [100.39971, 15.34252], [100.39867, 15.34295], [100.3978, 15.34396], [100.39692, 15.34413], [100.39693, 15.34375], [100.39618, 15.34369], [100.39604, 15.34395], [100.39461, 15.34404], [100.39406, 15.34508], [100.39336, 15.34442], [100.39284, 15.34474], [100.39208, 15.34431], [100.39146, 15.34469], [100.39131, 15.34578], [100.39057, 15.34624], [100.38998, 15.34609], [100.38933, 15.34656], [100.38968, 15.34696], [100.38887, 15.34706], [100.3884, 15.34791], [100.38874, 15.34817], [100.38864, 15.34881], [100.38801, 15.34898], [100.38744, 15.34831], [100.38627, 15.34867], [100.38606, 15.34839], [100.38541, 15.34862]]]}}, {"type": "Feature", "properties": {"code": "TH600702", "name": "ช่องแค", "name_en": "Chong Khae", "district": "ตาคลี", "district_en": "Takhli", "area_km2": 51.9}, "geometry": {"type": "Polygon", "coordinates": [[[100.43302, 15.23964], [100.4293, 15.23981], [100.42904, 15.23851], [100.42643, 15.23804], [100.42338, 15.23861], [100.42357, 15.23972], [100.42331, 15.24102], [100.42239, 15.24247], [100.42308, 15.24348], [100.42324, 15.24441], [100.42288, 15.24507], [100.42119, 15.24647], [100.41528, 15.24519], [100.41396, 15.24245], [100.41189, 15.24176], [100.40699, 15.24291], [100.40433, 15.24402], [100.4038, 15.24271], [100.40265, 15.24231], [100.40313, 15.23927], [100.40242, 15.23864], [100.40184, 15.23736], [100.40176, 15.23576], [100.4021, 15.23428], [100.40117, 15.2337], [100.40041, 15.23258], [100.39812, 15.23133], [100.39382, 15.23075], [100.39061, 15.23149], [100.38814, 15.23263], [100.38644, 15.231], [100.38838, 15.22908], [100.38886, 15.22774], [100.39036, 15.22677], [100.39012, 15.22503], [100.391, 15.22335], [100.3893, 15.22285], [100.39355, 15.22089], [100.39496, 15.22058], [100.39464, 15.21972], [100.39549, 15.2184], [100.39494, 15.21544], [100.39863, 15.21238], [100.39663, 15.20979], [100.39331, 15.20451], [100.39299, 15.20205], [100.39162, 15.19788], [100.38992, 15.19647], [100.41604, 15.16961], [100.41575, 15.16808], [100.41453, 15.1666], [100.41429, 15.16518], [100.41375, 15.16446], [100.41381, 15.16328], [100.41313, 15.16163], [100.41328, 15.16064], [100.4149, 15.15811], [100.41607, 15.15431], [100.41829, 15.15432], [100.42098, 15.15297], [100.42196, 15.15278], [100.42526, 15.15302], [100.42527, 15.14962], [100.42672, 15.14496], [100.42696, 15.14127], [100.43004, 15.13925], [100.43403, 15.13927], [100.43953, 15.14214], [100.44048, 15.1432], [100.4412, 15.14522], [100.44476, 15.14516], [100.44499, 15.14486], [100.44739, 15.145], [100.44554, 15.14881], [100.44418, 15.14996], [100.44543, 15.15174], [100.44643, 15.15161], [100.44873, 15.15489], [100.45004, 15.15807], [100.45046, 15.16041], [100.44626, 15.16137], [100.44806, 15.16439], [100.44878, 15.16712], [100.44943, 15.16754], [100.45202, 15.17198], [100.45278, 15.17546], [100.45574, 15.18168], [100.45862, 15.18591], [100.45886, 15.19315], [100.45827, 15.19566], [100.4571, 15.19661], [100.44999, 15.19863], [100.44683, 15.19889], [100.44218, 15.20038], [100.43983, 15.20073], [100.43707, 15.20202], [100.43748, 15.20372], [100.43815, 15.20485], [100.43686, 15.20596], [100.43749, 15.20995], [100.43947, 15.21414], [100.43994, 15.21394], [100.44152, 15.21702], [100.44228, 15.2169], [100.44309, 15.21959], [100.44363, 15.22294], [100.44409, 15.22342], [100.4442, 15.2248], [100.44353, 15.22903], [100.44415, 15.22915], [100.44433, 15.22956], [100.44498, 15.23363], [100.44719, 15.23681], [100.44723, 15.23716], [100.44671, 15.23773], [100.44726, 15.23858], [100.44409, 15.24031], [100.4437, 15.24001], [100.4402, 15.24103], [100.4391, 15.24046], [100.43682, 15.24061], [100.43302, 15.23964]]]}}, {"type": "Feature", "properties": {"code": "TH600703", "name": "จันเสน", "name_en": "Chan Sen", "district": "ตาคลี", "district_en": "Takhli", "area_km2": 52.3}, "geometry": {"type": "Polygon", "coordinates": [[[100.49029, 15.16934], [100.48426, 15.18271], [100.4825, 15.18155], [100.47666, 15.1793], [100.47436, 15.17883], [100.46721, 15.17649], [100.45506, 15.18032], [100.45278, 15.17546], [100.45202, 15.17198], [100.44943, 15.16754], [100.44878, 15.16712], [100.44806, 15.16439], [100.44626, 15.16137], [100.45041, 15.16052], [100.45004, 15.15807], [100.44877, 15.15495], [100.44763, 15.15326], [100.44643, 15.15161], [100.44543, 15.15174], [100.44418, 15.14996], [100.4456, 15.14873], [100.44794, 15.14381], [100.4486, 15.13706], [100.44773, 15.13528], [100.4507, 15.13205], [100.44489, 15.12717], [100.44243, 15.12603], [100.44066, 15.12565], [100.43857, 15.12564], [100.42274, 15.12841], [100.42308, 15.11993], [100.4259, 15.11527], [100.42658, 15.11216], [100.42259, 15.08493], [100.42264, 15.08344], [100.42367, 15.08099], [100.43216, 15.07149], [100.43413, 15.07309], [100.43609, 15.07379], [100.43785, 15.07682], [100.44341, 15.08378], [100.44371, 15.08642], [100.44362, 15.08922], [100.44475, 15.09157], [100.45293, 15.10354], [100.45275, 15.10368], [100.45304, 15.10391], [100.45783, 15.10409], [100.45804, 15.10823], [100.45913, 15.11635], [100.46668, 15.11526], [100.47497, 15.10676], [100.48152, 15.11256], [100.48365, 15.11729], [100.49154, 15.12105], [100.49329, 15.12058], [100.49373, 15.12208], [100.49355, 15.12273], [100.49415, 15.1231], [100.49389, 15.12368], [100.49687, 15.12559], [100.49673, 15.12627], [100.49917, 15.12811], [100.50426, 15.1288], [100.50418, 15.12947], [100.50696, 15.13039], [100.508, 15.13221], [100.50879, 15.13289], [100.50851, 15.13328], [100.50946, 15.13408], [100.51177, 15.13799], [100.5147, 15.14144], [100.51439, 15.14619], [100.51394, 15.14738], [100.51093, 15.14696], [100.50997, 15.14726], [100.50757, 15.147], [100.50321, 15.14606], [100.49985, 15.14605], [100.49632, 15.14658], [100.4913, 15.15918], [100.49029, 15.16934]]]}}, {"type": "Feature", "properties": {"code": "TH600704", "name": "ห้วยหอม", "name_en": "Huai Hom", "district": "ตาคลี", "district_en": "Takhli", "area_km2": 62.3}, "geometry": {"type": "Polygon", "coordinates": [[[100.52447, 15.26862], [100.52404, 15.26875], [100.52417, 15.26829], [100.52382, 15.26806], [100.52332, 15.26872], [100.52392, 15.26926], [100.52314, 15.26944], [100.52313, 15.2699], [100.52144, 15.26977], [100.52165, 15.27024], [100.52126, 15.27111], [100.52091, 15.27122], [100.52053, 15.27083], [100.51952, 15.27088], [100.51812, 15.26861], [100.51758, 15.26863], [100.51698, 15.26917], [100.51563, 15.26935], [100.51414, 15.26857], [100.51244, 15.26712], [100.5099, 15.26612], [100.50258, 15.2655], [100.49528, 15.26588], [100.49185, 15.25965], [100.49116, 15.25913], [100.48949, 15.259], [100.48799, 15.25947], [100.48595, 15.25874], [100.48337, 15.25845], [100.48028, 15.25948], [100.47334, 15.2578], [100.46931, 15.25723], [100.46758, 15.26123], [100.46661, 15.25952], [100.46353, 15.25639], [100.4607, 15.25617], [100.45888, 15.25534], [100.45703, 15.25519], [100.45658, 15.25488], [100.45581, 15.2537], [100.45643, 15.25337], [100.45599, 15.25199], [100.45665, 15.25155], [100.45657, 15.25042], [100.45507, 15.24871], [100.4545, 15.24702], [100.45265, 15.24665], [100.45097, 15.24677], [100.44966, 15.24627], [100.44981, 15.24474], [100.44935, 15.24315], [100.44934, 15.24171], [100.44878, 15.24103], [100.44877, 15.24018], [100.44779, 15.23959], [100.44791, 15.23898], [100.44671, 15.23773], [100.44723, 15.23716], [100.44719, 15.23681], [100.44498, 15.23363], [100.44433, 15.22956], [100.44415, 15.22915], [100.44353, 15.22903], [100.4442, 15.2248], [100.44409, 15.22342], [100.44363, 15.22294], [100.44309, 15.21959], [100.44231, 15.21699], [100.44152, 15.21702], [100.43994, 15.21394], [100.43947, 15.21414], [100.43749, 15.20995], [100.43686, 15.20596], [100.43815, 15.20485], [100.43748, 15.20372], [100.43706, 15.20205], [100.43983, 15.20073], [100.44218, 15.20038], [100.44683, 15.19889], [100.44999, 15.19863], [100.45634, 15.19686], [100.45827, 15.19566], [100.45886, 15.19315], [100.45864, 15.18597], [100.45506, 15.18032], [100.46721, 15.17649], [100.47436, 15.17883], [100.47666, 15.1793], [100.4825, 15.18155], [100.48426, 15.18271], [100.49331, 15.19097], [100.50005, 15.19528], [100.50563, 15.20046], [100.50866, 15.20371], [100.52248, 15.22175], [100.52207, 15.22239], [100.52185, 15.22423], [100.5229, 15.22457], [100.52329, 15.22568], [100.52274, 15.22618], [100.52289, 15.22796], [100.52238, 15.22793], [100.5223, 15.22818], [100.52403, 15.23124], [100.52136, 15.23371], [100.51615, 15.23545], [100.51647, 15.23632], [100.51593, 15.2365], [100.5167, 15.23796], [100.516, 15.23869], [100.51656, 15.23905], [100.51626, 15.23922], [100.51595, 15.24089], [100.51646, 15.24163], [100.51539, 15.24109], [100.51524, 15.24041], [100.51495, 15.24066], [100.51508, 15.24149], [100.51555, 15.242], [100.51519, 15.24248], [100.51606, 15.24285], [100.51673, 15.24277], [100.51677, 15.24323], [100.51627, 15.24332], [100.51622, 15.2436], [100.51672, 15.24371], [100.51702, 15.24343], [100.51761, 15.24391], [100.51673, 15.24403], [100.51649, 15.24443], [100.517, 15.24509], [100.51798, 15.2456], [100.51772, 15.24655], [100.51892, 15.24589], [100.51861, 15.2465], [100.51877, 15.24691], [100.51967, 15.2466], [100.51955, 15.24724], [100.52019, 15.2472], [100.51958, 15.24814], [100.52023, 15.24779], [100.52038, 15.24834], [100.52106, 15.2483], [100.52046, 15.24884], [100.521, 15.2498], [100.52026, 15.25026], [100.52012, 15.25069], [100.52057, 15.25102], [100.5214, 15.25091], [100.5208, 15.25212], [100.5214, 15.25213], [100.52187, 15.25279], [100.52096, 15.25316], [100.52147, 15.25357], [100.52221, 15.25342], [100.52209, 15.25385], [100.52257, 15.25384], [100.52272, 15.25418], [100.52239, 15.25476], [100.52263, 15.25514], [100.52181, 15.25538], [100.52156, 15.25664], [100.52187, 15.25746], [100.52124, 15.25752], [100.52132, 15.2593], [100.52216, 15.26089], [100.52485, 15.26135], [100.52461, 15.26249], [100.52502, 15.26249], [100.52506, 15.26302], [100.52459, 15.26319], [100.52453, 15.26369], [100.52517, 15.26441], [100.52605, 15.26465], [100.52654, 15.26624], [100.5264, 15.26675], [100.52588, 15.26656], [100.52534, 15.26718], [100.52497, 15.26714], [100.52447, 15.26862]]]}}, {"type": "Feature", "properties": {"code": "TH600705", "name": "หัวหวาย", "name_en": "Hua Wai", "district": "ตาคลี", "district_en": "Takhli", "area_km2": 135.5}, "geometry": {"type": "Polygon", "coordinates": [[[100.41546, 15.42154], [100.41389, 15.42174], [100.41226, 15.42112], [100.40837, 15.42136], [100.40357, 15.42315], [100.40089, 15.42379], [100.3968, 15.42295], [100.39401, 15.42286], [100.39041, 15.42432], [100.39003, 15.42421], [100.38995, 15.4236], [100.38959, 15.42335], [100.38516, 15.42365], [100.38425, 15.4227], [100.38218, 15.42241], [100.38128, 15.42331], [100.37921, 15.42308], [100.37848, 15.42329], [100.37394, 15.42683], [100.37243, 15.42683], [100.36968, 15.42863], [100.36743, 15.42926], [100.36718, 15.42997], [100.36552, 15.43172], [100.36447, 15.43149], [100.36191, 15.43256], [100.36083, 15.43228], [100.35666, 15.43419], [100.3561, 15.43347], [100.35332, 15.43422], [100.35213, 15.43385], [100.34963, 15.43382], [100.34912, 15.43353], [100.34906, 15.43299], [100.34841, 15.43286], [100.34851, 15.43096], [100.34756, 15.4285], [100.34682, 15.42843], [100.34588, 15.42652], [100.34519, 15.427], [100.34416, 15.42615], [100.34406, 15.42526], [100.34342, 15.4242], [100.3431, 15.42453], [100.34275, 15.42441], [100.34246, 15.42504], [100.34199, 15.42491], [100.3415, 15.4235], [100.3399, 15.42227], [100.33968, 15.42122], [100.34018, 15.42033], [100.33974, 15.4202], [100.33848, 15.41736], [100.33757, 15.41772], [100.3371, 15.41725], [100.33543, 15.41765], [100.33294, 15.41744], [100.3323, 15.41667], [100.33019, 15.41566], [100.32879, 15.4156], [100.32765, 15.4149], [100.32609, 15.41307], [100.32483, 15.41059], [100.32304, 15.41031], [100.32031, 15.40835], [100.31861, 15.40426], [100.31718, 15.40381], [100.31679, 15.4044], [100.31446, 15.40374], [100.31084, 15.4033], [100.31103, 15.40284], [100.31029, 15.40253], [100.31067, 15.4015], [100.30815, 15.40059], [100.30846, 15.39994], [100.3057, 15.39952], [100.30484, 15.39677], [100.30177, 15.39016], [100.29934, 15.38623], [100.29827, 15.38346], [100.29722, 15.38241], [100.29662, 15.37454], [100.29729, 15.37339], [100.29737, 15.37228], [100.29602, 15.36928], [100.29487, 15.36793], [100.29406, 15.36548], [100.29254, 15.3665], [100.29221, 15.36627], [100.28782, 15.36984], [100.28598, 15.36559], [100.28489, 15.36568], [100.28346, 15.36263], [100.28186, 15.36355], [100.28137, 15.36344], [100.28034, 15.36091], [100.27915, 15.35921], [100.27864, 15.35743], [100.2774, 15.35737], [100.27705, 15.35667], [100.27605, 15.35616], [100.27539, 15.35462], [100.27462, 15.35396], [100.27472, 15.35022], [100.27392, 15.34856], [100.27165, 15.34754], [100.26841, 15.34511], [100.26733, 15.34387], [100.26664, 15.34222], [100.26657, 15.34097], [100.2659, 15.33997], [100.26607, 15.33768], [100.26472, 15.33563], [100.26197, 15.33464], [100.26163, 15.33319], [100.26092, 15.33201], [100.26128, 15.33005], [100.26239, 15.32993], [100.2626, 15.32833], [100.26311, 15.32794], [100.26334, 15.32688], [100.26401, 15.3264], [100.26409, 15.32562], [100.26857, 15.32545], [100.2733, 15.32819], [100.2767, 15.32758], [100.27824, 15.32693], [100.27967, 15.32554], [100.27887, 15.32443], [100.27899, 15.32374], [100.28095, 15.32099], [100.28236, 15.32026], [100.28533, 15.32005], [100.29119, 15.31742], [100.29515, 15.31767], [100.30258, 15.31681], [100.3075, 15.31687], [100.30949, 15.31565], [100.31019, 15.31446], [100.31268, 15.31278], [100.31649, 15.31395], [100.31734, 15.31229], [100.31942, 15.31375], [100.32453, 15.31641], [100.32712, 15.31669], [100.33116, 15.31799], [100.34192, 15.31823], [100.34317, 15.31894], [100.34555, 15.3189], [100.34743, 15.32562], [100.34829, 15.32771], [100.34865, 15.33166], [100.35017, 15.33244], [100.35217, 15.33251], [100.35609, 15.33352], [100.35626, 15.33487], [100.35745, 15.33526], [100.35783, 15.33575], [100.35842, 15.33577], [100.35814, 15.3364], [100.36035, 15.33661], [100.36072, 15.3363], [100.36132, 15.33669], [100.36103, 15.33697], [100.3615, 15.33858], [100.36208, 15.3382], [100.3627, 15.33844], [100.36228, 15.34006], [100.36303, 15.34089], [100.36228, 15.34162], [100.36286, 15.34195], [100.36291, 15.34272], [100.36379, 15.34342], [100.36502, 15.34311], [100.36571, 15.34389], [100.36621, 15.34376], [100.36665, 15.34409], [100.3664, 15.34475], [100.36846, 15.34596], [100.36901, 15.34563], [100.37098, 15.34625], [100.37235, 15.34522], [100.37323, 15.34512], [100.37351, 15.34536], [100.37377, 15.34496], [100.37545, 15.34575], [100.37615, 15.3454], [100.37627, 15.34588], [100.37679, 15.3459], [100.37663, 15.34647], [100.37686, 15.3467], [100.37988, 15.34719], [100.38091, 15.34863], [100.38171, 15.3481], [100.38198, 15.34858], [100.3824, 15.34833], [100.38237, 15.34897], [100.38285, 15.34927], [100.38417, 15.34889], [100.38439, 15.34922], [100.38484, 15.34903], [100.38508, 15.34932], [100.38541, 15.34862], [100.38602, 15.3484], [100.38627, 15.34867], [100.38744, 15.34831], [100.38801, 15.34898], [100.38864, 15.34881], [100.38874, 15.34817], [100.3884, 15.34791], [100.38887, 15.34706], [100.38968, 15.34696], [100.38933, 15.34656], [100.38998, 15.34609], [100.39057, 15.34624], [100.39131, 15.34578], [100.39146, 15.34469], [100.39203, 15.34433], [100.39284, 15.34474], [100.39336, 15.34442], [100.39406, 15.34508], [100.39461, 15.34404], [100.39604, 15.34395], [100.39618, 15.34369], [100.39693, 15.34375], [100.39692, 15.34413], [100.3978, 15.34396], [100.39867, 15.34295], [100.39971, 15.34252], [100.40025, 15.34263], [100.40042, 15.34298], [100.4014, 15.34248], [100.40167, 15.3431], [100.40249, 15.34264], [100.40264, 15.34193], [100.40376, 15.34225], [100.4045, 15.34196], [100.40544, 15.3426], [100.40579, 15.34228], [100.4063, 15.34282], [100.40596, 15.34384], [100.40686, 15.34513], [100.40722, 15.34828], [100.40684, 15.35979], [100.40725, 15.36003], [100.40738, 15.36111], [100.4079, 15.36191], [100.40761, 15.36414], [100.40912, 15.37003], [100.41005, 15.37121], [100.41066, 15.37124], [100.41115, 15.37171], [100.41183, 15.37297], [100.41175, 15.37428], [100.41344, 15.37582], [100.41337, 15.37952], [100.41702, 15.38208], [100.42076, 15.38273], [100.42164, 15.38715], [100.42276, 15.39079], [100.42195, 15.3936], [100.42208, 15.39467], [100.42176, 15.39514], [100.42112, 15.39535], [100.42055, 15.39669], [100.41984, 15.39684], [100.41971, 15.39751], [100.41896, 15.39837], [100.41909, 15.39925], [100.41862, 15.3997], [100.41838, 15.40331], [100.41778, 15.40431], [100.41792, 15.40662], [100.4174, 15.40853], [100.41784, 15.41002], [100.41726, 15.4109], [100.41757, 15.41118], [100.41765, 15.41209], [100.41704, 15.4127], [100.41732, 15.41368], [100.41677, 15.4145], [100.41728, 15.41517], [100.41692, 15.41601], [100.41639, 15.41589], [100.41638, 15.41626], [100.41531, 15.41708], [100.41527, 15.41837], [100.41584, 15.41988], [100.41546, 15.42154]]]}}, {"type": "Feature", "properties": {"code": "TH600706", "name": "หนองโพ", "name_en": "Nong Pho", "district": "ตาคลี", "district_en": "Takhli", "area_km2": 94.8}, "geometry": {"type": "Polygon", "coordinates": [[[100.31828, 15.45261], [100.29767, 15.4545], [100.29193, 15.45413], [100.29028, 15.45234], [100.29002, 15.45128], [100.28843, 15.45034], [100.28697, 15.44976], [100.28326, 15.44908], [100.28093, 15.44937], [100.27863, 15.44891], [100.27796, 15.44828], [100.27713, 15.44575], [100.27604, 15.44483], [100.24592, 15.42984], [100.24531, 15.42218], [100.24548, 15.41658], [100.24454, 15.41641], [100.24542, 15.41339], [100.24283, 15.41212], [100.24411, 15.4107], [100.24159, 15.40953], [100.2372, 15.40512], [100.23626, 15.40438], [100.23517, 15.40403], [100.23116, 15.40003], [100.2293, 15.39893], [100.22737, 15.39856], [100.22533, 15.39695], [100.22059, 15.39815], [100.21987, 15.39639], [100.21917, 15.39269], [100.21805, 15.39297], [100.21547, 15.38599], [100.21616, 15.3856], [100.21586, 15.38466], [100.21627, 15.38446], [100.2161, 15.38289], [100.21486, 15.38108], [100.21432, 15.3791], [100.21436, 15.37553], [100.2156, 15.3735], [100.21698, 15.37199], [100.22224, 15.36805], [100.21911, 15.36511], [100.21503, 15.35942], [100.21588, 15.35898], [100.21669, 15.35931], [100.21748, 15.35899], [100.22121, 15.35906], [100.22251, 15.35875], [100.2227, 15.36052], [100.22375, 15.36261], [100.22393, 15.36389], [100.22466, 15.36546], [100.22978, 15.36166], [100.23351, 15.36071], [100.23464, 15.35991], [100.23634, 15.35953], [100.23909, 15.35991], [100.24347, 15.3585], [100.24653, 15.35713], [100.25045, 15.35505], [100.25006, 15.35205], [100.25046, 15.34921], [100.25256, 15.34882], [100.25301, 15.34736], [100.2571, 15.34366], [100.25892, 15.3411], [100.26026, 15.34077], [100.26078, 15.33983], [100.26007, 15.33667], [100.26111, 15.33595], [100.26197, 15.33464], [100.26491, 15.33578], [100.26607, 15.33768], [100.2659, 15.33997], [100.26657, 15.34097], [100.26664, 15.34222], [100.26733, 15.34387], [100.26841, 15.34511], [100.27165, 15.34754], [100.27392, 15.34856], [100.27472, 15.35022], [100.27462, 15.35396], [100.27539, 15.35462], [100.27605, 15.35616], [100.27705, 15.35667], [100.2774, 15.35737], [100.27864, 15.35743], [100.27915, 15.35921], [100.28034, 15.36091], [100.28137, 15.36344], [100.28186, 15.36355], [100.28346, 15.36263], [100.28489, 15.36568], [100.28598, 15.36559], [100.28782, 15.36984], [100.29221, 15.36627], [100.29254, 15.3665], [100.29406, 15.36548], [100.29487, 15.36793], [100.29602, 15.36928], [100.29737, 15.37228], [100.29729, 15.37339], [100.29662, 15.37454], [100.29722, 15.38241], [100.29827, 15.38346], [100.29934, 15.38623], [100.30177, 15.39016], [100.30484, 15.39677], [100.3057, 15.39952], [100.30846, 15.39994], [100.30815, 15.40059], [100.31067, 15.4015], [100.31029, 15.40253], [100.31103, 15.40284], [100.31084, 15.4033], [100.31446, 15.40374], [100.31679, 15.4044], [100.31718, 15.40381], [100.31861, 15.40426], [100.32031, 15.40835], [100.32304, 15.41031], [100.32483, 15.41059], [100.32609, 15.41307], [100.32765, 15.4149], [100.32879, 15.4156], [100.33019, 15.41566], [100.3323, 15.41667], [100.33294, 15.41744], [100.33543, 15.41765], [100.3371, 15.41725], [100.33757, 15.41772], [100.33848, 15.41736], [100.33974, 15.4202], [100.34018, 15.42033], [100.33968, 15.42122], [100.3399, 15.42227], [100.3415, 15.4235], [100.34199, 15.42491], [100.34246, 15.42504], [100.34275, 15.42441], [100.3431, 15.42453], [100.34342, 15.4242], [100.34406, 15.42526], [100.3442, 15.42619], [100.34519, 15.427], [100.3455, 15.42657], [100.34595, 15.42658], [100.34682, 15.42843], [100.34756, 15.4285], [100.34799, 15.42947], [100.34851, 15.43096], [100.34844, 15.43292], [100.34906, 15.43299], [100.34908, 15.43348], [100.35017, 15.43441], [100.35023, 15.43545], [100.35172, 15.43852], [100.35151, 15.43902], [100.35073, 15.43946], [100.34993, 15.44227], [100.35022, 15.44313], [100.34975, 15.4449], [100.3483, 15.44503], [100.34636, 15.44597], [100.34335, 15.44631], [100.34144, 15.44703], [100.34058, 15.44662], [100.33746, 15.44688], [100.33626, 15.44933], [100.33442, 15.44791], [100.33186, 15.45027], [100.3301, 15.45112], [100.32741, 15.4542], [100.31828, 15.45261]]]}}, {"type": "Feature", "properties": {"code": "TH600707", "name": "หนองหม้อ", "name_en": "Nong Mo", "district": "ตาคลี", "district_en": "Takhli", "area_km2": 57.6}, "geometry": {"type": "Polygon", "coordinates": [[[100.29417, 15.2385], [100.27944, 15.24454], [100.27598, 15.24191], [100.27504, 15.24103], [100.27455, 15.23997], [100.27432, 15.22431], [100.28762, 15.2196], [100.29039, 15.21908], [100.29038, 15.21808], [100.29225, 15.21822], [100.29541, 15.19448], [100.29369, 15.19427], [100.2979, 15.18071], [100.30245, 15.17328], [100.30356, 15.17245], [100.30831, 15.1707], [100.31156, 15.16844], [100.31408, 15.16451], [100.31966, 15.15818], [100.3313, 15.15331], [100.33983, 15.15062], [100.33874, 15.15418], [100.34836, 15.15785], [100.35275, 15.16007], [100.36295, 15.16006], [100.3679, 15.16042], [100.3689, 15.16086], [100.37032, 15.16425], [100.37132, 15.17152], [100.37171, 15.17264], [100.37265, 15.17443], [100.37543, 15.17721], [100.37193, 15.17829], [100.36959, 15.1796], [100.35474, 15.19191], [100.35162, 15.19972], [100.35151, 15.20108], [100.35233, 15.20319], [100.35603, 15.20688], [100.35083, 15.21193], [100.34256, 15.22078], [100.33823, 15.22477], [100.29578, 15.242], [100.29417, 15.2385]]]}}, {"type": "Feature", "properties": {"code": "TH600708", "name": "สร้อยทอง", "name_en": "Soi Thong", "district": "ตาคลี", "district_en": "Takhli", "area_km2": 73.5}, "geometry": {"type": "Polygon", "coordinates": [[[100.38005, 15.16022], [100.3811, 15.16199], [100.38105, 15.16376], [100.37543, 15.17721], [100.37265, 15.17443], [100.37171, 15.17264], [100.37132, 15.17152], [100.37032, 15.16425], [100.36907, 15.16108], [100.36866, 15.16068], [100.36295, 15.16006], [100.35299, 15.16013], [100.34836, 15.15785], [100.3387, 15.15413], [100.34337, 15.14068], [100.34516, 15.1302], [100.346, 15.12787], [100.34726, 15.1258], [100.34932, 15.12336], [100.35069, 15.1234], [100.35125, 15.12147], [100.35152, 15.11841], [100.35462, 15.12052], [100.35597, 15.11771], [100.35312, 15.10132], [100.35464, 15.09672], [100.36271, 15.09284], [100.36549, 15.09095], [100.37491, 15.08666], [100.41344, 15.05907], [100.42443, 15.05163], [100.42576, 15.0529], [100.42749, 15.06109], [100.43216, 15.07149], [100.42367, 15.08099], [100.42264, 15.08344], [100.42259, 15.08493], [100.42658, 15.11216], [100.4259, 15.11527], [100.42308, 15.11993], [100.42274, 15.12841], [100.42102, 15.12882], [100.41917, 15.12973], [100.41643, 15.13223], [100.41518, 15.13415], [100.40592, 15.16483], [100.40223, 15.1638], [100.39197, 15.1581], [100.39013, 15.15872], [100.38765, 15.15857], [100.38754, 15.159], [100.38515, 15.15944], [100.38494, 15.15917], [100.38005, 15.16022]]]}}, {"type": "Feature", "properties": {"code": "TH600709", "name": "ลาดทิพรส", "name_en": "Lat Thippharot", "district": "ตาคลี", "district_en": "Takhli", "area_km2": 89.4}, "geometry": {"type": "Polygon", "coordinates": [[[100.55683, 15.28084], [100.55386, 15.28176], [100.54634, 15.28224], [100.54242, 15.28419], [100.5416, 15.28421], [100.53141, 15.2807], [100.53103, 15.28023], [100.5311, 15.27981], [100.53049, 15.27962], [100.53003, 15.27893], [100.52984, 15.27822], [100.5301, 15.27763], [100.52972, 15.27703], [100.5289, 15.27717], [100.52857, 15.27681], [100.52793, 15.27677], [100.52723, 15.27533], [100.52734, 15.27498], [100.52537, 15.27387], [100.52524, 15.27322], [100.52487, 15.27303], [100.52467, 15.27239], [100.52522, 15.27108], [100.52442, 15.27048], [100.52471, 15.26985], [100.52446, 15.26839], [100.52497, 15.26714], [100.52534, 15.26718], [100.52588, 15.26656], [100.5265, 15.26666], [100.52626, 15.26517], [100.526, 15.26461], [100.52517, 15.26441], [100.52453, 15.26369], [100.52459, 15.26319], [100.52506, 15.26302], [100.52502, 15.26249], [100.52461, 15.26249], [100.52485, 15.26135], [100.52216, 15.26089], [100.52132, 15.2593], [100.52124, 15.25752], [100.52187, 15.25746], [100.52156, 15.25664], [100.52181, 15.25538], [100.52263, 15.25514], [100.52239, 15.25476], [100.52272, 15.25418], [100.52257, 15.25384], [100.52209, 15.25385], [100.52221, 15.25342], [100.52147, 15.25357], [100.52096, 15.25316], [100.52187, 15.25279], [100.5214, 15.25213], [100.5208, 15.25212], [100.5214, 15.25091], [100.52057, 15.25102], [100.52012, 15.25069], [100.52026, 15.25026], [100.521, 15.2498], [100.52046, 15.24884], [100.52106, 15.2483], [100.52038, 15.24834], [100.52023, 15.24779], [100.51958, 15.24814], [100.52019, 15.2472], [100.51955, 15.24724], [100.51967, 15.2466], [100.51877, 15.24691], [100.51861, 15.2465], [100.51892, 15.24589], [100.51772, 15.24655], [100.51798, 15.2456], [100.517, 15.24509], [100.51649, 15.24443], [100.51673, 15.24403], [100.51761, 15.24391], [100.51702, 15.24343], [100.51672, 15.24371], [100.51622, 15.2436], [100.51627, 15.24332], [100.51677, 15.24323], [100.51673, 15.24277], [100.51606, 15.24285], [100.51519, 15.24248], [100.51555, 15.242], [100.51508, 15.24149], [100.51495, 15.24066], [100.51524, 15.24041], [100.51539, 15.24109], [100.51646, 15.24163], [100.51595, 15.24089], [100.51626, 15.23922], [100.51656, 15.23905], [100.516, 15.23869], [100.5167, 15.23796], [100.51593, 15.2365], [100.51647, 15.23632], [100.51615, 15.23545], [100.52136, 15.23371], [100.52403, 15.23124], [100.5223, 15.22818], [100.52238, 15.22793], [100.52289, 15.22796], [100.52274, 15.22618], [100.52329, 15.22568], [100.5229, 15.22457], [100.52185, 15.22423], [100.52207, 15.22239], [100.52248, 15.22175], [100.50866, 15.20371], [100.50563, 15.20046], [100.50005, 15.19528], [100.49331, 15.19097], [100.4913, 15.18935], [100.48426, 15.18271], [100.49029, 15.16934], [100.4913, 15.15918], [100.49632, 15.14658], [100.49985, 15.14605], [100.50321, 15.14606], [100.50757, 15.147], [100.50997, 15.14726], [100.51093, 15.14696], [100.5139, 15.14739], [100.51448, 15.1451], [100.51479, 15.14535], [100.51526, 15.14535], [100.5154, 15.14505], [100.5167, 15.14511], [100.51858, 15.14774], [100.51811, 15.14945], [100.51837, 15.15088], [100.51798, 15.15129], [100.51815, 15.15501], [100.51888, 15.15531], [100.51957, 15.15622], [100.51974, 15.15797], [100.52066, 15.16045], [100.52129, 15.16062], [100.52178, 15.16153], [100.52501, 15.17228], [100.52773, 15.17516], [100.52977, 15.17808], [100.5319, 15.18363], [100.53617, 15.1851], [100.54002, 15.18515], [100.54797, 15.18842], [100.54904, 15.18914], [100.55454, 15.19385], [100.57319, 15.21159], [100.57773, 15.21669], [100.57986, 15.21995], [100.58042, 15.22146], [100.58395, 15.22643], [100.58682, 15.22753], [100.58751, 15.22722], [100.5881, 15.22815], [100.59022, 15.22965], [100.59076, 15.23103], [100.59051, 15.23227], [100.58227, 15.23868], [100.5823, 15.23934], [100.58281, 15.23991], [100.58338, 15.23983], [100.58409, 15.2418], [100.58398, 15.24263], [100.58553, 15.24283], [100.58571, 15.24362], [100.58649, 15.24421], [100.5863, 15.24463], [100.58732, 15.24524], [100.58776, 15.24515], [100.58811, 15.24592], [100.58897, 15.24572], [100.58961, 15.24621], [100.58988, 15.24704], [100.59122, 15.24742], [100.60293, 15.24444], [100.60434, 15.24469], [100.6055, 15.24404], [100.60711, 15.24466], [100.61072, 15.24468], [100.61368, 15.24315], [100.61512, 15.24131], [100.62022, 15.24271], [100.61873, 15.24526], [100.6176, 15.24649], [100.61308, 15.2492], [100.60902, 15.25107], [100.60586, 15.25404], [100.60408, 15.25659], [100.60216, 15.25692], [100.60125, 15.26154], [100.59889, 15.26273], [100.5974, 15.26392], [100.59598, 15.26586], [100.59548, 15.26707], [100.59301, 15.26759], [100.59243, 15.26805], [100.59055, 15.26772], [100.58997, 15.2684], [100.59011, 15.26886], [100.58958, 15.26919], [100.5885, 15.26906], [100.58686, 15.26829], [100.58645, 15.26956], [100.58598, 15.26971], [100.58395, 15.26762], [100.58274, 15.2671], [100.58255, 15.26557], [100.58144, 15.26553], [100.58082, 15.26679], [100.57939, 15.26609], [100.5796, 15.26491], [100.57871, 15.26468], [100.57922, 15.26444], [100.57903, 15.26393], [100.57724, 15.26271], [100.57714, 15.26319], [100.57775, 15.2641], [100.57686, 15.26501], [100.57784, 15.26676], [100.57755, 15.26788], [100.57823, 15.26813], [100.57858, 15.26959], [100.57936, 15.27026], [100.57961, 15.27091], [100.57949, 15.27193], [100.58, 15.27291], [100.57928, 15.27369], [100.58054, 15.27528], [100.58009, 15.27656], [100.57702, 15.27757], [100.57101, 15.27861], [100.5709, 15.28019], [100.56864, 15.28255], [100.56744, 15.28191], [100.55934, 15.28132], [100.55683, 15.28084]]]}}, {"type": "Feature", "properties": {"code": "TH600710", "name": "พรหมนิมิต", "name_en": "Phrom Nimit", "district": "ตาคลี", "district_en": "Takhli", "area_km2": 19.3}, "geometry": {"type": "Polygon", "coordinates": [[[100.44739, 15.145], [100.44499, 15.14486], [100.44476, 15.14516], [100.4412, 15.14522], [100.44048, 15.1432], [100.43953, 15.14214], [100.43403, 15.13927], [100.43004, 15.13925], [100.42817, 15.14026], [100.42696, 15.14127], [100.42672, 15.14496], [100.42527, 15.14962], [100.42526, 15.15302], [100.42196, 15.15278], [100.42098, 15.15297], [100.41829, 15.15432], [100.41607, 15.15431], [100.4149, 15.15811], [100.41328, 15.16064], [100.41314, 15.16171], [100.4139, 15.16369], [100.41361, 15.16404], [100.41429, 15.16518], [100.41453, 15.1666], [100.41575, 15.16808], [100.41604, 15.16961], [100.38992, 15.19647], [100.38795, 15.19484], [100.38779, 15.19229], [100.38476, 15.19076], [100.38287, 15.19098], [100.38239, 15.18964], [100.38174, 15.18934], [100.37872, 15.18342], [100.37732, 15.18147], [100.37643, 15.17889], [100.37543, 15.17721], [100.38105, 15.16376], [100.3811, 15.16199], [100.38005, 15.16022], [100.38494, 15.15917], [100.38515, 15.15944], [100.38754, 15.159], [100.38765, 15.15857], [100.39013, 15.15872], [100.39197, 15.1581], [100.40223, 15.1638], [100.40592, 15.16483], [100.41497, 15.13464], [100.41643, 15.13223], [100.41917, 15.12973], [100.42195, 15.12855], [100.43857, 15.12564], [100.44167, 15.1258], [100.44489, 15.12717], [100.4507, 15.13205], [100.44773, 15.13528], [100.4486, 15.13706], [100.44797, 15.14364], [100.44739, 15.145]]]}}, {"type": "Feature", "properties": {"code": "TH600801", "name": "ท่าตะโก", "name_en": "Tha Tako", "district": "ท่าตะโก", "district_en": "Tha Tako", "area_km2": 46.5}, "geometry": {"type": "Polygon", "coordinates": [[[100.49592, 15.63622], [100.49403, 15.63836], [100.49434, 15.64032], [100.49369, 15.64049], [100.49391, 15.64247], [100.49299, 15.64736], [100.49289, 15.64949], [100.49255, 15.65], [100.491, 15.65008], [100.4896, 15.65093], [100.48726, 15.65043], [100.48495, 15.65327], [100.48083, 15.6549], [100.47933, 15.65702], [100.47855, 15.65687], [100.47666, 15.65547], [100.47566, 15.65539], [100.47401, 15.66035], [100.4698, 15.67569], [100.46949, 15.67555], [100.46969, 15.6747], [100.46811, 15.67452], [100.46724, 15.67317], [100.46759, 15.66703], [100.46706, 15.66435], [100.46748, 15.66304], [100.46744, 15.66141], [100.46705, 15.65922], [100.46592, 15.65903], [100.46528, 15.66013], [100.46259, 15.66024], [100.45845, 15.66125], [100.45456, 15.66301], [100.45316, 15.66455], [100.45245, 15.66461], [100.45137, 15.66407], [100.45007, 15.66483], [100.4483, 15.66437], [100.4478, 15.66486], [100.44713, 15.66467], [100.44645, 15.66359], [100.44535, 15.66329], [100.44516, 15.6604], [100.44446, 15.66055], [100.43575, 15.66656], [100.42624, 15.66988], [100.42408, 15.67128], [100.42137, 15.67166], [100.42162, 15.67294], [100.41829, 15.6733], [100.41818, 15.67282], [100.41487, 15.67337], [100.41507, 15.6746], [100.40799, 15.67553], [100.40807, 15.66736], [100.41036, 15.66729], [100.41068, 15.6678], [100.41234, 15.66749], [100.41171, 15.66553], [100.41643, 15.65806], [100.41866, 15.65724], [100.41749, 15.65397], [100.41689, 15.64795], [100.4172, 15.64492], [100.41662, 15.64417], [100.41745, 15.64338], [100.41783, 15.64243], [100.42072, 15.64167], [100.42479, 15.63957], [100.43001, 15.63533], [100.43026, 15.63194], [100.43007, 15.63105], [100.4306, 15.6299], [100.43055, 15.62929], [100.43246, 15.62652], [100.43356, 15.62405], [100.43508, 15.62294], [100.43676, 15.62302], [100.4375, 15.62335], [100.43933, 15.62242], [100.43995, 15.62106], [100.44063, 15.6206], [100.4418, 15.61796], [100.44498, 15.61745], [100.44369, 15.61207], [100.44492, 15.61147], [100.44622, 15.61008], [100.44693, 15.60764], [100.44675, 15.6061], [100.44979, 15.60526], [100.45013, 15.60459], [100.45112, 15.6038], [100.45225, 15.60351], [100.45387, 15.6044], [100.45503, 15.60451], [100.45635, 15.60576], [100.45891, 15.60726], [100.46066, 15.60881], [100.46106, 15.60881], [100.46182, 15.60969], [100.46564, 15.60883], [100.47315, 15.6064], [100.47551, 15.60607], [100.4807, 15.60642], [100.48534, 15.60631], [100.49466, 15.60773], [100.49726, 15.60886], [100.4983, 15.61339], [100.50361, 15.62136], [100.50422, 15.62348], [100.50172, 15.62473], [100.50297, 15.62942], [100.50311, 15.63146], [100.50072, 15.6318], [100.50013, 15.63218], [100.49973, 15.63296], [100.49837, 15.63335], [100.49831, 15.63406], [100.49695, 15.63578], [100.49592, 15.63622]]]}}, {"type": "Feature", "properties": {"code": "TH600802", "name": "พนมรอก", "name_en": "Phanom Rok", "district": "ท่าตะโก", "district_en": "Tha Tako", "area_km2": 99.7}, "geometry": {"type": "Polygon", "coordinates": [[[100.47416, 15.73789], [100.46517, 15.73465], [100.46295, 15.73323], [100.45699, 15.73903], [100.45287, 15.74405], [100.45055, 15.74584], [100.44957, 15.74596], [100.44219, 15.74585], [100.43793, 15.74463], [100.43255, 15.74252], [100.42887, 15.74224], [100.42796, 15.74303], [100.42739, 15.74304], [100.42662, 15.74213], [100.42605, 15.7422], [100.42519, 15.74171], [100.42421, 15.74205], [100.4235, 15.74091], [100.42182, 15.7409], [100.4199, 15.73979], [100.4198, 15.73888], [100.41804, 15.73869], [100.41713, 15.73783], [100.41563, 15.73714], [100.41379, 15.73818], [100.41166, 15.73839], [100.41188, 15.7418], [100.41099, 15.74205], [100.41046, 15.74261], [100.40799, 15.74209], [100.40502, 15.74204], [100.40489, 15.74319], [100.40308, 15.74327], [100.40287, 15.74283], [100.40196, 15.74281], [100.40183, 15.7422], [100.39703, 15.74221], [100.39671, 15.74227], [100.39682, 15.74276], [100.39463, 15.74328], [100.3901, 15.74386], [100.3896, 15.74354], [100.38801, 15.74365], [100.38635, 15.74418], [100.38567, 15.74225], [100.37814, 15.74313], [100.37745, 15.74106], [100.37471, 15.74182], [100.37196, 15.74188], [100.36329, 15.74386], [100.36754, 15.73893], [100.37041, 15.7336], [100.3736, 15.72376], [100.37429, 15.71978], [100.37607, 15.71322], [100.37551, 15.70413], [100.37439, 15.70417], [100.37345, 15.68558], [100.37409, 15.68592], [100.37501, 15.68574], [100.37597, 15.68683], [100.37796, 15.68732], [100.37813, 15.68816], [100.37747, 15.68952], [100.37804, 15.69012], [100.38096, 15.68705], [100.38186, 15.68717], [100.38341, 15.6868], [100.38335, 15.68431], [100.38528, 15.68429], [100.38554, 15.68296], [100.38625, 15.68276], [100.38632, 15.68216], [100.38877, 15.68184], [100.39225, 15.6823], [100.40223, 15.68147], [100.40193, 15.67892], [100.40375, 15.6784], [100.40482, 15.67738], [100.40465, 15.67564], [100.40795, 15.67531], [100.4081, 15.67559], [100.41507, 15.6746], [100.41487, 15.67337], [100.41818, 15.67282], [100.41829, 15.6733], [100.42162, 15.67294], [100.42137, 15.67166], [100.42408, 15.67128], [100.42624, 15.66988], [100.43575, 15.66656], [100.44446, 15.66055], [100.44516, 15.6604], [100.44535, 15.66329], [100.44645, 15.66359], [100.44713, 15.66467], [100.4478, 15.66486], [100.4483, 15.66437], [100.45007, 15.66483], [100.45137, 15.66407], [100.45245, 15.66461], [100.45316, 15.66455], [100.45456, 15.66301], [100.45784, 15.66147], [100.46259, 15.66024], [100.46528, 15.66013], [100.46592, 15.65903], [100.46694, 15.65914], [100.46744, 15.66141], [100.46748, 15.66304], [100.46706, 15.66435], [100.46759, 15.66703], [100.46724, 15.67317], [100.46811, 15.67452], [100.46969, 15.6747], [100.46949, 15.67555], [100.46985, 15.67578], [100.46948, 15.67713], [100.47701, 15.6768], [100.48147, 15.67725], [100.48302, 15.67692], [100.48726, 15.67822], [100.48686, 15.68168], [100.48726, 15.68468], [100.48687, 15.69342], [100.48702, 15.6975], [100.48659, 15.69959], [100.48714, 15.70108], [100.48744, 15.70485], [100.48847, 15.70524], [100.48841, 15.70637], [100.48901, 15.70673], [100.49045, 15.70669], [100.49235, 15.70551], [100.49335, 15.70537], [100.49374, 15.70472], [100.49472, 15.70523], [100.49645, 15.70404], [100.49745, 15.70439], [100.49767, 15.70493], [100.49849, 15.70524], [100.49937, 15.70662], [100.50041, 15.70692], [100.50121, 15.70673], [100.50236, 15.70938], [100.50362, 15.7107], [100.50415, 15.71079], [100.50393, 15.7116], [100.50477, 15.71262], [100.50425, 15.71274], [100.50407, 15.71374], [100.50511, 15.714], [100.50538, 15.71455], [100.50599, 15.71446], [100.50589, 15.71584], [100.5063, 15.71614], [100.50699, 15.71598], [100.50682, 15.71689], [100.50779, 15.71648], [100.50713, 15.71749], [100.50792, 15.71736], [100.50808, 15.71825], [100.50884, 15.71855], [100.50773, 15.7193], [100.50789, 15.71977], [100.50858, 15.71938], [100.50892, 15.7197], [100.50814, 15.71996], [100.50806, 15.72069], [100.50833, 15.72072], [100.50859, 15.72019], [100.50907, 15.72039], [100.51003, 15.72105], [100.50948, 15.72147], [100.50957, 15.72196], [100.51054, 15.72185], [100.51042, 15.72246], [100.51113, 15.7231], [100.51178, 15.72278], [100.51165, 15.72344], [100.51206, 15.72372], [100.51198, 15.72459], [100.51237, 15.72456], [100.51259, 15.72406], [100.51339, 15.72413], [100.51371, 15.72459], [100.51434, 15.724], [100.51592, 15.72377], [100.51622, 15.72462], [100.51668, 15.72467], [100.51713, 15.72549], [100.5168, 15.72657], [100.51793, 15.72622], [100.51798, 15.72709], [100.51978, 15.72807], [100.51937, 15.7285], [100.51653, 15.72953], [100.5163, 15.73244], [100.51394, 15.73244], [100.51371, 15.73341], [100.50889, 15.73184], [100.50334, 15.73058], [100.5018, 15.72984], [100.50129, 15.73064], [100.50115, 15.73251], [100.49926, 15.73341], [100.49703, 15.73539], [100.49034, 15.73936], [100.49048, 15.7439], [100.48347, 15.74173], [100.47416, 15.73789]]]}}, {"type": "Feature", "properties": {"code": "TH600803", "name": "หัวถนน", "name_en": "Hua Thanon", "district": "ท่าตะโก", "district_en": "Tha Tako", "area_km2": 101.0}, "geometry": {"type": "Polygon", "coordinates": [[[100.43001, 15.63533], [100.42281, 15.63537], [100.41921, 15.63487], [100.41318, 15.63503], [100.4123, 15.63327], [100.41164, 15.63333], [100.41075, 15.63197], [100.40988, 15.62912], [100.40774, 15.63008], [100.40611, 15.62197], [100.4054, 15.60821], [100.40401, 15.60828], [100.40253, 15.60774], [100.39847, 15.60864], [100.3977, 15.6089], [100.39765, 15.60932], [100.39568, 15.60996], [100.39483, 15.61083], [100.38859, 15.61312], [100.38661, 15.61441], [100.38607, 15.61398], [100.37971, 15.61477], [100.37872, 15.6128], [100.37772, 15.61251], [100.37611, 15.61361], [100.37384, 15.61432], [100.37181, 15.6158], [100.37055, 15.61716], [100.36073, 15.60562], [100.35518, 15.59977], [100.35573, 15.59862], [100.35149, 15.59744], [100.35211, 15.59566], [100.34305, 15.59315], [100.34759, 15.58801], [100.34908, 15.58739], [100.35005, 15.58738], [100.38366, 15.59382], [100.38231, 15.59174], [100.38266, 15.58965], [100.38216, 15.58761], [100.38174, 15.58713], [100.38146, 15.58479], [100.38177, 15.58341], [100.38344, 15.58039], [100.38347, 15.57952], [100.38285, 15.57772], [100.38396, 15.57591], [100.38439, 15.57295], [100.38697, 15.56945], [100.39454, 15.55768], [100.40129, 15.54839], [100.40273, 15.54733], [100.40699, 15.54148], [100.41001, 15.5383], [100.41589, 15.53763], [100.41701, 15.53686], [100.41754, 15.53734], [100.41869, 15.53737], [100.41939, 15.53713], [100.42003, 15.53632], [100.42133, 15.53636], [100.42198, 15.53429], [100.42243, 15.53384], [100.42346, 15.53386], [100.4242, 15.53275], [100.42439, 15.53132], [100.42413, 15.53084], [100.42641, 15.52919], [100.42822, 15.52964], [100.43058, 15.52801], [100.43172, 15.5284], [100.43416, 15.52828], [100.43589, 15.52857], [100.43726, 15.52756], [100.43873, 15.52971], [100.44836, 15.52978], [100.44888, 15.53017], [100.45361, 15.53029], [100.45452, 15.53267], [100.45727, 15.53431], [100.45888, 15.53413], [100.45942, 15.53439], [100.46043, 15.53523], [100.46058, 15.53594], [100.46149, 15.5364], [100.462, 15.53716], [100.4621, 15.53953], [100.46306, 15.54268], [100.46432, 15.54458], [100.46491, 15.54456], [100.46562, 15.54503], [100.46643, 15.54607], [100.46663, 15.54782], [100.46589, 15.55274], [100.46656, 15.55371], [100.46667, 15.55476], [100.46722, 15.55468], [100.46843, 15.5552], [100.46871, 15.5564], [100.46972, 15.5572], [100.47021, 15.55817], [100.47134, 15.55849], [100.47183, 15.55921], [100.47287, 15.55952], [100.47333, 15.56021], [100.47418, 15.56037], [100.47478, 15.56005], [100.4754, 15.56034], [100.47593, 15.56184], [100.47714, 15.56275], [100.47754, 15.56399], [100.47865, 15.56358], [100.48006, 15.56593], [100.48719, 15.56288], [100.49004, 15.57096], [100.49038, 15.57379], [100.4915, 15.57644], [100.4924, 15.57689], [100.49844, 15.58273], [100.49925, 15.58457], [100.49967, 15.58658], [100.50112, 15.58813], [100.50386, 15.59027], [100.50122, 15.59812], [100.50114, 15.60028], [100.49962, 15.60022], [100.50046, 15.60166], [100.50048, 15.60269], [100.5003, 15.603], [100.49749, 15.60343], [100.49726, 15.60886], [100.49466, 15.60773], [100.48534, 15.60631], [100.4807, 15.60642], [100.47551, 15.60607], [100.47315, 15.6064], [100.46564, 15.60883], [100.46182, 15.60969], [100.46106, 15.60881], [100.46066, 15.60881], [100.45891, 15.60726], [100.45635, 15.60576], [100.45503, 15.60451], [100.45387, 15.6044], [100.45225, 15.60351], [100.45112, 15.6038], [100.45013, 15.60459], [100.44979, 15.60526], [100.44675, 15.6061], [100.44693, 15.60764], [100.44622, 15.61008], [100.44492, 15.61147], [100.44369, 15.61207], [100.44498, 15.61745], [100.4418, 15.61796], [100.44063, 15.6206], [100.43995, 15.62106], [100.43933, 15.62242], [100.4375, 15.62335], [100.43676, 15.62302], [100.43508, 15.62294], [100.43356, 15.62405], [100.43246, 15.62652], [100.43055, 15.62929], [100.4306, 15.6299], [100.43007, 15.63105], [100.43026, 15.63194], [100.43001, 15.63533]]]}}, {"type": "Feature", "properties": {"code": "TH600804", "name": "สายลำโพง", "name_en": "Sai Lamphong", "district": "ท่าตะโก", "district_en": "Tha Tako", "area_km2": 89.9}, "geometry": {"type": "Polygon", "coordinates": [[[100.4846, 15.81425], [100.47774, 15.81607], [100.47521, 15.81582], [100.47435, 15.81653], [100.47202, 15.81726], [100.46719, 15.81803], [100.4696, 15.82703], [100.46693, 15.82755], [100.4536, 15.82893], [100.44965, 15.82982], [100.44644, 15.83103], [100.44371, 15.83152], [100.44127, 15.83172], [100.44039, 15.83132], [100.43882, 15.8036], [100.4342, 15.78859], [100.43356, 15.78612], [100.43379, 15.78576], [100.4336, 15.78512], [100.43223, 15.7827], [100.42983, 15.78006], [100.42793, 15.77647], [100.42598, 15.77687], [100.4253, 15.77518], [100.42418, 15.77519], [100.42291, 15.77079], [100.4204, 15.7712], [100.4211, 15.76753], [100.42167, 15.76726], [100.42079, 15.76567], [100.42282, 15.7649], [100.42303, 15.76167], [100.42227, 15.76095], [100.42279, 15.7589], [100.42255, 15.75824], [100.41938, 15.75741], [100.42286, 15.7479], [100.42633, 15.74455], [100.42739, 15.74304], [100.42796, 15.74303], [100.42887, 15.74224], [100.43255, 15.74252], [100.43793, 15.74463], [100.44219, 15.74585], [100.45045, 15.74588], [100.45287, 15.74405], [100.45699, 15.73903], [100.46295, 15.73323], [100.46517, 15.73465], [100.46975, 15.73615], [100.48347, 15.74173], [100.49048, 15.7439], [100.49034, 15.73936], [100.49703, 15.73539], [100.49926, 15.73341], [100.50115, 15.73251], [100.50129, 15.73064], [100.5018, 15.72984], [100.50334, 15.73058], [100.50889, 15.73184], [100.51371, 15.73341], [100.51394, 15.73244], [100.51625, 15.73248], [100.51653, 15.72953], [100.51979, 15.72814], [100.51936, 15.72765], [100.51857, 15.72757], [100.51798, 15.72709], [100.51793, 15.72622], [100.51678, 15.72653], [100.51713, 15.72549], [100.51602, 15.72406], [100.51638, 15.72091], [100.51941, 15.72029], [100.51942, 15.71998], [100.52644, 15.71905], [100.52744, 15.71934], [100.53036, 15.723], [100.53324, 15.72585], [100.53501, 15.72988], [100.53561, 15.72984], [100.53565, 15.73041], [100.53602, 15.73013], [100.53654, 15.73038], [100.53686, 15.72983], [100.53729, 15.73088], [100.53743, 15.73017], [100.53872, 15.73074], [100.53908, 15.73017], [100.53977, 15.73066], [100.53983, 15.72981], [100.54072, 15.73059], [100.54104, 15.73052], [100.54103, 15.73001], [100.54212, 15.73064], [100.54163, 15.73091], [100.54161, 15.73157], [100.54286, 15.73138], [100.54323, 15.73172], [100.54413, 15.73174], [100.54374, 15.73324], [100.54413, 15.73278], [100.54522, 15.73337], [100.54591, 15.73304], [100.54558, 15.73248], [100.54621, 15.73217], [100.54673, 15.73335], [100.54719, 15.73323], [100.5479, 15.73374], [100.54776, 15.73288], [100.54827, 15.73275], [100.54869, 15.73343], [100.54941, 15.73299], [100.54966, 15.73347], [100.55022, 15.73343], [100.55031, 15.73399], [100.5507, 15.73356], [100.55115, 15.73421], [100.55205, 15.73307], [100.55081, 15.7318], [100.55143, 15.73139], [100.55148, 15.73093], [100.55206, 15.73087], [100.55251, 15.73129], [100.55298, 15.73071], [100.55248, 15.73028], [100.55312, 15.7298], [100.55395, 15.72979], [100.55384, 15.73027], [100.55423, 15.73049], [100.55513, 15.7301], [100.55517, 15.72981], [100.55574, 15.73001], [100.55604, 15.72952], [100.55659, 15.72966], [100.55632, 15.73038], [100.55701, 15.73102], [100.55758, 15.73085], [100.55787, 15.73227], [100.55964, 15.73221], [100.55936, 15.73268], [100.56017, 15.73302], [100.5606, 15.73367], [100.56046, 15.73421], [100.56103, 15.73475], [100.56081, 15.73552], [100.56103, 15.73645], [100.56179, 15.73586], [100.56232, 15.73662], [100.56284, 15.73632], [100.56305, 15.73791], [100.56425, 15.7376], [100.56456, 15.73689], [100.5651, 15.737], [100.56523, 15.73649], [100.56563, 15.7365], [100.56598, 15.73709], [100.56686, 15.73701], [100.56689, 15.73773], [100.56757, 15.73712], [100.56771, 15.73815], [100.56813, 15.73837], [100.5682, 15.73891], [100.56846, 15.73884], [100.56852, 15.73818], [100.56907, 15.7383], [100.56896, 15.73897], [100.56974, 15.73953], [100.57023, 15.73834], [100.57096, 15.73918], [100.57146, 15.73917], [100.57138, 15.74013], [100.57195, 15.74024], [100.57256, 15.7396], [100.57281, 15.74043], [100.57144, 15.74103], [100.57204, 15.74134], [100.57187, 15.74235], [100.57265, 15.74273], [100.57333, 15.74443], [100.5745, 15.74347], [100.57415, 15.74459], [100.57457, 15.74476], [100.57473, 15.74527], [100.57606, 15.74541], [100.57588, 15.74568], [100.57687, 15.74728], [100.57724, 15.74652], [100.57772, 15.74639], [100.5779, 15.74746], [100.57889, 15.74724], [100.57933, 15.74745], [100.57999, 15.74656], [100.58092, 15.74633], [100.58142, 15.7469], [100.58215, 15.74692], [100.58215, 15.74745], [100.58257, 15.74755], [100.58286, 15.7471], [100.58284, 15.74753], [100.58334, 15.74773], [100.58342, 15.74828], [100.58398, 15.74808], [100.58446, 15.74849], [100.58539, 15.74809], [100.58659, 15.74845], [100.58678, 15.74916], [100.5875, 15.74925], [100.58703, 15.74968], [100.58819, 15.74935], [100.58833, 15.74982], [100.58914, 15.74999], [100.58958, 15.75148], [100.59024, 15.75138], [100.58984, 15.75298], [100.5903, 15.75446], [100.59129, 15.75527], [100.59122, 15.75586], [100.59065, 15.75636], [100.59292, 15.75644], [100.59356, 15.75863], [100.59215, 15.75957], [100.58822, 15.76048], [100.58713, 15.76024], [100.58622, 15.75802], [100.58117, 15.75635], [100.58042, 15.75672], [100.57917, 15.75658], [100.57807, 15.75701], [100.57787, 15.75736], [100.5768, 15.75717], [100.57553, 15.75784], [100.57296, 15.75776], [100.57074, 15.75651], [100.56991, 15.75676], [100.57006, 15.75553], [100.56951, 15.75504], [100.56804, 15.75501], [100.56816, 15.75387], [100.56661, 15.75351], [100.5662, 15.75191], [100.56402, 15.74988], [100.56322, 15.7503], [100.56278, 15.75], [100.56258, 15.75054], [100.56219, 15.75024], [100.56212, 15.75084], [100.56068, 15.75155], [100.55971, 15.75171], [100.55885, 15.75131], [100.55772, 15.75195], [100.55763, 15.75123], [100.55684, 15.7516], [100.55646, 15.75134], [100.55608, 15.75154], [100.55541, 15.7509], [100.55402, 15.75223], [100.55332, 15.75163], [100.55283, 15.75162], [100.55262, 15.75202], [100.55237, 15.75164], [100.55203, 15.75185], [100.55185, 15.75129], [100.55123, 15.75156], [100.55041, 15.75141], [100.55078, 15.75009], [100.54915, 15.75019], [100.54903, 15.74955], [100.54836, 15.74979], [100.54807, 15.74946], [100.5475, 15.7498], [100.54755, 15.74922], [100.54705, 15.74902], [100.54673, 15.74932], [100.54649, 15.74885], [100.54571, 15.74889], [100.54549, 15.74858], [100.54527, 15.74931], [100.54479, 15.74904], [100.54411, 15.74965], [100.54342, 15.74877], [100.54229, 15.74852], [100.54232, 15.74801], [100.54171, 15.74802], [100.5415, 15.74839], [100.54131, 15.74802], [100.54155, 15.74733], [100.54052, 15.74733], [100.54023, 15.74666], [100.53994, 15.7473], [100.53705, 15.74808], [100.53349, 15.74857], [100.53152, 15.74925], [100.53025, 15.75015], [100.52853, 15.75311], [100.52523, 15.75459], [100.52347, 15.75621], [100.52227, 15.75898], [100.51824, 15.76367], [100.51701, 15.76817], [100.51158, 15.77382], [100.50785, 15.78093], [100.50472, 15.78573], [100.50352, 15.78648], [100.50035, 15.78676], [100.49655, 15.78608], [100.49082, 15.79122], [100.48798, 15.79335], [100.48679, 15.79555], [100.4864, 15.80592], [100.48527, 15.8121], [100.4846, 15.81425]]]}}, {"type": "Feature", "properties": {"code": "TH600805", "name": "วังมหากร", "name_en": "Wang Mahakon", "district": "ท่าตะโก", "district_en": "Tha Tako", "area_km2": 101.5}, "geometry": {"type": "Polygon", "coordinates": [[[100.30057, 15.69354], [100.2963, 15.6929], [100.28896, 15.69429], [100.2895, 15.68293], [100.2883, 15.67838], [100.28822, 15.67692], [100.28901, 15.67673], [100.28979, 15.67224], [100.28949, 15.66503], [100.28702, 15.65772], [100.28677, 15.65605], [100.29539, 15.65534], [100.29496, 15.65321], [100.29454, 15.64553], [100.2947, 15.64492], [100.29682, 15.64498], [100.29644, 15.64291], [100.29745, 15.64258], [100.29637, 15.63677], [100.29635, 15.63418], [100.30746, 15.63355], [100.30885, 15.6329], [100.34305, 15.59315], [100.35211, 15.59566], [100.35149, 15.59744], [100.35573, 15.59862], [100.35518, 15.59977], [100.36073, 15.60562], [100.37055, 15.61716], [100.37181, 15.6158], [100.37384, 15.61432], [100.37611, 15.61361], [100.37772, 15.61251], [100.37872, 15.6128], [100.37971, 15.61477], [100.38607, 15.61398], [100.38661, 15.61441], [100.38859, 15.61312], [100.39483, 15.61083], [100.39568, 15.60996], [100.39765, 15.60932], [100.3977, 15.6089], [100.39847, 15.60864], [100.40253, 15.60774], [100.40401, 15.60828], [100.4054, 15.60821], [100.40611, 15.62197], [100.40774, 15.63008], [100.40988, 15.62912], [100.41075, 15.63197], [100.41164, 15.63333], [100.4123, 15.63327], [100.41318, 15.63503], [100.41893, 15.63486], [100.42331, 15.63539], [100.43001, 15.63533], [100.42479, 15.63957], [100.42072, 15.64167], [100.41783, 15.64243], [100.41745, 15.64338], [100.41662, 15.64417], [100.4172, 15.64492], [100.41689, 15.64795], [100.41749, 15.65397], [100.41866, 15.65724], [100.41643, 15.65806], [100.41171, 15.66553], [100.41234, 15.66749], [100.41064, 15.6678], [100.41036, 15.66729], [100.40809, 15.66733], [100.40797, 15.67528], [100.40462, 15.67567], [100.40482, 15.67738], [100.40375, 15.6784], [100.40193, 15.67892], [100.40223, 15.68147], [100.39225, 15.6823], [100.38877, 15.68184], [100.38632, 15.68216], [100.38625, 15.68276], [100.38554, 15.68296], [100.38528, 15.68429], [100.38335, 15.68431], [100.38341, 15.6868], [100.38186, 15.68717], [100.38096, 15.68705], [100.37804, 15.69012], [100.37747, 15.68952], [100.37813, 15.68816], [100.37796, 15.68732], [100.37597, 15.68683], [100.37501, 15.68574], [100.37365, 15.68578], [100.37305, 15.68433], [100.37213, 15.6844], [100.37172, 15.68535], [100.37006, 15.68581], [100.36808, 15.68254], [100.3672, 15.68213], [100.36585, 15.68275], [100.3645, 15.68181], [100.36303, 15.68137], [100.36235, 15.6816], [100.35587, 15.6809], [100.35003, 15.68104], [100.34973, 15.67862], [100.34784, 15.67829], [100.33997, 15.67898], [100.33779, 15.67988], [100.33679, 15.6795], [100.33535, 15.68076], [100.33505, 15.68062], [100.33394, 15.68592], [100.3275, 15.68497], [100.3216, 15.68363], [100.32128, 15.68306], [100.32088, 15.68306], [100.32059, 15.68373], [100.31968, 15.68381], [100.31902, 15.68447], [100.31871, 15.68604], [100.31804, 15.68684], [100.31586, 15.68783], [100.31437, 15.68901], [100.31101, 15.69041], [100.30981, 15.68971], [100.30809, 15.68796], [100.30571, 15.68699], [100.30123, 15.68724], [100.30057, 15.68764], [100.30057, 15.69354]]]}}, {"type": "Feature", "properties": {"code": "TH600806", "name": "ดอนคา", "name_en": "Don Kha", "district": "ท่าตะโก", "district_en": "Tha Tako", "area_km2": 111.3}, "geometry": {"type": "Polygon", "coordinates": [[[100.59752, 15.74272], [100.59647, 15.74343], [100.59647, 15.744], [100.59601, 15.74407], [100.59606, 15.74453], [100.59522, 15.74443], [100.59504, 15.74513], [100.59411, 15.74539], [100.59455, 15.74604], [100.59418, 15.74675], [100.59364, 15.74711], [100.59348, 15.74673], [100.59294, 15.74688], [100.59283, 15.7475], [100.59221, 15.74791], [100.59228, 15.7485], [100.59174, 15.7486], [100.59247, 15.74962], [100.59209, 15.74947], [100.59195, 15.75005], [100.59148, 15.74988], [100.59105, 15.75041], [100.59064, 15.75043], [100.59021, 15.74997], [100.58836, 15.74984], [100.58816, 15.74935], [100.58705, 15.7497], [100.58748, 15.74921], [100.58686, 15.74922], [100.5867, 15.74854], [100.58582, 15.74817], [100.58508, 15.7481], [100.58446, 15.74849], [100.58398, 15.74808], [100.58342, 15.74828], [100.58334, 15.74773], [100.58284, 15.74753], [100.58286, 15.7471], [100.58257, 15.74755], [100.58215, 15.74745], [100.58215, 15.74692], [100.58142, 15.7469], [100.58092, 15.74633], [100.57999, 15.74656], [100.57933, 15.74745], [100.57889, 15.74724], [100.5779, 15.74746], [100.57772, 15.74639], [100.57724, 15.74652], [100.5769, 15.7473], [100.57588, 15.74568], [100.57606, 15.74541], [100.57473, 15.74527], [100.57457, 15.74476], [100.57415, 15.74459], [100.5745, 15.74347], [100.57333, 15.74443], [100.57265, 15.74273], [100.57187, 15.74235], [100.57204, 15.74134], [100.57144, 15.74103], [100.57281, 15.74043], [100.57256, 15.7396], [100.57195, 15.74024], [100.57138, 15.74013], [100.57146, 15.73917], [100.57096, 15.73918], [100.57023, 15.73834], [100.56974, 15.73953], [100.56896, 15.73897], [100.56907, 15.7383], [100.56852, 15.73818], [100.56846, 15.73884], [100.5682, 15.73891], [100.56813, 15.73837], [100.56771, 15.73815], [100.56757, 15.73712], [100.56689, 15.73773], [100.56686, 15.73701], [100.56598, 15.73709], [100.56563, 15.7365], [100.56523, 15.73649], [100.5651, 15.737], [100.56456, 15.73689], [100.56425, 15.7376], [100.56305, 15.73791], [100.56284, 15.73632], [100.56232, 15.73662], [100.56179, 15.73586], [100.56103, 15.73645], [100.56081, 15.73552], [100.56103, 15.73475], [100.56046, 15.73421], [100.5606, 15.73367], [100.56017, 15.73302], [100.55936, 15.73268], [100.55964, 15.73221], [100.55787, 15.73227], [100.55758, 15.73085], [100.55701, 15.73102], [100.55632, 15.73038], [100.55659, 15.72966], [100.55604, 15.72952], [100.55574, 15.73001], [100.55517, 15.72981], [100.55513, 15.7301], [100.55423, 15.73049], [100.55384, 15.73027], [100.55395, 15.72979], [100.55312, 15.7298], [100.55248, 15.73028], [100.55298, 15.73071], [100.55251, 15.73129], [100.55206, 15.73087], [100.55148, 15.73093], [100.55143, 15.73139], [100.55081, 15.7318], [100.55205, 15.73307], [100.55115, 15.73421], [100.5507, 15.73356], [100.55031, 15.73399], [100.55022, 15.73343], [100.54966, 15.73347], [100.54941, 15.73299], [100.54869, 15.73343], [100.54827, 15.73275], [100.54776, 15.73288], [100.5479, 15.73374], [100.54719, 15.73323], [100.54673, 15.73335], [100.54621, 15.73217], [100.54558, 15.73248], [100.54591, 15.73304], [100.54522, 15.73337], [100.54413, 15.73278], [100.54374, 15.73324], [100.54413, 15.73174], [100.54323, 15.73172], [100.54286, 15.73138], [100.54161, 15.73157], [100.54163, 15.73091], [100.54212, 15.73064], [100.54103, 15.73001], [100.54104, 15.73052], [100.54072, 15.73059], [100.53983, 15.72981], [100.53977, 15.73066], [100.53908, 15.73017], [100.53872, 15.73074], [100.53743, 15.73017], [100.53729, 15.73088], [100.53686, 15.72983], [100.53654, 15.73038], [100.53602, 15.73013], [100.53565, 15.73041], [100.53561, 15.72984], [100.53501, 15.72988], [100.53324, 15.72585], [100.53036, 15.723], [100.52744, 15.71934], [100.52644, 15.71905], [100.51942, 15.71998], [100.51941, 15.72029], [100.51818, 15.72067], [100.5164, 15.7209], [100.5161, 15.72405], [100.5159, 15.72376], [100.51434, 15.724], [100.51367, 15.72459], [100.51339, 15.72413], [100.51265, 15.72405], [100.51202, 15.72461], [100.51181, 15.72434], [100.51204, 15.72367], [100.51165, 15.72344], [100.51178, 15.72278], [100.51113, 15.7231], [100.51042, 15.72246], [100.51054, 15.72185], [100.50957, 15.72196], [100.50948, 15.72147], [100.51003, 15.72105], [100.50907, 15.72039], [100.50862, 15.72018], [100.50833, 15.72072], [100.50805, 15.72066], [100.50814, 15.71996], [100.50892, 15.7197], [100.50858, 15.71938], [100.50789, 15.71977], [100.50773, 15.7193], [100.50884, 15.71855], [100.50808, 15.71825], [100.50792, 15.71736], [100.50713, 15.71749], [100.50779, 15.71648], [100.50682, 15.71689], [100.50699, 15.71598], [100.5063, 15.71614], [100.50589, 15.71584], [100.50599, 15.71446], [100.50538, 15.71455], [100.50511, 15.714], [100.50407, 15.71374], [100.50425, 15.71274], [100.50477, 15.71262], [100.50393, 15.7116], [100.50415, 15.71079], [100.50362, 15.7107], [100.50236, 15.70938], [100.50121, 15.70673], [100.50041, 15.70692], [100.49937, 15.70662], [100.49849, 15.70524], [100.49767, 15.70493], [100.49745, 15.70439], [100.49645, 15.70404], [100.49472, 15.70523], [100.49374, 15.70472], [100.49335, 15.70537], [100.49235, 15.70551], [100.49045, 15.70669], [100.48901, 15.70673], [100.48841, 15.70637], [100.48847, 15.70524], [100.48744, 15.70485], [100.48714, 15.70108], [100.48659, 15.69959], [100.48702, 15.6975], [100.48687, 15.69342], [100.48726, 15.68468], [100.48686, 15.68168], [100.48726, 15.67822], [100.48302, 15.67692], [100.48147, 15.67725], [100.47701, 15.6768], [100.46948, 15.67713], [100.47401, 15.66035], [100.47566, 15.65539], [100.47666, 15.65547], [100.47855, 15.65687], [100.47933, 15.65702], [100.48083, 15.6549], [100.48495, 15.65327], [100.48726, 15.65043], [100.4896, 15.65093], [100.49084, 15.65014], [100.49204, 15.65019], [100.4927, 15.64985], [100.49391, 15.64247], [100.49369, 15.64049], [100.49434, 15.64032], [100.49407, 15.63928], [100.49419, 15.63803], [100.49539, 15.6371], [100.49592, 15.63622], [100.49695, 15.63578], [100.49831, 15.63406], [100.49837, 15.63335], [100.49973, 15.63296], [100.50013, 15.63218], [100.50072, 15.6318], [100.50258, 15.63174], [100.50316, 15.63139], [100.50297, 15.62942], [100.50172, 15.62473], [100.50422, 15.62348], [100.50361, 15.62136], [100.50592, 15.62146], [100.50645, 15.62024], [100.50805, 15.62102], [100.50869, 15.62067], [100.50966, 15.62099], [100.50994, 15.6196], [100.51149, 15.61927], [100.51213, 15.6186], [100.51279, 15.61862], [100.51295, 15.61799], [100.51374, 15.61844], [100.51426, 15.61751], [100.51451, 15.61797], [100.51502, 15.61791], [100.51559, 15.61834], [100.51635, 15.61782], [100.51657, 15.61839], [100.51774, 15.61919], [100.5188, 15.61942], [100.51897, 15.61897], [100.51947, 15.61896], [100.51975, 15.62024], [100.52291, 15.6253], [100.52397, 15.62814], [100.52476, 15.6283], [100.525, 15.629], [100.52591, 15.62921], [100.52895, 15.62791], [100.52925, 15.62703], [100.52991, 15.6272], [100.52995, 15.62802], [100.53072, 15.62807], [100.5313, 15.62683], [100.53286, 15.62633], [100.53298, 15.62567], [100.5334, 15.62538], [100.53291, 15.62455], [100.53344, 15.62413], [100.53335, 15.62327], [100.53406, 15.62319], [100.53396, 15.62239], [100.53461, 15.62253], [100.53507, 15.62182], [100.53584, 15.62217], [100.53629, 15.62143], [100.53659, 15.62199], [100.53789, 15.62141], [100.53805, 15.62098], [100.53754, 15.62036], [100.53802, 15.61995], [100.53816, 15.61925], [100.53966, 15.61941], [100.54182, 15.61744], [100.5417, 15.61499], [100.54376, 15.61434], [100.54571, 15.61234], [100.54646, 15.61268], [100.54731, 15.61249], [100.54768, 15.61291], [100.54861, 15.61259], [100.54875, 15.61322], [100.54907, 15.61335], [100.54993, 15.61663], [100.55087, 15.6267], [100.55639, 15.64741], [100.55948, 15.65568], [100.56444, 15.66623], [100.56815, 15.67315], [100.57778, 15.68856], [100.58164, 15.69396], [100.58909, 15.70653], [100.59231, 15.71082], [100.59582, 15.71623], [100.60098, 15.72282], [100.60715, 15.72953], [100.61152, 15.73526], [100.61501, 15.73762], [100.61792, 15.7406], [100.61642, 15.74064], [100.61636, 15.741], [100.61555, 15.74064], [100.61526, 15.74113], [100.61333, 15.7423], [100.61284, 15.74191], [100.61224, 15.74204], [100.61237, 15.74159], [100.61181, 15.74146], [100.61158, 15.74085], [100.61053, 15.7403], [100.61008, 15.73913], [100.60803, 15.73954], [100.60635, 15.73895], [100.60595, 15.73973], [100.60541, 15.73894], [100.60373, 15.73937], [100.60309, 15.74025], [100.60152, 15.74022], [100.60032, 15.74069], [100.59962, 15.74175], [100.5989, 15.74196], [100.5985, 15.74151], [100.59808, 15.74277], [100.59752, 15.74272]]]}}, {"type": "Feature", "properties": {"code": "TH600807", "name": "ทำนบ", "name_en": "Thamnop", "district": "ท่าตะโก", "district_en": "Tha Tako", "area_km2": 60.6}, "geometry": {"type": "Polygon", "coordinates": [[[100.54907, 15.61335], [100.54857, 15.61257], [100.54768, 15.61291], [100.54731, 15.61249], [100.54646, 15.61268], [100.54574, 15.61233], [100.54376, 15.61434], [100.54177, 15.61494], [100.54155, 15.61535], [100.54182, 15.61744], [100.53966, 15.61941], [100.53816, 15.61925], [100.53802, 15.61995], [100.53754, 15.62036], [100.53805, 15.62098], [100.53789, 15.62141], [100.53659, 15.62199], [100.53629, 15.62143], [100.53584, 15.62217], [100.53507, 15.62182], [100.53461, 15.62253], [100.53396, 15.62239], [100.53406, 15.62319], [100.53335, 15.62327], [100.53344, 15.62413], [100.53291, 15.62455], [100.5334, 15.62538], [100.53298, 15.62567], [100.53286, 15.62633], [100.5313, 15.62683], [100.53072, 15.62807], [100.52995, 15.62802], [100.52991, 15.6272], [100.52925, 15.62703], [100.52888, 15.62796], [100.52585, 15.62922], [100.52496, 15.62896], [100.52476, 15.6283], [100.52397, 15.62814], [100.52291, 15.6253], [100.51975, 15.62024], [100.51947, 15.61896], [100.51897, 15.61897], [100.5188, 15.61942], [100.51774, 15.61919], [100.51657, 15.61839], [100.51635, 15.61782], [100.51559, 15.61834], [100.51502, 15.61791], [100.51451, 15.61797], [100.51426, 15.61751], [100.51374, 15.61844], [100.51295, 15.61799], [100.51279, 15.61862], [100.51213, 15.6186], [100.51149, 15.61927], [100.50994, 15.6196], [100.50966, 15.62099], [100.50869, 15.62067], [100.50805, 15.62102], [100.50645, 15.62024], [100.50592, 15.62146], [100.50361, 15.62136], [100.49855, 15.61383], [100.49759, 15.61101], [100.49726, 15.60886], [100.49749, 15.60343], [100.50043, 15.60284], [100.50046, 15.60166], [100.49962, 15.60022], [100.50114, 15.60028], [100.50122, 15.59812], [100.50383, 15.59032], [100.50575, 15.58823], [100.50536, 15.58732], [100.50837, 15.58605], [100.51035, 15.58593], [100.51408, 15.58674], [100.51597, 15.58793], [100.51679, 15.58741], [100.51663, 15.58695], [100.51684, 15.58673], [100.52008, 15.58523], [100.51943, 15.58149], [100.52026, 15.5812], [100.51977, 15.58024], [100.51987, 15.57751], [100.52146, 15.5735], [100.52452, 15.5739], [100.52522, 15.57543], [100.52827, 15.5741], [100.52843, 15.57368], [100.52945, 15.5731], [100.53544, 15.57037], [100.53798, 15.56957], [100.53844, 15.5705], [100.54009, 15.57006], [100.53605, 15.55929], [100.53935, 15.55805], [100.53731, 15.55379], [100.53707, 15.54733], [100.53771, 15.54334], [100.53653, 15.53964], [100.53748, 15.53788], [100.538, 15.53737], [100.53867, 15.5373], [100.53865, 15.53639], [100.53821, 15.5362], [100.53817, 15.53581], [100.53703, 15.53574], [100.53656, 15.5354], [100.53672, 15.53498], [100.53611, 15.53319], [100.53685, 15.53265], [100.53664, 15.53197], [100.53582, 15.53131], [100.53548, 15.5315], [100.53472, 15.53067], [100.53498, 15.5302], [100.53451, 15.53017], [100.53439, 15.5294], [100.53384, 15.52943], [100.53392, 15.52893], [100.53329, 15.5291], [100.53336, 15.52847], [100.53254, 15.52809], [100.5334, 15.52747], [100.53315, 15.52666], [100.53362, 15.52496], [100.53302, 15.52481], [100.53298, 15.52439], [100.53203, 15.52381], [100.53228, 15.52292], [100.53172, 15.52278], [100.53124, 15.51923], [100.53002, 15.51781], [100.52992, 15.51626], [100.53284, 15.5172], [100.53367, 15.51887], [100.53676, 15.5187], [100.54433, 15.52048], [100.54605, 15.51874], [100.5526, 15.51902], [100.55604, 15.52033], [100.55784, 15.52201], [100.56068, 15.52345], [100.56215, 15.52387], [100.56586, 15.52394], [100.56772, 15.5253], [100.57316, 15.53415], [100.57468, 15.53722], [100.57719, 15.54397], [100.57885, 15.56381], [100.57889, 15.5787], [100.57862, 15.59299], [100.57738, 15.60019], [100.57685, 15.60696], [100.57158, 15.60618], [100.56903, 15.60627], [100.56598, 15.60686], [100.56337, 15.6063], [100.56168, 15.6051], [100.56151, 15.60575], [100.56057, 15.60671], [100.55947, 15.60631], [100.55833, 15.60669], [100.5565, 15.60663], [100.55601, 15.60727], [100.55601, 15.60796], [100.55514, 15.60836], [100.5543, 15.60814], [100.55411, 15.6086], [100.55266, 15.60953], [100.55269, 15.61029], [100.55175, 15.61036], [100.55172, 15.61123], [100.55027, 15.61152], [100.54955, 15.61251], [100.54945, 15.61326], [100.54907, 15.61335]]]}}, {"type": "Feature", "properties": {"code": "TH600808", "name": "วังใหญ่", "name_en": "Wang Yai", "district": "ท่าตะโก", "district_en": "Tha Tako", "area_km2": 58.7}, "geometry": {"type": "Polygon", "coordinates": [[[100.42739, 15.74304], [100.42633, 15.74455], [100.42286, 15.7479], [100.41938, 15.75741], [100.42255, 15.75824], [100.42279, 15.7589], [100.42227, 15.76095], [100.42303, 15.76167], [100.42282, 15.7649], [100.42079, 15.76567], [100.42167, 15.76726], [100.4211, 15.76753], [100.4204, 15.7712], [100.42291, 15.77079], [100.42418, 15.77519], [100.4253, 15.77518], [100.42598, 15.77687], [100.42793, 15.77647], [100.42983, 15.78006], [100.43223, 15.7827], [100.4336, 15.78512], [100.43379, 15.78576], [100.43356, 15.78612], [100.4342, 15.78859], [100.43882, 15.8036], [100.44039, 15.83132], [100.43873, 15.83058], [100.43726, 15.82891], [100.43582, 15.82807], [100.43446, 15.82763], [100.43337, 15.82777], [100.43204, 15.82678], [100.42996, 15.82753], [100.42754, 15.82664], [100.42638, 15.82472], [100.4256, 15.82427], [100.42305, 15.82426], [100.4203, 15.82503], [100.41935, 15.82559], [100.41797, 15.82504], [100.41701, 15.82411], [100.41313, 15.82253], [100.41038, 15.82322], [100.40706, 15.82308], [100.40702, 15.82271], [100.40626, 15.82256], [100.4047, 15.82132], [100.40362, 15.82113], [100.40219, 15.82032], [100.40029, 15.81763], [100.39779, 15.81746], [100.39083, 15.81296], [100.38201, 15.80607], [100.37713, 15.80171], [100.37492, 15.79927], [100.36936, 15.79964], [100.36655, 15.79929], [100.36168, 15.79764], [100.36112, 15.79353], [100.36197, 15.78556], [100.36356, 15.78393], [100.36274, 15.76596], [100.36269, 15.75208], [100.36317, 15.74909], [100.36329, 15.74386], [100.37196, 15.74188], [100.37471, 15.74182], [100.37745, 15.74106], [100.37814, 15.74313], [100.38567, 15.74225], [100.38635, 15.74418], [100.38801, 15.74365], [100.3896, 15.74354], [100.3901, 15.74386], [100.39463, 15.74328], [100.39682, 15.74276], [100.39671, 15.74227], [100.39703, 15.74221], [100.40183, 15.7422], [100.40196, 15.74281], [100.40287, 15.74283], [100.40308, 15.74327], [100.40489, 15.74319], [100.40502, 15.74204], [100.40799, 15.74209], [100.41046, 15.74261], [100.41099, 15.74205], [100.41188, 15.7418], [100.41166, 15.73839], [100.41379, 15.73818], [100.41563, 15.73714], [100.41713, 15.73783], [100.41804, 15.73869], [100.4198, 15.73888], [100.4199, 15.73979], [100.42182, 15.7409], [100.4235, 15.74091], [100.42421, 15.74205], [100.42519, 15.74171], [100.42605, 15.7422], [100.42662, 15.74213], [100.42739, 15.74304]]]}}, {"type": "Feature", "properties": {"code": "TH600809", "name": "พนมเศษ", "name_en": "Phanom Set", "district": "ท่าตะโก", "district_en": "Tha Tako", "area_km2": 62.3}, "geometry": {"type": "Polygon", "coordinates": [[[100.36329, 15.74386], [100.36317, 15.74909], [100.36269, 15.75208], [100.36274, 15.76596], [100.36356, 15.78393], [100.36197, 15.78556], [100.36112, 15.79353], [100.36168, 15.79764], [100.35467, 15.79083], [100.34841, 15.78617], [100.33971, 15.77777], [100.33827, 15.77679], [100.3318, 15.774], [100.32732, 15.7732], [100.318, 15.77223], [100.31488, 15.77143], [100.31354, 15.77031], [100.31316, 15.76915], [100.31344, 15.76632], [100.31525, 15.76201], [100.31801, 15.75891], [100.32389, 15.75471], [100.32759, 15.75019], [100.32812, 15.74804], [100.32839, 15.74209], [100.32005, 15.72547], [100.31872, 15.72373], [100.31573, 15.72158], [100.3144, 15.71702], [100.31075, 15.70815], [100.31096, 15.70723], [100.30244, 15.70355], [100.3008, 15.7002], [100.29957, 15.69868], [100.30057, 15.69354], [100.30057, 15.68764], [100.30268, 15.68702], [100.30571, 15.68699], [100.30809, 15.68796], [100.30981, 15.68971], [100.31101, 15.69041], [100.31437, 15.68901], [100.31586, 15.68783], [100.31804, 15.68684], [100.31871, 15.68604], [100.31902, 15.68447], [100.31968, 15.68381], [100.32056, 15.68375], [100.32065, 15.68317], [100.3211, 15.68303], [100.32151, 15.6836], [100.3275, 15.68497], [100.33394, 15.68592], [100.33505, 15.68062], [100.33535, 15.68076], [100.33669, 15.67955], [100.33779, 15.67988], [100.33988, 15.67899], [100.34712, 15.67831], [100.34973, 15.67862], [100.35003, 15.68104], [100.35868, 15.68101], [100.36235, 15.6816], [100.36362, 15.6815], [100.36571, 15.68273], [100.36686, 15.68215], [100.36771, 15.68229], [100.37017, 15.68584], [100.37172, 15.68535], [100.37213, 15.6844], [100.37321, 15.68443], [100.37439, 15.70417], [100.37551, 15.70413], [100.37607, 15.71322], [100.37429, 15.71978], [100.3736, 15.72376], [100.37041, 15.7336], [100.36754, 15.73893], [100.36329, 15.74386]]]}}, {"type": "Feature", "properties": {"code": "TH600810", "name": "หนองหลวง", "name_en": "Nong Luang", "district": "ท่าตะโก", "district_en": "Tha Tako", "area_km2": 105.8}, "geometry": {"type": "Polygon", "coordinates": [[[100.52992, 15.51626], [100.53002, 15.51781], [100.53124, 15.51923], [100.53172, 15.52278], [100.53228, 15.52292], [100.53203, 15.52381], [100.53298, 15.52439], [100.53302, 15.52481], [100.53362, 15.52496], [100.53315, 15.52666], [100.5334, 15.52747], [100.53254, 15.52809], [100.53336, 15.52847], [100.53329, 15.5291], [100.53392, 15.52893], [100.53384, 15.52943], [100.53439, 15.5294], [100.53451, 15.53017], [100.53498, 15.5302], [100.53472, 15.53067], [100.53548, 15.5315], [100.53582, 15.53131], [100.53664, 15.53197], [100.53685, 15.53265], [100.53611, 15.53319], [100.53672, 15.53498], [100.53656, 15.5354], [100.53703, 15.53574], [100.53817, 15.53581], [100.53821, 15.5362], [100.53865, 15.53639], [100.53867, 15.5373], [100.538, 15.53737], [100.53748, 15.53788], [100.53653, 15.53964], [100.53771, 15.54334], [100.53707, 15.54733], [100.53731, 15.55379], [100.53935, 15.55805], [100.53605, 15.55929], [100.54009, 15.57006], [100.53844, 15.5705], [100.53798, 15.56957], [100.53544, 15.57037], [100.52945, 15.5731], [100.52843, 15.57368], [100.52827, 15.5741], [100.52522, 15.57543], [100.52452, 15.5739], [100.52146, 15.5735], [100.51987, 15.57751], [100.51977, 15.58024], [100.52026, 15.5812], [100.51943, 15.58149], [100.52008, 15.58523], [100.51684, 15.58673], [100.51663, 15.58695], [100.51679, 15.58741], [100.51597, 15.58793], [100.51408, 15.58674], [100.51057, 15.58594], [100.50831, 15.58606], [100.50536, 15.58732], [100.50575, 15.58823], [100.50386, 15.59027], [100.50112, 15.58813], [100.49967, 15.58658], [100.49925, 15.58457], [100.49844, 15.58273], [100.4924, 15.57689], [100.4915, 15.57644], [100.49038, 15.57379], [100.49004, 15.57096], [100.48719, 15.56288], [100.48006, 15.56593], [100.47865, 15.56358], [100.47754, 15.56399], [100.47714, 15.56275], [100.47593, 15.56184], [100.4754, 15.56034], [100.47478, 15.56005], [100.47418, 15.56037], [100.47333, 15.56021], [100.47287, 15.55952], [100.47183, 15.55921], [100.47134, 15.55849], [100.47021, 15.55817], [100.46972, 15.5572], [100.46871, 15.5564], [100.46843, 15.5552], [100.46722, 15.55468], [100.46667, 15.55476], [100.46656, 15.55371], [100.46589, 15.55274], [100.46663, 15.54782], [100.46643, 15.54607], [100.46562, 15.54503], [100.46491, 15.54456], [100.46432, 15.54458], [100.46306, 15.54268], [100.4621, 15.53953], [100.462, 15.53716], [100.46149, 15.5364], [100.46058, 15.53594], [100.46043, 15.53523], [100.45942, 15.53439], [100.45888, 15.53413], [100.45727, 15.53431], [100.45452, 15.53267], [100.45361, 15.53029], [100.4571, 15.53127], [100.46442, 15.53411], [100.46922, 15.5353], [100.47108, 15.5351], [100.47232, 15.53336], [100.47441, 15.52797], [100.4745, 15.51959], [100.4753, 15.51816], [100.47769, 15.5162], [100.47948, 15.51518], [100.48695, 15.51259], [100.49395, 15.50775], [100.4958, 15.50563], [100.49636, 15.50094], [100.49664, 15.5003], [100.49718, 15.50014], [100.49706, 15.49926], [100.49743, 15.49833], [100.4967, 15.49735], [100.49709, 15.49633], [100.49699, 15.49557], [100.49487, 15.49271], [100.49328, 15.49147], [100.49187, 15.49131], [100.48997, 15.49179], [100.48978, 15.49066], [100.49037, 15.49015], [100.48982, 15.48957], [100.48903, 15.48954], [100.48844, 15.48909], [100.48841, 15.4878], [100.48752, 15.48738], [100.486, 15.48776], [100.48445, 15.48659], [100.48406, 15.48596], [100.48414, 15.48526], [100.48302, 15.48441], [100.48241, 15.48251], [100.48307, 15.4823], [100.48309, 15.48191], [100.48086, 15.47966], [100.4806, 15.47893], [100.48071, 15.47861], [100.48147, 15.47839], [100.48086, 15.47717], [100.48122, 15.47597], [100.48173, 15.47559], [100.48182, 15.47464], [100.4817, 15.47159], [100.48103, 15.47091], [100.48157, 15.4707], [100.48161, 15.47013], [100.48205, 15.47005], [100.48222, 15.46884], [100.48268, 15.46832], [100.48181, 15.46704], [100.48265, 15.46607], [100.48234, 15.4659], [100.48252, 15.46512], [100.48301, 15.46465], [100.48363, 15.46466], [100.48374, 15.46427], [100.48317, 15.46352], [100.48221, 15.46317], [100.48275, 15.46219], [100.4827, 15.46125], [100.48376, 15.46067], [100.48446, 15.46068], [100.48539, 15.45982], [100.48599, 15.45992], [100.4868, 15.4594], [100.48782, 15.45939], [100.48792, 15.45807], [100.48865, 15.45754], [100.48826, 15.45682], [100.48784, 15.45698], [100.48696, 15.45661], [100.4877, 15.45578], [100.48705, 15.45518], [100.48746, 15.45454], [100.48661, 15.45454], [100.48722, 15.45403], [100.48704, 15.45341], [100.48663, 15.4533], [100.48697, 15.45294], [100.48686, 15.4522], [100.48723, 15.45212], [100.48707, 15.45161], [100.48761, 15.45135], [100.48797, 15.45157], [100.48897, 15.451], [100.48886, 15.45066], [100.48975, 15.44989], [100.48951, 15.44933], [100.48981, 15.44912], [100.48937, 15.44864], [100.48968, 15.44817], [100.49053, 15.44805], [100.49107, 15.44837], [100.49158, 15.44793], [100.49224, 15.44829], [100.49245, 15.4475], [100.49286, 15.44737], [100.49306, 15.4452], [100.49266, 15.44518], [100.49265, 15.44434], [100.49352, 15.44416], [100.49405, 15.44323], [100.49551, 15.44326], [100.4968, 15.44254], [100.49695, 15.4421], [100.49818, 15.44216], [100.49893, 15.44181], [100.4996, 15.44224], [100.50147, 15.43989], [100.50081, 15.43782], [100.50122, 15.4372], [100.50118, 15.43621], [100.50063, 15.43553], [100.50125, 15.43473], [100.5012, 15.43253], [100.50172, 15.4319], [100.5013, 15.43114], [100.50142, 15.43045], [100.50186, 15.43018], [100.50141, 15.42959], [100.50181, 15.42937], [100.50158, 15.42862], [100.50185, 15.42804], [100.50297, 15.4278], [100.50238, 15.42652], [100.50225, 15.42386], [100.50255, 15.42342], [100.50372, 15.42291], [100.50486, 15.42094], [100.50462, 15.41952], [100.50371, 15.41806], [100.50396, 15.41644], [100.50335, 15.41615], [100.50428, 15.41454], [100.50378, 15.41366], [100.5039, 15.41285], [100.50468, 15.41233], [100.50514, 15.41095], [100.50734, 15.40951], [100.50771, 15.40802], [100.50829, 15.40737], [100.51062, 15.40678], [100.51302, 15.40668], [100.51597, 15.40744], [100.52101, 15.40972], [100.52383, 15.41218], [100.52473, 15.41429], [100.52494, 15.41581], [100.52612, 15.41715], [100.52636, 15.41831], [100.52568, 15.41997], [100.52725, 15.4217], [100.52766, 15.42349], [100.52759, 15.42514], [100.52472, 15.42738], [100.52397, 15.42945], [100.52184, 15.43075], [100.52, 15.4314], [100.52752, 15.45536], [100.52859, 15.45636], [100.53166, 15.45814], [100.53647, 15.46005], [100.54157, 15.46098], [100.54494, 15.46102], [100.55636, 15.46362], [100.55583, 15.46454], [100.55658, 15.46539], [100.55585, 15.46615], [100.55593, 15.46706], [100.55489, 15.46749], [100.55406, 15.46835], [100.55399, 15.4695], [100.55431, 15.47015], [100.55307, 15.47124], [100.55347, 15.47363], [100.5538, 15.4739], [100.55365, 15.47441], [100.55393, 15.47467], [100.55307, 15.47497], [100.55252, 15.47439], [100.5526, 15.4751], [100.55158, 15.47557], [100.55203, 15.47593], [100.55203, 15.47654], [100.55174, 15.4769], [100.55125, 15.47674], [100.55111, 15.47808], [100.55201, 15.47876], [100.55211, 15.48032], [100.55407, 15.48466], [100.55458, 15.48738], [100.55448, 15.48904], [100.55533, 15.49142], [100.5551, 15.49191], [100.55632, 15.49488], [100.55707, 15.49498], [100.55742, 15.4956], [100.55394, 15.49708], [100.54935, 15.49764], [100.54928, 15.499], [100.54703, 15.49966], [100.54531, 15.49985], [100.54049, 15.49906], [100.54605, 15.51874], [100.54433, 15.52048], [100.53676, 15.5187], [100.5337, 15.51887], [100.53284, 15.5172], [100.52992, 15.51626]]]}}, {"type": "Feature", "properties": {"code": "TH600901", "name": "โคกเดื่อ", "name_en": "Khok Duea", "district": "ไพศาลี", "district_en": "Phaisali", "area_km2": 77.0}, "geometry": {"type": "Polygon", "coordinates": [[[100.60469, 15.66129], [100.60464, 15.66193], [100.60421, 15.66201], [100.60396, 15.66295], [100.59988, 15.66421], [100.59669, 15.66463], [100.59096, 15.66323], [100.58845, 15.66177], [100.58402, 15.65984], [100.57797, 15.66108], [100.57639, 15.6611], [100.5745, 15.66067], [100.56882, 15.65825], [100.56127, 15.65939], [100.55948, 15.65568], [100.55639, 15.64741], [100.55087, 15.6267], [100.55051, 15.6247], [100.55034, 15.61933], [100.54907, 15.61335], [100.54945, 15.61326], [100.54955, 15.61251], [100.55027, 15.61152], [100.55172, 15.61123], [100.55175, 15.61036], [100.55269, 15.61029], [100.55266, 15.60953], [100.55411, 15.6086], [100.5543, 15.60814], [100.55514, 15.60836], [100.55601, 15.60796], [100.55601, 15.60727], [100.5565, 15.60663], [100.55833, 15.60669], [100.55947, 15.60631], [100.56057, 15.60671], [100.56151, 15.60575], [100.56168, 15.6051], [100.56337, 15.6063], [100.56598, 15.60686], [100.56903, 15.60627], [100.57158, 15.60618], [100.57685, 15.60696], [100.57738, 15.60019], [100.57862, 15.59299], [100.5847, 15.59246], [100.59012, 15.59117], [100.59497, 15.58914], [100.5988, 15.58674], [100.6006, 15.58615], [100.60217, 15.58516], [100.60176, 15.58367], [100.60606, 15.57964], [100.60784, 15.57756], [100.60795, 15.57704], [100.61263, 15.57692], [100.61403, 15.57645], [100.61506, 15.57568], [100.61561, 15.57455], [100.61733, 15.57437], [100.61712, 15.5735], [100.61865, 15.57231], [100.62172, 15.57208], [100.62179, 15.57007], [100.62452, 15.56977], [100.62843, 15.56742], [100.63165, 15.56789], [100.63381, 15.5678], [100.63744, 15.56682], [100.63839, 15.5691], [100.63889, 15.57286], [100.63987, 15.57308], [100.64149, 15.57689], [100.64459, 15.57713], [100.6442, 15.57899], [100.64447, 15.58168], [100.64394, 15.58442], [100.64423, 15.58789], [100.64457, 15.5881], [100.64481, 15.59258], [100.64257, 15.59969], [100.64354, 15.60236], [100.64266, 15.60345], [100.64103, 15.60375], [100.63979, 15.6036], [100.63939, 15.60859], [100.63973, 15.61259], [100.63964, 15.61661], [100.63853, 15.62422], [100.63891, 15.63031], [100.64064, 15.63416], [100.64221, 15.63598], [100.6432, 15.64066], [100.64266, 15.64344], [100.64263, 15.65109], [100.64417, 15.66371], [100.64298, 15.66391], [100.64, 15.66319], [100.63942, 15.66221], [100.63785, 15.66214], [100.63671, 15.66151], [100.63609, 15.66068], [100.63293, 15.66101], [100.6319, 15.66055], [100.63184, 15.66004], [100.62979, 15.66008], [100.62945, 15.65965], [100.62883, 15.65955], [100.62774, 15.65984], [100.62577, 15.65887], [100.62502, 15.65904], [100.62477, 15.65849], [100.62452, 15.65868], [100.6243, 15.6583], [100.62398, 15.65839], [100.62391, 15.65801], [100.62359, 15.65823], [100.62322, 15.65791], [100.62293, 15.65803], [100.6224, 15.65735], [100.62178, 15.65751], [100.62141, 15.65685], [100.62062, 15.65693], [100.62067, 15.65602], [100.62021, 15.65476], [100.61925, 15.65456], [100.61742, 15.65559], [100.61214, 15.65972], [100.60769, 15.6614], [100.60469, 15.66129]]]}}, {"type": "Feature", "properties": {"code": "TH600902", "name": "สำโรงชัย", "name_en": "Samrong Chai", "district": "ไพศาลี", "district_en": "Phaisali", "area_km2": 162.6}, "geometry": {"type": "Polygon", "coordinates": [[[100.5847, 15.59246], [100.57862, 15.59299], [100.57885, 15.56381], [100.57719, 15.54397], [100.57468, 15.53722], [100.57316, 15.53415], [100.56865, 15.52669], [100.56772, 15.5253], [100.56657, 15.52436], [100.56586, 15.52394], [100.56215, 15.52387], [100.56068, 15.52345], [100.55784, 15.52201], [100.55604, 15.52033], [100.55338, 15.51922], [100.54605, 15.51874], [100.54049, 15.49906], [100.54531, 15.49985], [100.54703, 15.49966], [100.54928, 15.499], [100.54935, 15.49764], [100.55394, 15.49708], [100.55742, 15.4956], [100.55707, 15.49498], [100.55632, 15.49488], [100.5551, 15.49191], [100.55533, 15.49142], [100.55448, 15.48904], [100.55458, 15.48738], [100.55407, 15.48466], [100.55211, 15.48032], [100.55201, 15.47876], [100.55111, 15.47813], [100.55125, 15.47674], [100.55174, 15.4769], [100.55203, 15.47654], [100.55203, 15.47593], [100.55158, 15.47557], [100.5526, 15.4751], [100.55255, 15.47436], [100.55307, 15.47497], [100.55393, 15.47467], [100.55635, 15.47554], [100.56064, 15.47634], [100.56431, 15.47657], [100.57167, 15.47629], [100.58846, 15.47917], [100.59757, 15.4811], [100.60253, 15.48131], [100.60272, 15.48104], [100.59971, 15.47549], [100.59882, 15.47188], [100.59795, 15.46993], [100.60498, 15.46282], [100.60492, 15.46168], [100.60392, 15.46104], [100.60382, 15.46037], [100.60592, 15.45882], [100.60497, 15.45722], [100.60599, 15.4557], [100.60589, 15.45527], [100.60451, 15.45484], [100.60087, 15.45449], [100.60036, 15.45396], [100.60047, 15.45354], [100.60293, 15.45295], [100.60554, 15.45314], [100.61134, 15.45548], [100.61733, 15.4588], [100.61741, 15.46035], [100.61808, 15.46037], [100.62044, 15.46277], [100.62311, 15.46208], [100.62382, 15.46448], [100.62498, 15.46659], [100.63408, 15.47991], [100.64825, 15.47924], [100.65164, 15.4793], [100.6548, 15.47976], [100.65974, 15.48126], [100.66305, 15.48361], [100.66984, 15.48733], [100.66952, 15.48798], [100.6699, 15.48845], [100.66915, 15.48907], [100.66921, 15.48969], [100.66778, 15.49232], [100.66593, 15.49257], [100.6653, 15.49331], [100.66444, 15.49325], [100.66443, 15.49376], [100.66388, 15.49361], [100.66272, 15.49463], [100.66317, 15.49565], [100.66297, 15.49629], [100.66264, 15.49622], [100.66252, 15.49674], [100.66175, 15.49701], [100.66092, 15.49858], [100.65976, 15.49937], [100.6597, 15.50048], [100.65868, 15.50111], [100.66021, 15.50231], [100.66203, 15.50511], [100.66425, 15.50577], [100.6672, 15.50731], [100.66884, 15.51129], [100.67002, 15.5118], [100.67217, 15.51178], [100.67455, 15.51247], [100.67705, 15.51008], [100.68023, 15.50873], [100.68314, 15.50909], [100.68431, 15.50827], [100.68682, 15.50749], [100.6925, 15.50691], [100.69388, 15.5045], [100.69689, 15.5035], [100.69831, 15.50252], [100.6992, 15.50263], [100.7003, 15.50212], [100.70086, 15.50264], [100.70183, 15.50234], [100.70688, 15.50279], [100.70934, 15.50367], [100.71013, 15.50358], [100.71237, 15.50472], [100.71326, 15.5059], [100.71472, 15.50681], [100.71739, 15.50677], [100.71932, 15.50837], [100.72271, 15.50875], [100.72654, 15.51069], [100.72791, 15.51061], [100.7282, 15.51], [100.7279, 15.50925], [100.72868, 15.50915], [100.7349, 15.51051], [100.73907, 15.51088], [100.74068, 15.5117], [100.74599, 15.51329], [100.7406, 15.51522], [100.7326, 15.52276], [100.73103, 15.52335], [100.7312, 15.5241], [100.73054, 15.52682], [100.72984, 15.52783], [100.72901, 15.52835], [100.7291, 15.52926], [100.72857, 15.52965], [100.7279, 15.53109], [100.72782, 15.53248], [100.72875, 15.53567], [100.72722, 15.53675], [100.7276, 15.53867], [100.72679, 15.54026], [100.72702, 15.542], [100.72947, 15.54264], [100.73001, 15.54333], [100.73007, 15.54398], [100.72928, 15.54419], [100.72861, 15.54649], [100.72792, 15.5468], [100.72738, 15.5466], [100.72691, 15.54733], [100.72641, 15.54702], [100.72573, 15.54849], [100.72515, 15.54816], [100.72479, 15.54905], [100.72381, 15.54948], [100.72384, 15.54982], [100.72174, 15.55145], [100.72099, 15.55275], [100.72108, 15.55356], [100.72071, 15.55339], [100.72002, 15.55367], [100.71976, 15.55452], [100.71996, 15.55506], [100.71947, 15.55609], [100.71466, 15.5578], [100.70965, 15.55796], [100.70558, 15.55944], [100.70278, 15.55978], [100.69875, 15.56128], [100.69578, 15.56318], [100.69371, 15.56585], [100.69318, 15.56598], [100.6929, 15.56677], [100.69182, 15.56701], [100.69021, 15.56665], [100.69002, 15.56524], [100.68875, 15.56504], [100.68782, 15.56402], [100.68624, 15.56423], [100.6858, 15.56414], [100.68571, 15.56376], [100.68429, 15.56357], [100.68386, 15.56379], [100.68395, 15.56449], [100.6833, 15.56452], [100.68327, 15.56527], [100.68134, 15.56458], [100.6809, 15.56525], [100.67831, 15.56511], [100.67694, 15.56409], [100.67551, 15.56388], [100.67431, 15.56227], [100.67248, 15.56188], [100.67244, 15.56103], [100.67185, 15.56098], [100.67217, 15.56063], [100.6717, 15.56056], [100.67097, 15.55977], [100.66872, 15.55913], [100.66839, 15.55942], [100.6679, 15.55889], [100.6671, 15.55922], [100.66702, 15.55953], [100.6652, 15.55998], [100.66313, 15.56094], [100.6588, 15.56137], [100.64956, 15.56331], [100.64519, 15.56252], [100.64431, 15.56314], [100.64322, 15.56309], [100.64057, 15.56432], [100.63799, 15.56661], [100.63724, 15.56689], [100.63381, 15.5678], [100.63165, 15.56789], [100.62843, 15.56742], [100.62452, 15.56977], [100.62179, 15.57007], [100.62172, 15.57208], [100.61865, 15.57231], [100.61712, 15.5735], [100.61733, 15.57437], [100.61561, 15.57455], [100.61506, 15.57568], [100.61403, 15.57645], [100.61263, 15.57692], [100.60795, 15.57704], [100.60784, 15.57756], [100.60606, 15.57964], [100.60176, 15.58367], [100.60217, 15.58516], [100.6006, 15.58615], [100.5988, 15.58674], [100.59497, 15.58914], [100.59012, 15.59117], [100.5847, 15.59246]]]}}, {"type": "Feature", "properties": {"code": "TH600903", "name": "วังน้ำลัด", "name_en": "Wang Nam Lat", "district": "ไพศาลี", "district_en": "Phaisali", "area_km2": 177.0}, "geometry": {"type": "Polygon", "coordinates": [[[100.7509, 15.76641], [100.75019, 15.76677], [100.74967, 15.76648], [100.74954, 15.76694], [100.74876, 15.76668], [100.74856, 15.76573], [100.74724, 15.76537], [100.74709, 15.76578], [100.74632, 15.76584], [100.74627, 15.76542], [100.74594, 15.76532], [100.74488, 15.76593], [100.74362, 15.7656], [100.74251, 15.76651], [100.74049, 15.76602], [100.73924, 15.76669], [100.73905, 15.76624], [100.73778, 15.76604], [100.73756, 15.76569], [100.73686, 15.76606], [100.73682, 15.76668], [100.73624, 15.76671], [100.73626, 15.76748], [100.73575, 15.76782], [100.73457, 15.76777], [100.7351, 15.76803], [100.73506, 15.76828], [100.73415, 15.76809], [100.7342, 15.7685], [100.7337, 15.76877], [100.73285, 15.76817], [100.73225, 15.76824], [100.73105, 15.76675], [100.72968, 15.76713], [100.72898, 15.7665], [100.72892, 15.76686], [100.72831, 15.76713], [100.72825, 15.76663], [100.72799, 15.76671], [100.72792, 15.76773], [100.72672, 15.76782], [100.7266, 15.76835], [100.726, 15.76815], [100.72588, 15.76778], [100.72542, 15.76823], [100.72421, 15.76815], [100.72387, 15.76766], [100.72333, 15.76838], [100.72179, 15.76843], [100.72202, 15.76793], [100.72132, 15.76775], [100.71995, 15.76809], [100.71967, 15.76846], [100.7199, 15.76883], [100.71939, 15.76914], [100.71822, 15.76917], [100.71814, 15.76979], [100.71758, 15.7695], [100.71705, 15.76967], [100.71694, 15.77035], [100.71618, 15.77008], [100.71602, 15.7704], [100.7154, 15.7705], [100.7154, 15.7709], [100.71476, 15.7701], [100.71421, 15.77091], [100.71378, 15.77046], [100.71361, 15.77087], [100.71325, 15.77075], [100.7134, 15.77004], [100.71318, 15.76983], [100.71271, 15.76991], [100.71255, 15.77069], [100.71164, 15.76954], [100.71083, 15.76981], [100.71066, 15.76926], [100.70946, 15.76869], [100.7091, 15.76878], [100.70907, 15.76932], [100.70857, 15.76944], [100.70862, 15.76875], [100.70708, 15.76837], [100.70671, 15.76856], [100.70623, 15.76824], [100.70666, 15.76799], [100.70652, 15.76731], [100.70609, 15.76771], [100.7058, 15.7672], [100.70553, 15.76779], [100.70502, 15.76746], [100.70486, 15.76812], [100.70431, 15.76799], [100.70427, 15.76741], [100.70351, 15.76755], [100.70333, 15.76814], [100.70251, 15.76768], [100.7021, 15.76861], [100.70125, 15.76823], [100.70126, 15.76954], [100.70102, 15.76977], [100.70003, 15.76917], [100.69953, 15.76959], [100.69866, 15.76944], [100.69752, 15.76981], [100.69701, 15.76948], [100.696, 15.77005], [100.69601, 15.76942], [100.69554, 15.7692], [100.69535, 15.76982], [100.6947, 15.76987], [100.69444, 15.77042], [100.69388, 15.77057], [100.69246, 15.77024], [100.69215, 15.76951], [100.69108, 15.76981], [100.69096, 15.7692], [100.69052, 15.7695], [100.68993, 15.76914], [100.69028, 15.76845], [100.6897, 15.76828], [100.68946, 15.76775], [100.68899, 15.76788], [100.68872, 15.76735], [100.68817, 15.76761], [100.68818, 15.76687], [100.6877, 15.76754], [100.6874, 15.76722], [100.68648, 15.76777], [100.68628, 15.76719], [100.68551, 15.76755], [100.68497, 15.76702], [100.6847, 15.7674], [100.68372, 15.76754], [100.68348, 15.76715], [100.68282, 15.76753], [100.68258, 15.76715], [100.6822, 15.76756], [100.68165, 15.76715], [100.68192, 15.76776], [100.68167, 15.76792], [100.6809, 15.76738], [100.6803, 15.76731], [100.68, 15.76782], [100.67922, 15.76721], [100.67852, 15.76742], [100.6781, 15.76707], [100.67789, 15.76774], [100.67719, 15.76755], [100.67706, 15.76718], [100.67558, 15.76703], [100.67523, 15.76738], [100.67506, 15.76681], [100.67405, 15.76583], [100.67351, 15.76608], [100.67261, 15.7655], [100.67085, 15.76596], [100.67013, 15.76546], [100.66948, 15.76554], [100.66954, 15.76611], [100.66912, 15.76593], [100.66905, 15.76629], [100.66862, 15.76615], [100.6685, 15.76647], [100.66722, 15.76629], [100.66646, 15.76655], [100.6657, 15.76595], [100.66468, 15.76657], [100.66336, 15.76669], [100.66185, 15.76733], [100.66121, 15.76712], [100.66042, 15.76795], [100.65792, 15.76847], [100.65744, 15.76921], [100.65717, 15.76894], [100.65585, 15.76956], [100.65563, 15.77016], [100.65586, 15.77048], [100.65516, 15.77132], [100.65446, 15.77158], [100.65327, 15.77095], [100.65238, 15.77106], [100.65241, 15.77062], [100.65142, 15.77025], [100.65014, 15.77083], [100.64856, 15.77095], [100.64809, 15.77136], [100.64818, 15.77181], [100.64728, 15.77219], [100.647, 15.77146], [100.64336, 15.77236], [100.64268, 15.76805], [100.64012, 15.76619], [100.63817, 15.76406], [100.63864, 15.76246], [100.63823, 15.76174], [100.62905, 15.75313], [100.6256, 15.75177], [100.6258, 15.75015], [100.62314, 15.74728], [100.62277, 15.74444], [100.62085, 15.74495], [100.61961, 15.74205], [100.61892, 15.74129], [100.61501, 15.73762], [100.61152, 15.73526], [100.60715, 15.72953], [100.60098, 15.72282], [100.59582, 15.71623], [100.59231, 15.71082], [100.58909, 15.70653], [100.58164, 15.69396], [100.57778, 15.68856], [100.56815, 15.67315], [100.56444, 15.66623], [100.56127, 15.65939], [100.56882, 15.65825], [100.5745, 15.66067], [100.57639, 15.6611], [100.57797, 15.66108], [100.58402, 15.65984], [100.58845, 15.66177], [100.59096, 15.66323], [100.59605, 15.66455], [100.59831, 15.66455], [100.60396, 15.66295], [100.60421, 15.66201], [100.60464, 15.66193], [100.60469, 15.66129], [100.60769, 15.6614], [100.61214, 15.65972], [100.61742, 15.65559], [100.61925, 15.65456], [100.62021, 15.65476], [100.62067, 15.65602], [100.62062, 15.65693], [100.62141, 15.65685], [100.62178, 15.65751], [100.6224, 15.65735], [100.62293, 15.65803], [100.62322, 15.65791], [100.62359, 15.65823], [100.62391, 15.65801], [100.62398, 15.65839], [100.6243, 15.6583], [100.62452, 15.65868], [100.62477, 15.65849], [100.62502, 15.65904], [100.62577, 15.65887], [100.62774, 15.65984], [100.62883, 15.65955], [100.62945, 15.65965], [100.62979, 15.66008], [100.63184, 15.66004], [100.6319, 15.66055], [100.63293, 15.66101], [100.63609, 15.66068], [100.63671, 15.66151], [100.63767, 15.66206], [100.6393, 15.66215], [100.6398, 15.66308], [100.64152, 15.66372], [100.64382, 15.66384], [100.645, 15.66292], [100.6459, 15.66267], [100.64694, 15.66271], [100.64832, 15.66324], [100.64928, 15.66313], [100.65021, 15.6626], [100.65214, 15.66239], [100.65347, 15.66286], [100.65457, 15.66188], [100.65396, 15.66003], [100.65514, 15.65909], [100.6569, 15.65852], [100.6573, 15.65866], [100.65817, 15.65785], [100.65908, 15.65765], [100.66061, 15.65789], [100.66125, 15.65757], [100.66119, 15.65708], [100.66233, 15.65596], [100.66321, 15.65587], [100.66338, 15.65612], [100.66575, 15.65539], [100.6663, 15.65428], [100.66672, 15.6543], [100.66738, 15.65343], [100.66723, 15.65283], [100.66825, 15.65293], [100.66836, 15.65175], [100.66887, 15.65137], [100.66879, 15.65085], [100.66952, 15.65051], [100.66975, 15.65074], [100.67029, 15.65059], [100.67062, 15.64977], [100.67102, 15.64954], [100.67148, 15.64782], [100.67229, 15.6479], [100.6728, 15.64736], [100.67416, 15.64695], [100.67427, 15.64664], [100.67504, 15.64702], [100.67538, 15.64669], [100.6754, 15.64731], [100.67585, 15.64734], [100.67591, 15.64774], [100.67661, 15.64762], [100.67735, 15.64715], [100.6777, 15.64643], [100.67811, 15.64662], [100.67821, 15.64603], [100.67938, 15.6462], [100.68018, 15.64522], [100.68162, 15.64526], [100.68213, 15.64562], [100.6872, 15.65475], [100.68919, 15.65719], [100.69148, 15.65884], [100.69416, 15.66214], [100.69654, 15.66385], [100.69957, 15.66719], [100.70151, 15.66784], [100.71385, 15.6751], [100.7186, 15.67934], [100.72099, 15.68102], [100.72237, 15.68245], [100.72326, 15.68431], [100.72493, 15.68586], [100.72804, 15.6874], [100.72946, 15.68905], [100.73075, 15.68987], [100.73438, 15.69477], [100.73588, 15.69729], [100.74104, 15.70219], [100.7409, 15.70322], [100.73984, 15.70424], [100.73941, 15.70606], [100.7386, 15.70751], [100.73762, 15.70864], [100.73536, 15.70976], [100.73629, 15.71026], [100.73747, 15.71246], [100.73867, 15.71245], [100.73884, 15.71286], [100.73825, 15.71307], [100.73806, 15.71387], [100.7389, 15.71382], [100.73926, 15.71317], [100.73963, 15.71318], [100.73983, 15.71388], [100.73954, 15.71446], [100.7396, 15.71653], [100.74029, 15.71778], [100.73904, 15.71835], [100.73972, 15.72058], [100.74107, 15.72075], [100.74125, 15.72179], [100.74156, 15.72204], [100.74138, 15.72252], [100.74277, 15.72358], [100.74339, 15.72358], [100.74389, 15.72525], [100.74442, 15.72556], [100.74439, 15.72612], [100.74565, 15.72638], [100.74539, 15.72718], [100.74616, 15.728], [100.74597, 15.72884], [100.74543, 15.72937], [100.74591, 15.73037], [100.74573, 15.73227], [100.7431, 15.73278], [100.73893, 15.7346], [100.73977, 15.7374], [100.74113, 15.74496], [100.74345, 15.75099], [100.74437, 15.75215], [100.74655, 15.75286], [100.74663, 15.75516], [100.75073, 15.75553], [100.75027, 15.7572], [100.75033, 15.7644], [100.7509, 15.76641]]]}}, {"type": "Feature", "properties": {"code": "TH600904", "name": "ตะคร้อ", "name_en": "Takhro", "district": "ไพศาลี", "district_en": "Phaisali", "area_km2": 76.9}, "geometry": {"type": "Polygon", "coordinates": [[[100.74695, 15.51119], [100.74599, 15.51329], [100.74068, 15.5117], [100.73907, 15.51088], [100.7349, 15.51051], [100.72868, 15.50915], [100.7279, 15.50925], [100.7282, 15.51], [100.72791, 15.51061], [100.72701, 15.51079], [100.72271, 15.50875], [100.71962, 15.5085], [100.71739, 15.50677], [100.71472, 15.50681], [100.71326, 15.5059], [100.71237, 15.50472], [100.71013, 15.50358], [100.70934, 15.50367], [100.70688, 15.50279], [100.70183, 15.50234], [100.70086, 15.50264], [100.7003, 15.50212], [100.6992, 15.50263], [100.69831, 15.50252], [100.69689, 15.5035], [100.69388, 15.5045], [100.6925, 15.50691], [100.68682, 15.50749], [100.68431, 15.50827], [100.68314, 15.50909], [100.68023, 15.50873], [100.67705, 15.51008], [100.67455, 15.51247], [100.67355, 15.51199], [100.67002, 15.5118], [100.66884, 15.51129], [100.6672, 15.50731], [100.66425, 15.50577], [100.66203, 15.50511], [100.66021, 15.50231], [100.65868, 15.50111], [100.6597, 15.50048], [100.65976, 15.49937], [100.66092, 15.49858], [100.66175, 15.49701], [100.66252, 15.49674], [100.66264, 15.49622], [100.66297, 15.49629], [100.66317, 15.49565], [100.66272, 15.49463], [100.66388, 15.49361], [100.66443, 15.49376], [100.66444, 15.49325], [100.6653, 15.49331], [100.66593, 15.49257], [100.66778, 15.49232], [100.66921, 15.48969], [100.66915, 15.48907], [100.6699, 15.48845], [100.66952, 15.48798], [100.66984, 15.48733], [100.66305, 15.48361], [100.65974, 15.48126], [100.65338, 15.47955], [100.65499, 15.47833], [100.65422, 15.47497], [100.65435, 15.47308], [100.65341, 15.471], [100.65089, 15.46749], [100.65332, 15.46589], [100.65282, 15.46483], [100.65344, 15.46172], [100.65342, 15.46103], [100.65309, 15.46072], [100.65411, 15.46042], [100.65443, 15.45981], [100.65451, 15.45895], [100.65398, 15.45826], [100.65459, 15.45822], [100.65446, 15.45773], [100.65493, 15.45713], [100.65443, 15.45693], [100.65507, 15.45581], [100.65487, 15.45419], [100.65445, 15.45388], [100.65464, 15.45342], [100.65433, 15.45307], [100.65513, 15.45139], [100.65587, 15.45082], [100.65531, 15.44991], [100.65577, 15.44885], [100.65476, 15.44646], [100.6555, 15.44494], [100.65508, 15.44331], [100.65556, 15.44216], [100.65653, 15.44196], [100.65674, 15.44159], [100.65675, 15.44056], [100.65706, 15.44005], [100.65651, 15.43967], [100.65672, 15.43902], [100.65712, 15.43894], [100.65712, 15.43852], [100.65813, 15.4384], [100.65812, 15.43776], [100.65855, 15.43772], [100.65882, 15.43727], [100.65829, 15.43661], [100.65882, 15.43617], [100.65858, 15.43541], [100.66128, 15.43459], [100.66387, 15.43318], [100.66449, 15.43377], [100.66677, 15.43308], [100.66677, 15.43408], [100.66741, 15.43569], [100.67083, 15.44169], [100.67224, 15.44363], [100.6738, 15.44786], [100.67596, 15.45124], [100.67887, 15.45256], [100.68312, 15.45179], [100.68619, 15.45066], [100.68724, 15.45012], [100.68684, 15.44979], [100.68748, 15.44927], [100.68719, 15.44843], [100.68786, 15.44809], [100.68724, 15.44788], [100.68795, 15.44683], [100.68841, 15.44658], [100.68912, 15.44712], [100.69037, 15.44637], [100.69254, 15.44577], [100.69267, 15.44499], [100.6935, 15.44414], [100.69419, 15.44438], [100.69442, 15.44397], [100.69532, 15.44517], [100.69686, 15.44473], [100.69689, 15.44422], [100.69769, 15.44422], [100.69846, 15.44246], [100.70014, 15.44201], [100.70086, 15.44226], [100.70092, 15.44082], [100.70141, 15.44035], [100.70279, 15.43985], [100.70358, 15.44043], [100.7039, 15.43972], [100.70456, 15.44017], [100.70524, 15.43942], [100.70578, 15.44035], [100.70699, 15.44035], [100.70665, 15.44071], [100.70681, 15.4411], [100.70731, 15.44089], [100.70786, 15.44119], [100.70958, 15.44006], [100.71048, 15.44135], [100.71193, 15.44131], [100.71251, 15.44186], [100.71244, 15.44247], [100.71298, 15.44252], [100.71273, 15.44311], [100.71369, 15.44294], [100.71422, 15.44342], [100.71492, 15.44351], [100.71482, 15.44391], [100.71418, 15.44396], [100.71502, 15.44439], [100.71529, 15.44505], [100.7147, 15.44561], [100.71565, 15.44664], [100.71603, 15.44643], [100.71563, 15.44581], [100.71597, 15.44605], [100.71671, 15.44581], [100.7163, 15.44637], [100.71714, 15.44676], [100.71721, 15.44758], [100.71806, 15.44774], [100.71809, 15.44719], [100.71999, 15.44733], [100.72011, 15.44759], [100.71966, 15.44797], [100.72055, 15.44787], [100.72148, 15.44837], [100.72175, 15.44811], [100.72169, 15.44736], [100.72134, 15.44716], [100.72147, 15.44647], [100.72262, 15.44643], [100.72302, 15.44671], [100.7237, 15.44635], [100.72427, 15.44742], [100.72387, 15.44775], [100.72309, 15.44765], [100.72372, 15.44836], [100.72355, 15.4488], [100.7239, 15.44888], [100.72408, 15.44948], [100.72473, 15.44938], [100.7256, 15.4499], [100.72736, 15.44873], [100.72809, 15.44875], [100.72808, 15.44818], [100.72876, 15.44822], [100.72837, 15.44775], [100.7285, 15.44735], [100.7296, 15.44804], [100.72997, 15.44775], [100.73072, 15.44786], [100.73094, 15.44712], [100.73157, 15.44744], [100.73207, 15.44716], [100.73265, 15.4477], [100.73372, 15.4471], [100.7344, 15.44774], [100.73398, 15.4488], [100.73512, 15.45], [100.73589, 15.44978], [100.73779, 15.45046], [100.73872, 15.44986], [100.73917, 15.45022], [100.73923, 15.45134], [100.73992, 15.4505], [100.74073, 15.45193], [100.74147, 15.45185], [100.74187, 15.45146], [100.74263, 15.4517], [100.74325, 15.45325], [100.74435, 15.45342], [100.74453, 15.45426], [100.74585, 15.45418], [100.74574, 15.45499], [100.7465, 15.4551], [100.74681, 15.4564], [100.74763, 15.45663], [100.7477, 15.45783], [100.74892, 15.45858], [100.7503, 15.45859], [100.75157, 15.45804], [100.75254, 15.45879], [100.75247, 15.45798], [100.75282, 15.45773], [100.75361, 15.45875], [100.75443, 15.45893], [100.75509, 15.45872], [100.75505, 15.45786], [100.7579, 15.45789], [100.75778, 15.45853], [100.75838, 15.45883], [100.75875, 15.45988], [100.75932, 15.46012], [100.7599, 15.46096], [100.76122, 15.46062], [100.76165, 15.46191], [100.76189, 15.46088], [100.76224, 15.46075], [100.76403, 15.46196], [100.76487, 15.46213], [100.76601, 15.46162], [100.76652, 15.46219], [100.76698, 15.46207], [100.76741, 15.4625], [100.76974, 15.46303], [100.76975, 15.46378], [100.77023, 15.46374], [100.77184, 15.4649], [100.77137, 15.46542], [100.77168, 15.46639], [100.77132, 15.46651], [100.7707, 15.46823], [100.77021, 15.46859], [100.76856, 15.47167], [100.76903, 15.47435], [100.76727, 15.48213], [100.7662, 15.48452], [100.76784, 15.48726], [100.76836, 15.48894], [100.77064, 15.49111], [100.76924, 15.49382], [100.76954, 15.4945], [100.76871, 15.49557], [100.76881, 15.49635], [100.7672, 15.49856], [100.76602, 15.49927], [100.75292, 15.50158], [100.75081, 15.50479], [100.75146, 15.50724], [100.74695, 15.51119]]]}}, {"type": "Feature", "properties": {"code": "TH600905", "name": "โพธิ์ประสาท", "name_en": "Pho Prasat", "district": "ไพศาลี", "district_en": "Phaisali", "area_km2": 143.2}, "geometry": {"type": "Polygon", "coordinates": [[[100.59971, 15.47549], [100.60267, 15.48124], [100.59757, 15.4811], [100.58846, 15.47917], [100.57167, 15.47629], [100.56186, 15.4765], [100.55635, 15.47554], [100.55365, 15.47441], [100.5538, 15.4739], [100.55347, 15.47363], [100.55304, 15.47137], [100.55431, 15.47015], [100.55399, 15.4695], [100.55406, 15.46835], [100.55489, 15.46749], [100.55593, 15.46706], [100.55585, 15.46615], [100.55658, 15.46539], [100.55583, 15.46454], [100.55636, 15.46362], [100.54494, 15.46102], [100.54157, 15.46098], [100.53741, 15.4603], [100.53166, 15.45814], [100.52859, 15.45636], [100.52752, 15.45536], [100.52, 15.4314], [100.52184, 15.43075], [100.52397, 15.42945], [100.52472, 15.42738], [100.52759, 15.42514], [100.52766, 15.42349], [100.52725, 15.4217], [100.52568, 15.41997], [100.52636, 15.41831], [100.52612, 15.41715], [100.52494, 15.41581], [100.52473, 15.41429], [100.52383, 15.41218], [100.5226, 15.41087], [100.51836, 15.40836], [100.51302, 15.40668], [100.51155, 15.40106], [100.51388, 15.4001], [100.51438, 15.3991], [100.51703, 15.39801], [100.51891, 15.39668], [100.51977, 15.39477], [100.52232, 15.39273], [100.52354, 15.39124], [100.52575, 15.39051], [100.52879, 15.39063], [100.52996, 15.39031], [100.53217, 15.38671], [100.53432, 15.38473], [100.53503, 15.38254], [100.53905, 15.37945], [100.53963, 15.37866], [100.54075, 15.37999], [100.54157, 15.38199], [100.54263, 15.3825], [100.54613, 15.38197], [100.54838, 15.38695], [100.54798, 15.38771], [100.54852, 15.38918], [100.54785, 15.38956], [100.54774, 15.38997], [100.54791, 15.39112], [100.54836, 15.39163], [100.54795, 15.39307], [100.54809, 15.39488], [100.55118, 15.39955], [100.5513, 15.40036], [100.55244, 15.4018], [100.55252, 15.40253], [100.55184, 15.4029], [100.5518, 15.40325], [100.55272, 15.40342], [100.55322, 15.404], [100.55383, 15.40308], [100.55478, 15.40243], [100.55703, 15.40141], [100.55874, 15.40102], [100.55909, 15.40059], [100.56168, 15.40022], [100.56236, 15.39984], [100.56418, 15.40058], [100.56848, 15.3998], [100.57648, 15.39966], [100.57964, 15.3983], [100.58251, 15.39751], [100.58325, 15.39755], [100.58722, 15.40005], [100.58924, 15.40307], [100.58985, 15.40347], [100.59177, 15.4032], [100.59253, 15.40267], [100.59508, 15.40203], [100.59584, 15.40235], [100.59673, 15.40401], [100.59784, 15.40433], [100.59853, 15.4041], [100.59952, 15.4029], [100.60138, 15.4035], [100.60205, 15.403], [100.60257, 15.40324], [100.6041, 15.4031], [100.60295, 15.39948], [100.60194, 15.39817], [100.59855, 15.3966], [100.59578, 15.39605], [100.59505, 15.39524], [100.59347, 15.39482], [100.59307, 15.39372], [100.59185, 15.39263], [100.59222, 15.39081], [100.58945, 15.38944], [100.58999, 15.38655], [100.58919, 15.3857], [100.58917, 15.38519], [100.5898, 15.3833], [100.5908, 15.38187], [100.59215, 15.38078], [100.59607, 15.37918], [100.59737, 15.37809], [100.59838, 15.37666], [100.59814, 15.37487], [100.5967, 15.37211], [100.59749, 15.36978], [100.59702, 15.36757], [100.59389, 15.36395], [100.59344, 15.36299], [100.59358, 15.36248], [100.59657, 15.36055], [100.59746, 15.35917], [100.59773, 15.35802], [100.59734, 15.35703], [100.59573, 15.35688], [100.59552, 15.35657], [100.59575, 15.3538], [100.59455, 15.35141], [100.59475, 15.34797], [100.5959, 15.34755], [100.59803, 15.3476], [100.59958, 15.34545], [100.59913, 15.34257], [100.60023, 15.34167], [100.60284, 15.34157], [100.60416, 15.34084], [100.60462, 15.34011], [100.60448, 15.33801], [100.60547, 15.3362], [100.60687, 15.33541], [100.61145, 15.33427], [100.61264, 15.33549], [100.61482, 15.33636], [100.6182, 15.3386], [100.61919, 15.33971], [100.61995, 15.34152], [100.62053, 15.34212], [100.62273, 15.34219], [100.62432, 15.3409], [100.62618, 15.34032], [100.62988, 15.34039], [100.63075, 15.3414], [100.63157, 15.3417], [100.63254, 15.34141], [100.63349, 15.34054], [100.63525, 15.34579], [100.63529, 15.34697], [100.63455, 15.35065], [100.63459, 15.35389], [100.63425, 15.35638], [100.63384, 15.35762], [100.63212, 15.36014], [100.63209, 15.36159], [100.63674, 15.36749], [100.63886, 15.36968], [100.63948, 15.3695], [100.64082, 15.37283], [100.64221, 15.37263], [100.64262, 15.38132], [100.64532, 15.38957], [100.6443, 15.39115], [100.64416, 15.3924], [100.64288, 15.39556], [100.64298, 15.39633], [100.64449, 15.39646], [100.64458, 15.39674], [100.64417, 15.39679], [100.64372, 15.39802], [100.64366, 15.39913], [100.64415, 15.39895], [100.64452, 15.39922], [100.64573, 15.40057], [100.64597, 15.40143], [100.64546, 15.40204], [100.64619, 15.40335], [100.64548, 15.40441], [100.6456, 15.40508], [100.64473, 15.4055], [100.64362, 15.40776], [100.64392, 15.40882], [100.64505, 15.40966], [100.64597, 15.41214], [100.64547, 15.4123], [100.6453, 15.41278], [100.64443, 15.41321], [100.64378, 15.41405], [100.64408, 15.41466], [100.64387, 15.41494], [100.64443, 15.41527], [100.64445, 15.41569], [100.64341, 15.41591], [100.64349, 15.41685], [100.64383, 15.41757], [100.64448, 15.41793], [100.64632, 15.41803], [100.64788, 15.41945], [100.64824, 15.41922], [100.64892, 15.41938], [100.64896, 15.42048], [100.64943, 15.42044], [100.64928, 15.42155], [100.6499, 15.42226], [100.65102, 15.42229], [100.6521, 15.42345], [100.65265, 15.42465], [100.65308, 15.42473], [100.65303, 15.42524], [100.65381, 15.42501], [100.65408, 15.42516], [100.65396, 15.42555], [100.6547, 15.42599], [100.65589, 15.42578], [100.65625, 15.42529], [100.65699, 15.42578], [100.65734, 15.42702], [100.65863, 15.42746], [100.65839, 15.42782], [100.65881, 15.42818], [100.65864, 15.42863], [100.65916, 15.42908], [100.65961, 15.42902], [100.65969, 15.42968], [100.66006, 15.42969], [100.65972, 15.43055], [100.66015, 15.43081], [100.6594, 15.43106], [100.65941, 15.4317], [100.65859, 15.43208], [100.65885, 15.43363], [100.65828, 15.4346], [100.65889, 15.43538], [100.65857, 15.43543], [100.65887, 15.4359], [100.65829, 15.43661], [100.65882, 15.43727], [100.65855, 15.43772], [100.65812, 15.43776], [100.65813, 15.4384], [100.65712, 15.43852], [100.65712, 15.43894], [100.65672, 15.43902], [100.65651, 15.43967], [100.65706, 15.44005], [100.65675, 15.44056], [100.65674, 15.44159], [100.65653, 15.44196], [100.65556, 15.44216], [100.65508, 15.44331], [100.6555, 15.44494], [100.65476, 15.44646], [100.65577, 15.44885], [100.65531, 15.44991], [100.65587, 15.45082], [100.65513, 15.45139], [100.65433, 15.45307], [100.65464, 15.45342], [100.65445, 15.45388], [100.65487, 15.45419], [100.65507, 15.45581], [100.65443, 15.45693], [100.65493, 15.45713], [100.65446, 15.45773], [100.65459, 15.45822], [100.65398, 15.45826], [100.65451, 15.45895], [100.65443, 15.45981], [100.65411, 15.46042], [100.65309, 15.46072], [100.65342, 15.46103], [100.65344, 15.46172], [100.65282, 15.46483], [100.65332, 15.46589], [100.65089, 15.46745], [100.65341, 15.471], [100.65435, 15.47308], [100.65422, 15.47497], [100.65499, 15.47833], [100.65473, 15.47862], [100.65338, 15.47955], [100.64825, 15.47924], [100.63408, 15.47991], [100.62498, 15.46659], [100.62382, 15.46448], [100.62311, 15.46208], [100.62044, 15.46277], [100.61808, 15.46037], [100.61741, 15.46035], [100.61724, 15.45874], [100.60948, 15.45462], [100.60554, 15.45314], [100.60293, 15.45295], [100.60072, 15.45333], [100.60039, 15.45375], [100.60046, 15.4542], [100.60087, 15.45449], [100.60451, 15.45484], [100.60589, 15.45527], [100.60599, 15.4557], [100.60497, 15.45722], [100.60592, 15.45882], [100.60382, 15.46037], [100.60392, 15.46104], [100.60492, 15.46168], [100.60498, 15.46282], [100.59795, 15.46993], [100.59882, 15.47188], [100.59971, 15.47549]]]}}, {"type": "Feature", "properties": {"code": "TH600906", "name": "วังข่อย", "name_en": "Wang Khoi", "district": "ไพศาลี", "district_en": "Phaisali", "area_km2": 160.6}, "geometry": {"type": "Polygon", "coordinates": [[[100.79612, 15.67008], [100.79162, 15.6727], [100.78904, 15.67324], [100.78641, 15.67273], [100.78417, 15.67131], [100.78325, 15.67107], [100.77866, 15.67187], [100.76926, 15.67084], [100.76819, 15.67063], [100.76434, 15.66885], [100.76053, 15.66915], [100.7618, 15.66628], [100.7616, 15.66534], [100.76094, 15.66507], [100.75949, 15.66505], [100.7554, 15.66599], [100.75345, 15.66792], [100.75158, 15.6682], [100.75111, 15.66742], [100.75159, 15.66506], [100.75485, 15.6634], [100.75509, 15.65977], [100.75612, 15.6589], [100.75678, 15.65746], [100.7575, 15.65715], [100.75721, 15.65605], [100.75633, 15.65515], [100.75636, 15.65454], [100.75718, 15.654], [100.75716, 15.65332], [100.75685, 15.65313], [100.75708, 15.65283], [100.75683, 15.65237], [100.75695, 15.65119], [100.75804, 15.65078], [100.75813, 15.65049], [100.75969, 15.65097], [100.76054, 15.65084], [100.76075, 15.65025], [100.76043, 15.64917], [100.7609, 15.64873], [100.76064, 15.64784], [100.75889, 15.64679], [100.75898, 15.64621], [100.75796, 15.64459], [100.75803, 15.64415], [100.75724, 15.6432], [100.75641, 15.64297], [100.75637, 15.64224], [100.75551, 15.64144], [100.75478, 15.64209], [100.75366, 15.64173], [100.75416, 15.64133], [100.75354, 15.64104], [100.75308, 15.64032], [100.75278, 15.64084], [100.75165, 15.64084], [100.74915, 15.64172], [100.74891, 15.64131], [100.74742, 15.64051], [100.74652, 15.63892], [100.74639, 15.63938], [100.74593, 15.63918], [100.74545, 15.63951], [100.74523, 15.63927], [100.74501, 15.63959], [100.74443, 15.6393], [100.74461, 15.63864], [100.74411, 15.63915], [100.74357, 15.63905], [100.74389, 15.63883], [100.74364, 15.63854], [100.74385, 15.63814], [100.74317, 15.63736], [100.74209, 15.63716], [100.74172, 15.63752], [100.7411, 15.63724], [100.74053, 15.63755], [100.73995, 15.6372], [100.73887, 15.63714], [100.73887, 15.63667], [100.73775, 15.63655], [100.73781, 15.6361], [100.73641, 15.63619], [100.7359, 15.63542], [100.73531, 15.63548], [100.73536, 15.63483], [100.73608, 15.63437], [100.73512, 15.6338], [100.73474, 15.63419], [100.73438, 15.63372], [100.7338, 15.63402], [100.73287, 15.63375], [100.7314, 15.63206], [100.72869, 15.63208], [100.72747, 15.63363], [100.72672, 15.63271], [100.72581, 15.63246], [100.72507, 15.63135], [100.72506, 15.63008], [100.72575, 15.62943], [100.72844, 15.62817], [100.72916, 15.62511], [100.72994, 15.62358], [100.73015, 15.62207], [100.73057, 15.62129], [100.73322, 15.6189], [100.73355, 15.61767], [100.73283, 15.6164], [100.72622, 15.61377], [100.7258, 15.61127], [100.72487, 15.6092], [100.72155, 15.60804], [100.71942, 15.60642], [100.71543, 15.60577], [100.71394, 15.60574], [100.70631, 15.60689], [100.70262, 15.60784], [100.6995, 15.60805], [100.69817, 15.60756], [100.6961, 15.60612], [100.69531, 15.60427], [100.69498, 15.60286], [100.69471, 15.59363], [100.6913, 15.58882], [100.69037, 15.58697], [100.6907, 15.58611], [100.69289, 15.58379], [100.69424, 15.58148], [100.69447, 15.58052], [100.69504, 15.57582], [100.69492, 15.57095], [100.69426, 15.56854], [100.69304, 15.56664], [100.69318, 15.56598], [100.69371, 15.56585], [100.69578, 15.56318], [100.69875, 15.56128], [100.70278, 15.55978], [100.70558, 15.55944], [100.70965, 15.55796], [100.71466, 15.5578], [100.71947, 15.55609], [100.71996, 15.55506], [100.71976, 15.55452], [100.72002, 15.55367], [100.72071, 15.55339], [100.72108, 15.55356], [100.72099, 15.55275], [100.72174, 15.55145], [100.72384, 15.54982], [100.72381, 15.54948], [100.72479, 15.54905], [100.72515, 15.54816], [100.72573, 15.54849], [100.72641, 15.54702], [100.72691, 15.54733], [100.72738, 15.5466], [100.72792, 15.5468], [100.72861, 15.54649], [100.72928, 15.54419], [100.73007, 15.54398], [100.73001, 15.54333], [100.72947, 15.54264], [100.72702, 15.542], [100.72679, 15.54026], [100.7276, 15.53867], [100.72722, 15.53675], [100.72875, 15.53567], [100.72782, 15.53248], [100.7279, 15.53109], [100.72857, 15.52965], [100.7291, 15.52926], [100.72901, 15.52835], [100.72984, 15.52783], [100.73054, 15.52682], [100.7312, 15.5241], [100.73103, 15.52335], [100.7326, 15.52276], [100.7406, 15.51522], [100.74599, 15.51329], [100.75538, 15.51591], [100.75918, 15.51893], [100.7596, 15.51997], [100.75889, 15.52161], [100.75985, 15.52282], [100.75834, 15.5246], [100.75829, 15.52562], [100.75897, 15.52604], [100.76129, 15.52608], [100.76305, 15.52776], [100.76544, 15.52901], [100.76803, 15.53263], [100.76943, 15.53402], [100.77176, 15.53445], [100.77405, 15.53397], [100.77607, 15.534], [100.77908, 15.53513], [100.78065, 15.53712], [100.78149, 15.53763], [100.78272, 15.5377], [100.78503, 15.53697], [100.78684, 15.53684], [100.78839, 15.53694], [100.79064, 15.53772], [100.79642, 15.54208], [100.8063, 15.54881], [100.81524, 15.55252], [100.82388, 15.55819], [100.82807, 15.56045], [100.83097, 15.56263], [100.83016, 15.56394], [100.82886, 15.56508], [100.82808, 15.56662], [100.8274, 15.56661], [100.82642, 15.56718], [100.82574, 15.56712], [100.82543, 15.56771], [100.82584, 15.56826], [100.82566, 15.56865], [100.82611, 15.56907], [100.82506, 15.5702], [100.82482, 15.57137], [100.82374, 15.57132], [100.82307, 15.57274], [100.82164, 15.57345], [100.82117, 15.57494], [100.81861, 15.57617], [100.81763, 15.57625], [100.81643, 15.57712], [100.81344, 15.57801], [100.81379, 15.57879], [100.81568, 15.58087], [100.81675, 15.58345], [100.81824, 15.58451], [100.81833, 15.58581], [100.81478, 15.58873], [100.80911, 15.59134], [100.80783, 15.5928], [100.80801, 15.59391], [100.81112, 15.60183], [100.81179, 15.60224], [100.81326, 15.6023], [100.81689, 15.60142], [100.81732, 15.60407], [100.81883, 15.60601], [100.81976, 15.60785], [100.82265, 15.60963], [100.8238, 15.6117], [100.82492, 15.61268], [100.82562, 15.61506], [100.8252, 15.61556], [100.82375, 15.61607], [100.82296, 15.6172], [100.82287, 15.62155], [100.81966, 15.62671], [100.81943, 15.62843], [100.82008, 15.63104], [100.82504, 15.63977], [100.82741, 15.64466], [100.8257, 15.65354], [100.8231, 15.66198], [100.82341, 15.6627], [100.82463, 15.66366], [100.82727, 15.66404], [100.82198, 15.66649], [100.82001, 15.66671], [100.81614, 15.66652], [100.80849, 15.67003], [100.80697, 15.67043], [100.80226, 15.66972], [100.79799, 15.66977], [100.79612, 15.67008]]]}}, {"type": "Feature", "properties": {"code": "TH600907", "name": "นาขอม", "name_en": "Na Khom", "district": "ไพศาลี", "district_en": "Phaisali", "area_km2": 93.9}, "geometry": {"type": "Polygon", "coordinates": [[[100.80075, 15.78023], [100.79313, 15.78271], [100.79247, 15.7826], [100.7921, 15.78191], [100.79085, 15.78243], [100.78845, 15.78205], [100.78781, 15.7825], [100.78685, 15.78222], [100.78606, 15.78261], [100.78416, 15.78192], [100.78317, 15.78053], [100.7819, 15.7808], [100.77993, 15.78065], [100.77924, 15.77915], [100.77867, 15.77929], [100.77867, 15.77879], [100.77783, 15.77873], [100.77783, 15.77843], [100.77623, 15.77698], [100.77559, 15.77681], [100.77508, 15.77585], [100.77538, 15.77522], [100.77405, 15.7743], [100.77346, 15.7744], [100.77355, 15.77399], [100.77254, 15.77323], [100.77238, 15.77351], [100.77196, 15.77337], [100.77177, 15.77229], [100.7703, 15.77197], [100.77037, 15.77156], [100.76903, 15.77027], [100.76857, 15.76852], [100.76874, 15.76807], [100.76842, 15.76768], [100.7679, 15.76794], [100.76691, 15.76751], [100.76498, 15.76786], [100.76483, 15.76728], [100.76423, 15.76706], [100.76393, 15.76528], [100.76342, 15.76498], [100.76311, 15.76548], [100.76221, 15.76584], [100.76026, 15.76579], [100.75906, 15.76645], [100.75835, 15.7665], [100.7577, 15.76588], [100.75643, 15.76571], [100.75629, 15.76609], [100.75522, 15.76593], [100.75547, 15.7663], [100.75508, 15.76665], [100.75489, 15.76621], [100.75423, 15.76658], [100.75397, 15.76632], [100.75324, 15.76649], [100.75246, 15.76737], [100.75123, 15.76707], [100.75033, 15.7644], [100.75027, 15.7572], [100.75073, 15.75553], [100.74663, 15.75516], [100.74655, 15.75286], [100.74437, 15.75215], [100.74345, 15.75099], [100.74078, 15.74366], [100.73977, 15.7374], [100.73893, 15.7346], [100.7431, 15.73278], [100.74573, 15.73227], [100.74591, 15.73037], [100.74543, 15.72937], [100.74597, 15.72884], [100.74616, 15.728], [100.74539, 15.72718], [100.74565, 15.72638], [100.74439, 15.72612], [100.74442, 15.72556], [100.74389, 15.72525], [100.74339, 15.72358], [100.74277, 15.72358], [100.74138, 15.72252], [100.74156, 15.72204], [100.74125, 15.72179], [100.74107, 15.72075], [100.73972, 15.72058], [100.73904, 15.71835], [100.74029, 15.71778], [100.7396, 15.71653], [100.73954, 15.71446], [100.73983, 15.71388], [100.73963, 15.71318], [100.73926, 15.71317], [100.7389, 15.71382], [100.73806, 15.71387], [100.73825, 15.71307], [100.73884, 15.71286], [100.73867, 15.71245], [100.73747, 15.71246], [100.73629, 15.71026], [100.73536, 15.70976], [100.738, 15.7083], [100.73941, 15.70606], [100.73984, 15.70424], [100.7409, 15.70322], [100.74105, 15.70232], [100.73714, 15.69831], [100.73796, 15.69693], [100.73969, 15.6961], [100.7421, 15.69552], [100.74586, 15.69514], [100.7517, 15.6936], [100.75333, 15.69105], [100.75414, 15.69031], [100.75811, 15.69325], [100.75958, 15.6933], [100.76059, 15.69236], [100.76159, 15.68904], [100.76062, 15.68335], [100.7611, 15.67838], [100.75995, 15.67423], [100.75996, 15.67223], [100.76053, 15.66915], [100.76434, 15.66885], [100.76819, 15.67063], [100.7776, 15.67182], [100.78009, 15.67171], [100.78325, 15.67107], [100.78747, 15.6731], [100.78977, 15.67319], [100.79223, 15.67244], [100.79454, 15.67085], [100.7969, 15.66987], [100.80226, 15.66972], [100.80697, 15.67043], [100.80849, 15.67003], [100.81614, 15.66652], [100.82001, 15.66671], [100.82198, 15.66649], [100.82727, 15.66404], [100.82805, 15.66613], [100.82812, 15.668], [100.82572, 15.67452], [100.8257, 15.67549], [100.82657, 15.6764], [100.83088, 15.67715], [100.83215, 15.67778], [100.8332, 15.67953], [100.83344, 15.681], [100.83253, 15.68175], [100.82959, 15.68228], [100.82554, 15.68481], [100.82312, 15.69868], [100.81744, 15.70752], [100.81939, 15.71788], [100.82087, 15.7228], [100.82088, 15.72361], [100.81952, 15.72578], [100.81919, 15.73549], [100.82484, 15.75018], [100.81262, 15.78097], [100.80695, 15.78035], [100.80075, 15.78023]]]}}, {"type": "Feature", "properties": {"code": "TH600908", "name": "ไพศาลี", "name_en": "Phaisali", "district": "ไพศาลี", "district_en": "Phaisali", "area_km2": 105.2}, "geometry": {"type": "Polygon", "coordinates": [[[100.76085, 15.69192], [100.75958, 15.6933], [100.75874, 15.69342], [100.75697, 15.69261], [100.75414, 15.69031], [100.75333, 15.69105], [100.7517, 15.6936], [100.74586, 15.69514], [100.7421, 15.69552], [100.73969, 15.6961], [100.73796, 15.69693], [100.73714, 15.69831], [100.73588, 15.69729], [100.73089, 15.69002], [100.72946, 15.68905], [100.72804, 15.6874], [100.72493, 15.68586], [100.72326, 15.68431], [100.72237, 15.68245], [100.72099, 15.68102], [100.7186, 15.67934], [100.71385, 15.6751], [100.70151, 15.66784], [100.69957, 15.66719], [100.69654, 15.66385], [100.69416, 15.66214], [100.69148, 15.65884], [100.68919, 15.65719], [100.6872, 15.65475], [100.68213, 15.64562], [100.68162, 15.64526], [100.68018, 15.64522], [100.67938, 15.6462], [100.67821, 15.64603], [100.67811, 15.64662], [100.6777, 15.64643], [100.67735, 15.64715], [100.67661, 15.64762], [100.67591, 15.64774], [100.67585, 15.64734], [100.6754, 15.64731], [100.67538, 15.64669], [100.67504, 15.64702], [100.67427, 15.64664], [100.67416, 15.64695], [100.6728, 15.64736], [100.67229, 15.6479], [100.67148, 15.64782], [100.67102, 15.64954], [100.67062, 15.64977], [100.67029, 15.65059], [100.66975, 15.65074], [100.66952, 15.65051], [100.66879, 15.65085], [100.66887, 15.65137], [100.66836, 15.65175], [100.66825, 15.65293], [100.66723, 15.65283], [100.66738, 15.65343], [100.66672, 15.6543], [100.6663, 15.65428], [100.66575, 15.65539], [100.66338, 15.65612], [100.66321, 15.65587], [100.66233, 15.65596], [100.66119, 15.65708], [100.66125, 15.65757], [100.66061, 15.65789], [100.65908, 15.65765], [100.65817, 15.65785], [100.6573, 15.65866], [100.6569, 15.65852], [100.65514, 15.65909], [100.65396, 15.66003], [100.65457, 15.66188], [100.65349, 15.66286], [100.65214, 15.66239], [100.65021, 15.6626], [100.64928, 15.66313], [100.64832, 15.66324], [100.64694, 15.66271], [100.64583, 15.66268], [100.645, 15.66292], [100.64417, 15.66371], [100.64263, 15.65109], [100.64266, 15.64344], [100.6432, 15.64066], [100.64221, 15.63598], [100.64064, 15.63416], [100.63891, 15.63031], [100.63853, 15.62422], [100.63964, 15.61661], [100.63973, 15.61259], [100.63939, 15.60859], [100.63979, 15.6036], [100.64103, 15.60375], [100.64266, 15.60345], [100.64354, 15.60236], [100.64257, 15.59969], [100.64481, 15.59258], [100.64457, 15.5881], [100.64423, 15.58789], [100.64394, 15.58442], [100.64447, 15.58168], [100.6442, 15.57899], [100.64459, 15.57713], [100.64149, 15.57689], [100.63987, 15.57308], [100.63889, 15.57286], [100.63839, 15.5691], [100.63744, 15.56682], [100.64057, 15.56432], [100.64322, 15.56309], [100.64431, 15.56314], [100.64519, 15.56252], [100.64956, 15.56331], [100.6588, 15.56137], [100.66313, 15.56094], [100.6652, 15.55998], [100.66702, 15.55953], [100.6671, 15.55922], [100.6679, 15.55889], [100.66839, 15.55942], [100.66872, 15.55913], [100.67097, 15.55977], [100.6717, 15.56056], [100.67217, 15.56063], [100.67185, 15.56098], [100.67244, 15.56103], [100.67248, 15.56188], [100.67431, 15.56227], [100.67551, 15.56388], [100.67694, 15.56409], [100.67831, 15.56511], [100.6809, 15.56525], [100.68134, 15.56458], [100.68327, 15.56527], [100.6833, 15.56452], [100.68395, 15.56449], [100.6839, 15.56372], [100.68452, 15.56356], [100.68571, 15.56376], [100.68597, 15.56419], [100.6881, 15.56412], [100.68875, 15.56504], [100.69002, 15.56524], [100.69025, 15.56667], [100.69182, 15.56701], [100.69304, 15.56664], [100.69426, 15.56854], [100.69492, 15.57095], [100.69504, 15.57582], [100.69447, 15.58052], [100.69424, 15.58148], [100.69289, 15.58379], [100.6907, 15.58611], [100.69037, 15.58697], [100.6913, 15.58882], [100.69471, 15.59363], [100.69498, 15.60286], [100.6961, 15.60612], [100.69817, 15.60756], [100.70056, 15.60808], [100.71394, 15.60574], [100.71707, 15.60587], [100.71942, 15.60642], [100.72155, 15.60804], [100.72487, 15.6092], [100.7258, 15.61127], [100.72622, 15.61377], [100.73283, 15.6164], [100.73355, 15.61767], [100.73322, 15.6189], [100.73057, 15.62129], [100.73015, 15.62207], [100.72994, 15.62358], [100.72916, 15.62511], [100.72844, 15.62817], [100.72575, 15.62943], [100.72506, 15.63008], [100.72507, 15.63135], [100.72581, 15.63246], [100.72672, 15.63271], [100.72747, 15.63363], [100.72869, 15.63208], [100.7314, 15.63206], [100.73287, 15.63375], [100.7338, 15.63402], [100.73438, 15.63372], [100.73474, 15.63419], [100.73512, 15.6338], [100.73608, 15.63437], [100.73536, 15.63483], [100.73531, 15.63548], [100.7359, 15.63542], [100.73641, 15.63619], [100.73781, 15.6361], [100.73775, 15.63655], [100.73887, 15.63667], [100.73887, 15.63714], [100.73995, 15.6372], [100.74053, 15.63755], [100.7411, 15.63724], [100.74172, 15.63752], [100.74209, 15.63716], [100.74317, 15.63736], [100.74385, 15.63814], [100.74364, 15.63854], [100.74389, 15.63883], [100.74357, 15.63905], [100.74411, 15.63915], [100.74461, 15.63864], [100.74443, 15.6393], [100.74501, 15.63959], [100.74523, 15.63927], [100.74545, 15.63951], [100.74593, 15.63918], [100.74639, 15.63938], [100.74652, 15.63892], [100.74742, 15.64051], [100.74925, 15.64175], [100.75165, 15.64084], [100.75278, 15.64084], [100.75308, 15.64032], [100.75354, 15.64104], [100.75416, 15.64133], [100.75366, 15.64173], [100.75478, 15.64209], [100.75547, 15.64143], [100.75632, 15.64217], [100.75641, 15.64297], [100.75718, 15.64315], [100.75803, 15.64415], [100.75796, 15.64459], [100.75898, 15.64621], [100.75889, 15.64679], [100.76064, 15.64784], [100.7609, 15.64873], [100.76043, 15.6491], [100.76076, 15.65012], [100.76057, 15.65082], [100.75969, 15.65097], [100.75813, 15.65049], [100.75804, 15.65078], [100.75695, 15.65119], [100.75683, 15.65237], [100.75708, 15.65283], [100.75685, 15.65313], [100.75716, 15.65332], [100.75718, 15.654], [100.75636, 15.65454], [100.75633, 15.65515], [100.75721, 15.65605], [100.7575, 15.65715], [100.75678, 15.65746], [100.75612, 15.6589], [100.75509, 15.65977], [100.75495, 15.66326], [100.75159, 15.66506], [100.75111, 15.66742], [100.75158, 15.6682], [100.75236, 15.66826], [100.75395, 15.6676], [100.7557, 15.66589], [100.7574, 15.66572], [100.75949, 15.66505], [100.76094, 15.66507], [100.76178, 15.66562], [100.76164, 15.66675], [100.76053, 15.66915], [100.75996, 15.67223], [100.75995, 15.67423], [100.7611, 15.67838], [100.76062, 15.68335], [100.76159, 15.68904], [100.76085, 15.69192]]]}}, {"type": "Feature", "properties": {"code": "TH601001", "name": "พยุหะ", "name_en": "Phayuha", "district": "พยุหะคีรี", "district_en": "Phayuha Khiri", "area_km2": 21.5}, "geometry": {"type": "Polygon", "coordinates": [[[100.15706, 15.48071], [100.15457, 15.48171], [100.15297, 15.48197], [100.15004, 15.4816], [100.14793, 15.48201], [100.14265, 15.48093], [100.14009, 15.48086], [100.13806, 15.47989], [100.1347, 15.47929], [100.13316, 15.4787], [100.13207, 15.47807], [100.13195, 15.47678], [100.13006, 15.47657], [100.12854, 15.47595], [100.12805, 15.47269], [100.12832, 15.47066], [100.12636, 15.46987], [100.12463, 15.46798], [100.12289, 15.467], [100.12162, 15.46573], [100.11984, 15.46459], [100.1187, 15.46321], [100.11608, 15.46128], [100.10843, 15.45648], [100.11079, 15.4536], [100.11341, 15.45181], [100.11819, 15.44987], [100.12002, 15.44984], [100.12134, 15.45068], [100.12351, 15.45331], [100.12517, 15.45748], [100.12774, 15.46129], [100.1297, 15.46214], [100.13069, 15.46207], [100.13153, 15.46151], [100.13293, 15.45891], [100.13371, 15.45599], [100.13155, 15.44226], [100.13236, 15.43555], [100.13436, 15.42869], [100.13768, 15.42922], [100.13882, 15.43002], [100.14087, 15.42999], [100.1428, 15.43492], [100.14492, 15.43481], [100.14649, 15.4352], [100.15056, 15.43427], [100.15441, 15.43428], [100.15677, 15.43485], [100.16279, 15.43432], [100.16573, 15.43324], [100.16738, 15.432], [100.16972, 15.43163], [100.17223, 15.43175], [100.17336, 15.43072], [100.17816, 15.42966], [100.1811, 15.42968], [100.17776, 15.43319], [100.17524, 15.43669], [100.16405, 15.45512], [100.15804, 15.46589], [100.15706, 15.48071]]]}}, {"type": "Feature", "properties": {"code": "TH601002", "name": "เนินมะกอก", "name_en": "Noen Makok", "district": "พยุหะคีรี", "district_en": "Phayuha Khiri", "area_km2": 45.8}, "geometry": {"type": "Polygon", "coordinates": [[[100.24592, 15.42984], [100.23616, 15.43446], [100.22221, 15.44029], [100.22261, 15.44234], [100.22441, 15.44445], [100.22504, 15.44682], [100.22321, 15.45024], [100.22253, 15.45008], [100.2226, 15.45126], [100.21495, 15.46539], [100.21462, 15.46759], [100.21398, 15.46768], [100.21148, 15.47231], [100.21143, 15.47303], [100.21322, 15.47353], [100.21372, 15.47506], [100.21441, 15.47589], [100.20847, 15.48704], [100.20695, 15.48616], [100.20519, 15.48616], [100.20267, 15.48567], [100.20226, 15.48479], [100.20068, 15.48356], [100.19908, 15.48351], [100.19775, 15.48364], [100.19414, 15.48521], [100.18765, 15.48708], [100.17678, 15.48665], [100.17379, 15.48623], [100.15706, 15.48071], [100.15804, 15.46589], [100.16896, 15.44691], [100.173, 15.44074], [100.17524, 15.43669], [100.17776, 15.43319], [100.1811, 15.42968], [100.18563, 15.42972], [100.19129, 15.42842], [100.1928, 15.42833], [100.19517, 15.42899], [100.19809, 15.42814], [100.20605, 15.42909], [100.20747, 15.42862], [100.21232, 15.42792], [100.21485, 15.42714], [100.21559, 15.42605], [100.21615, 15.4242], [100.21739, 15.41934], [100.21918, 15.40985], [100.22161, 15.40121], [100.22162, 15.39924], [100.22242, 15.39761], [100.22533, 15.39695], [100.22737, 15.39856], [100.2293, 15.39893], [100.23116, 15.40003], [100.23517, 15.40403], [100.23626, 15.40438], [100.2372, 15.40512], [100.24159, 15.40953], [100.24411, 15.4107], [100.24283, 15.41212], [100.24542, 15.41339], [100.24454, 15.41641], [100.24548, 15.41658], [100.24531, 15.42218], [100.24592, 15.42984]]]}}, {"type": "Feature", "properties": {"code": "TH601003", "name": "นิคมเขาบ่อแก้ว", "name_en": "Nikhom Khao Bo Kaeo", "district": "พยุหะคีรี", "district_en": "Phayuha Khiri", "area_km2": 122.0}, "geometry": {"type": "Polygon", "coordinates": [[[100.26024, 15.49091], [100.2584, 15.49183], [100.25755, 15.49513], [100.25678, 15.49582], [100.25674, 15.49714], [100.25723, 15.49821], [100.25675, 15.49842], [100.25677, 15.49895], [100.25638, 15.49899], [100.25662, 15.50011], [100.25608, 15.50155], [100.25632, 15.50189], [100.2559, 15.50289], [100.25507, 15.50372], [100.25508, 15.50572], [100.25475, 15.50624], [100.25401, 15.50621], [100.25231, 15.50748], [100.25239, 15.50828], [100.25185, 15.50844], [100.2513, 15.50926], [100.251, 15.51098], [100.24928, 15.51127], [100.24907, 15.51244], [100.24847, 15.51295], [100.24857, 15.51414], [100.24784, 15.51484], [100.24784, 15.51526], [100.2468, 15.51562], [100.24651, 15.51696], [100.24675, 15.51803], [100.2457, 15.51869], [100.24611, 15.52049], [100.24538, 15.52142], [100.24531, 15.52248], [100.24312, 15.52176], [100.24165, 15.52193], [100.24006, 15.52284], [100.24034, 15.52321], [100.24014, 15.52419], [100.23848, 15.52799], [100.2376, 15.53185], [100.23588, 15.53358], [100.2345, 15.53561], [100.23415, 15.53717], [100.23299, 15.537], [100.23163, 15.53591], [100.23055, 15.53411], [100.22749, 15.53272], [100.22693, 15.53252], [100.22586, 15.53297], [100.22447, 15.53287], [100.2229, 15.53209], [100.22215, 15.53211], [100.21988, 15.52976], [100.21934, 15.52874], [100.21803, 15.52773], [100.19404, 15.51489], [100.20229, 15.49864], [100.21441, 15.47589], [100.21372, 15.47506], [100.21322, 15.47353], [100.21143, 15.47303], [100.21148, 15.47231], [100.21398, 15.46768], [100.21462, 15.46759], [100.21495, 15.46539], [100.2226, 15.45126], [100.22253, 15.45008], [100.22321, 15.45024], [100.22504, 15.44682], [100.22441, 15.44445], [100.22261, 15.44234], [100.22221, 15.44029], [100.23616, 15.43446], [100.24592, 15.42984], [100.27604, 15.44483], [100.27713, 15.44575], [100.27796, 15.44828], [100.27863, 15.44891], [100.28093, 15.44937], [100.28326, 15.44908], [100.28697, 15.44976], [100.28843, 15.45034], [100.29002, 15.45128], [100.29028, 15.45234], [100.29193, 15.45413], [100.29767, 15.4545], [100.31828, 15.45261], [100.32741, 15.4542], [100.32772, 15.45823], [100.3289, 15.45855], [100.33056, 15.45982], [100.3317, 15.46024], [100.33415, 15.45993], [100.33559, 15.46236], [100.33627, 15.46218], [100.33671, 15.46466], [100.34128, 15.46355], [100.34192, 15.46535], [100.34359, 15.46508], [100.34519, 15.46967], [100.34713, 15.4684], [100.34836, 15.47105], [100.35121, 15.47437], [100.35585, 15.48203], [100.35737, 15.48395], [100.3582, 15.48488], [100.36003, 15.48552], [100.36304, 15.48869], [100.36436, 15.48965], [100.36567, 15.49133], [100.36883, 15.49415], [100.37063, 15.49698], [100.37444, 15.49673], [100.37675, 15.49759], [100.37601, 15.49984], [100.3762, 15.50274], [100.379, 15.50346], [100.38001, 15.50435], [100.38158, 15.50896], [100.38282, 15.51034], [100.38747, 15.51289], [100.39139, 15.51372], [100.39557, 15.51661], [100.39472, 15.5171], [100.39437, 15.51781], [100.39379, 15.51781], [100.39379, 15.51859], [100.39309, 15.51866], [100.39221, 15.51815], [100.39167, 15.51889], [100.39124, 15.51868], [100.38826, 15.51899], [100.38682, 15.52172], [100.38609, 15.52208], [100.38547, 15.52162], [100.38552, 15.52211], [100.38511, 15.52234], [100.38554, 15.52254], [100.38523, 15.52363], [100.38601, 15.52473], [100.38528, 15.52529], [100.38399, 15.52555], [100.38336, 15.52522], [100.38267, 15.52586], [100.38273, 15.52618], [100.38071, 15.52543], [100.38109, 15.52413], [100.38054, 15.52182], [100.37791, 15.51822], [100.37656, 15.51734], [100.37413, 15.51702], [100.37283, 15.51766], [100.37087, 15.52218], [100.36964, 15.5229], [100.34983, 15.51666], [100.34765, 15.51615], [100.34504, 15.51632], [100.33863, 15.51451], [100.33721, 15.5138], [100.33598, 15.51237], [100.33396, 15.51264], [100.33241, 15.51234], [100.33021, 15.51286], [100.32763, 15.51261], [100.32747, 15.51649], [100.31822, 15.51968], [100.31705, 15.51762], [100.31502, 15.51802], [100.30972, 15.51771], [100.30849, 15.51243], [100.30737, 15.512], [100.30667, 15.50927], [100.30581, 15.50931], [100.30524, 15.50888], [100.30438, 15.50948], [100.30342, 15.50965], [100.30049, 15.50883], [100.29887, 15.51029], [100.29757, 15.50871], [100.29603, 15.51004], [100.29508, 15.51001], [100.29383, 15.50748], [100.29158, 15.50532], [100.29029, 15.50545], [100.28962, 15.50414], [100.28877, 15.50422], [100.28862, 15.50394], [100.2846, 15.50585], [100.28189, 15.49756], [100.28224, 15.49713], [100.27999, 15.49516], [100.27534, 15.49548], [100.26024, 15.49091]]]}}, {"type": "Feature", "properties": {"code": "TH601004", "name": "ม่วงหัก", "name_en": "Muang Hak", "district": "พยุหะคีรี", "district_en": "Phayuha Khiri", "area_km2": 28.4}, "geometry": {"type": "Polygon", "coordinates": [[[100.14445, 15.41176], [100.13647, 15.41301], [100.13624, 15.41167], [100.13519, 15.41008], [100.1296, 15.40534], [100.13051, 15.4046], [100.13427, 15.40473], [100.13875, 15.40404], [100.14004, 15.40434], [100.14041, 15.40279], [100.14194, 15.40016], [100.1415, 15.39938], [100.14271, 15.39603], [100.14273, 15.39463], [100.14614, 15.39376], [100.14393, 15.39048], [100.14457, 15.39002], [100.14575, 15.39094], [100.14651, 15.39092], [100.14723, 15.39022], [100.14933, 15.39026], [100.15015, 15.38864], [100.15406, 15.38854], [100.15404, 15.38728], [100.156, 15.38705], [100.1562, 15.38665], [100.15812, 15.38655], [100.15897, 15.38441], [100.15985, 15.38427], [100.16127, 15.38346], [100.16107, 15.38204], [100.16222, 15.38083], [100.16465, 15.3806], [100.1656, 15.38112], [100.16743, 15.38111], [100.17411, 15.38037], [100.17823, 15.3792], [100.1787, 15.38007], [100.18034, 15.37957], [100.18056, 15.38076], [100.18322, 15.37965], [100.18318, 15.37819], [100.18268, 15.37646], [100.18938, 15.37511], [100.19296, 15.37472], [100.19658, 15.37178], [100.20004, 15.37143], [100.20372, 15.36941], [100.20333, 15.36821], [100.2052, 15.36761], [100.20495, 15.36672], [100.20616, 15.36632], [100.20979, 15.36567], [100.21785, 15.36338], [100.21935, 15.36537], [100.22224, 15.36805], [100.21698, 15.37199], [100.2156, 15.3735], [100.21445, 15.37521], [100.21417, 15.37804], [100.21477, 15.38088], [100.21611, 15.38295], [100.21627, 15.38452], [100.21586, 15.38469], [100.21618, 15.38555], [100.21547, 15.38599], [100.21805, 15.39297], [100.21917, 15.39269], [100.21987, 15.39639], [100.22059, 15.39815], [100.22242, 15.39761], [100.22162, 15.39924], [100.22161, 15.40121], [100.22093, 15.4041], [100.21668, 15.40516], [100.21391, 15.40548], [100.19044, 15.40736], [100.18339, 15.40742], [100.18248, 15.40795], [100.17477, 15.40915], [100.15993, 15.41053], [100.15277, 15.411], [100.14761, 15.41091], [100.14445, 15.41176]]]}}, {"type": "Feature", "properties": {"code": "TH601005", "name": "ยางขาว", "name_en": "Yang Khao", "district": "พยุหะคีรี", "district_en": "Phayuha Khiri", "area_km2": 37.6}, "geometry": {"type": "Polygon", "coordinates": [[[100.11045, 15.53978], [100.11323, 15.54325], [100.11433, 15.54581], [100.11485, 15.54941], [100.1144, 15.55152], [100.11364, 15.55272], [100.11097, 15.55402], [100.10606, 15.55049], [100.1041, 15.54749], [100.09329, 15.53972], [100.09116, 15.5386], [100.08997, 15.53906], [100.08907, 15.53891], [100.08784, 15.53956], [100.08643, 15.54051], [100.08587, 15.54141], [100.08429, 15.54088], [100.08177, 15.54139], [100.08038, 15.54125], [100.07937, 15.5401], [100.07329, 15.53971], [100.07261, 15.53879], [100.07077, 15.53796], [100.06974, 15.53708], [100.06523, 15.53641], [100.06139, 15.53439], [100.05745, 15.53303], [100.05693, 15.53382], [100.05626, 15.53396], [100.05151, 15.53278], [100.05096, 15.53098], [100.04537, 15.52637], [100.0473, 15.52448], [100.04678, 15.52233], [100.04394, 15.5214], [100.04321, 15.51865], [100.04095, 15.51444], [100.03965, 15.51366], [100.03777, 15.51163], [100.03637, 15.51132], [100.03458, 15.5104], [100.0331, 15.5078], [100.03186, 15.50507], [100.03087, 15.50073], [100.02853, 15.49673], [100.02837, 15.49499], [100.02886, 15.49265], [100.02876, 15.49178], [100.02722, 15.48896], [100.02483, 15.4872], [100.02408, 15.48234], [100.02494, 15.48165], [100.02616, 15.48129], [100.02659, 15.48187], [100.0277, 15.48144], [100.02954, 15.4813], [100.03204, 15.47986], [100.03324, 15.48055], [100.03642, 15.48036], [100.03676, 15.48129], [100.03767, 15.48166], [100.03956, 15.4806], [100.04072, 15.47914], [100.04163, 15.47964], [100.04348, 15.47931], [100.04419, 15.47797], [100.04676, 15.47777], [100.04717, 15.47816], [100.04793, 15.4782], [100.04797, 15.47863], [100.04744, 15.47933], [100.04815, 15.48052], [100.04801, 15.48135], [100.04946, 15.48197], [100.05076, 15.48173], [100.05095, 15.48077], [100.05224, 15.4796], [100.05313, 15.47954], [100.05351, 15.47993], [100.054, 15.47929], [100.05462, 15.47934], [100.05489, 15.47973], [100.05694, 15.47933], [100.05723, 15.47992], [100.0577, 15.47999], [100.05689, 15.48052], [100.05744, 15.48135], [100.05697, 15.4821], [100.05717, 15.48255], [100.0578, 15.48253], [100.05794, 15.48296], [100.05876, 15.48349], [100.05988, 15.48282], [100.0602, 15.48324], [100.06135, 15.48328], [100.0611, 15.48397], [100.06203, 15.48384], [100.06204, 15.48459], [100.06311, 15.48453], [100.0631, 15.48508], [100.0641, 15.48544], [100.06433, 15.48582], [100.06504, 15.48527], [100.06671, 15.48718], [100.06802, 15.48814], [100.06849, 15.48811], [100.06855, 15.48925], [100.0689, 15.48888], [100.07005, 15.48895], [100.07051, 15.48702], [100.07079, 15.48691], [100.07111, 15.4877], [100.07202, 15.48798], [100.07116, 15.48886], [100.07119, 15.48967], [100.07254, 15.49031], [100.07282, 15.49136], [100.07372, 15.49175], [100.07372, 15.49252], [100.07412, 15.49284], [100.07524, 15.49332], [100.07662, 15.49296], [100.07698, 15.49325], [100.07721, 15.4938], [100.07664, 15.49437], [100.07664, 15.4949], [100.07846, 15.49493], [100.07989, 15.49569], [100.08269, 15.49611], [100.08317, 15.49714], [100.08283, 15.4977], [100.083, 15.50052], [100.08515, 15.50235], [100.08645, 15.50279], [100.08839, 15.50211], [100.09039, 15.50046], [100.0923, 15.49942], [100.09441, 15.49984], [100.09626, 15.50142], [100.09882, 15.50174], [100.09964, 15.5026], [100.10028, 15.50392], [100.1039, 15.50447], [100.10453, 15.50542], [100.10477, 15.5067], [100.10719, 15.51022], [100.10487, 15.51046], [100.09915, 15.51245], [100.09674, 15.51373], [100.09519, 15.51522], [100.09381, 15.51694], [100.09306, 15.5189], [100.09247, 15.52269], [100.09258, 15.52462], [100.09387, 15.52798], [100.09544, 15.53026], [100.09753, 15.5318], [100.10611, 15.53574], [100.11045, 15.53978]]]}}, {"type": "Feature", "properties": {"code": "TH601006", "name": "ย่านมัทรี", "name_en": "Yan Matsi", "district": "พยุหะคีรี", "district_en": "Phayuha Khiri", "area_km2": 35.4}, "geometry": {"type": "Polygon", "coordinates": [[[100.13723, 15.56993], [100.1363, 15.57044], [100.13078, 15.56945], [100.1268, 15.56797], [100.12168, 15.5674], [100.11952, 15.56677], [100.11841, 15.56523], [100.11781, 15.56203], [100.11616, 15.55819], [100.11328, 15.55547], [100.11097, 15.55402], [100.11364, 15.55272], [100.11473, 15.55036], [100.11462, 15.54694], [100.11323, 15.54325], [100.11045, 15.53978], [100.10611, 15.53574], [100.09753, 15.5318], [100.09544, 15.53026], [100.09387, 15.52798], [100.09258, 15.52462], [100.09273, 15.5208], [100.09381, 15.51694], [100.09674, 15.51373], [100.09915, 15.51245], [100.10487, 15.51046], [100.10719, 15.51022], [100.11345, 15.51094], [100.11637, 15.51256], [100.11805, 15.51323], [100.11897, 15.51325], [100.11981, 15.51317], [100.12101, 15.51237], [100.12153, 15.511], [100.12152, 15.50904], [100.11885, 15.5056], [100.11708, 15.50177], [100.10938, 15.47275], [100.10667, 15.4652], [100.10657, 15.46068], [100.10726, 15.45839], [100.10843, 15.45648], [100.11608, 15.46128], [100.1187, 15.46321], [100.11984, 15.46459], [100.12162, 15.46573], [100.12289, 15.467], [100.12463, 15.46798], [100.12636, 15.46987], [100.12836, 15.47071], [100.12805, 15.47269], [100.12854, 15.47595], [100.13006, 15.47657], [100.13195, 15.47678], [100.13207, 15.47807], [100.13316, 15.4787], [100.1347, 15.47929], [100.13806, 15.47989], [100.14009, 15.48086], [100.13893, 15.48206], [100.13843, 15.48309], [100.13878, 15.48825], [100.13817, 15.48854], [100.13888, 15.49216], [100.13598, 15.50161], [100.13596, 15.50268], [100.13684, 15.50581], [100.14003, 15.51451], [100.13908, 15.51819], [100.13933, 15.51916], [100.14015, 15.52012], [100.14019, 15.52261], [100.1392, 15.52482], [100.13749, 15.52739], [100.13736, 15.52835], [100.13886, 15.53358], [100.13958, 15.53501], [100.14098, 15.53648], [100.14122, 15.53859], [100.14238, 15.54151], [100.1432, 15.54591], [100.14415, 15.54761], [100.14453, 15.54934], [100.14406, 15.55333], [100.14001, 15.55666], [100.13969, 15.55865], [100.13857, 15.56203], [100.13837, 15.56443], [100.13694, 15.5678], [100.13688, 15.56903], [100.13723, 15.56993]]]}}, {"type": "Feature", "properties": {"code": "TH601007", "name": "เขาทอง", "name_en": "Khao Thong", "district": "พยุหะคีรี", "district_en": "Phayuha Khiri", "area_km2": 81.6}, "geometry": {"type": "Polygon", "coordinates": [[[100.24055, 15.63689], [100.24003, 15.63711], [100.23832, 15.63648], [100.23743, 15.63666], [100.23492, 15.63556], [100.23339, 15.63598], [100.2336, 15.63472], [100.23206, 15.63327], [100.22942, 15.63339], [100.22811, 15.6331], [100.22769, 15.63236], [100.22656, 15.63249], [100.22619, 15.63201], [100.22657, 15.63174], [100.22526, 15.63131], [100.22257, 15.63199], [100.22049, 15.63153], [100.21915, 15.63187], [100.21907, 15.63129], [100.2182, 15.63106], [100.21758, 15.63013], [100.21567, 15.62892], [100.2156, 15.62822], [100.2146, 15.62688], [100.21484, 15.62635], [100.21395, 15.62485], [100.21343, 15.62437], [100.21244, 15.62449], [100.21204, 15.62352], [100.21148, 15.62362], [100.20992, 15.62284], [100.20929, 15.61998], [100.20851, 15.61996], [100.20727, 15.61903], [100.20716, 15.6194], [100.20637, 15.61942], [100.20573, 15.61993], [100.20462, 15.61959], [100.20432, 15.62017], [100.20339, 15.61954], [100.20318, 15.61902], [100.20245, 15.61913], [100.20196, 15.61816], [100.20145, 15.61793], [100.20201, 15.61697], [100.20132, 15.61636], [100.20084, 15.61509], [100.20028, 15.61518], [100.19928, 15.61428], [100.19916, 15.61316], [100.19872, 15.61329], [100.1985, 15.61252], [100.19703, 15.61208], [100.19729, 15.61145], [100.19497, 15.61011], [100.19466, 15.60939], [100.19408, 15.60938], [100.19348, 15.60838], [100.19383, 15.608], [100.19358, 15.60552], [100.19377, 15.60499], [100.19422, 15.6049], [100.19418, 15.60369], [100.19479, 15.60351], [100.1944, 15.60289], [100.19459, 15.60043], [100.19548, 15.6001], [100.19524, 15.59878], [100.19465, 15.59812], [100.19495, 15.59766], [100.19448, 15.59668], [100.19451, 15.59581], [100.1934, 15.5948], [100.19299, 15.59515], [100.19231, 15.59353], [100.19098, 15.59389], [100.19093, 15.5929], [100.19, 15.59253], [100.18894, 15.59106], [100.18844, 15.5911], [100.18848, 15.59185], [100.18529, 15.59314], [100.18501, 15.59362], [100.1842, 15.59349], [100.18306, 15.59432], [100.1814, 15.59375], [100.17933, 15.59372], [100.17871, 15.59436], [100.1772, 15.59483], [100.17545, 15.59597], [100.17462, 15.59684], [100.17257, 15.59548], [100.17109, 15.59528], [100.1701, 15.59578], [100.16852, 15.59557], [100.16408, 15.59674], [100.16089, 15.59869], [100.15853, 15.59822], [100.15344, 15.6012], [100.15345, 15.60266], [100.15074, 15.60406], [100.14892, 15.60432], [100.14435, 15.60322], [100.14318, 15.60341], [100.14097, 15.60534], [100.14075, 15.60788], [100.14129, 15.60954], [100.13922, 15.60842], [100.13697, 15.60608], [100.1353, 15.60341], [100.13484, 15.6013], [100.13632, 15.59805], [100.13795, 15.59542], [100.13948, 15.59134], [100.13978, 15.58992], [100.13904, 15.58786], [100.13901, 15.5855], [100.14094, 15.58385], [100.14071, 15.5832], [100.13933, 15.5822], [100.13898, 15.58025], [100.13991, 15.57375], [100.13963, 15.57112], [100.13866, 15.5701], [100.13708, 15.56978], [100.13694, 15.5678], [100.13837, 15.56443], [100.13857, 15.56203], [100.13969, 15.55865], [100.14001, 15.55666], [100.14406, 15.55333], [100.14453, 15.54893], [100.14351, 15.54664], [100.14675, 15.54619], [100.1483, 15.54554], [100.15096, 15.5455], [100.15063, 15.54108], [100.15166, 15.53977], [100.15192, 15.53808], [100.15519, 15.53762], [100.15755, 15.53798], [100.15771, 15.53483], [100.16144, 15.53486], [100.16493, 15.53372], [100.1686, 15.53315], [100.17505, 15.52917], [100.17679, 15.52857], [100.17782, 15.52921], [100.17963, 15.52878], [100.18036, 15.52939], [100.1809, 15.53086], [100.18197, 15.53122], [100.18342, 15.53084], [100.18449, 15.53143], [100.18659, 15.53455], [100.1885, 15.53525], [100.19056, 15.53679], [100.19444, 15.53816], [100.19726, 15.53956], [100.19787, 15.54187], [100.20057, 15.54021], [100.20179, 15.53847], [100.20324, 15.53733], [100.20361, 15.53622], [100.20495, 15.53439], [100.20841, 15.53158], [100.20928, 15.53022], [100.2121, 15.52888], [100.21441, 15.52881], [100.21627, 15.52812], [100.21715, 15.52741], [100.21934, 15.52874], [100.21988, 15.52976], [100.22215, 15.53211], [100.2229, 15.53209], [100.22447, 15.53287], [100.22586, 15.53297], [100.22693, 15.53252], [100.22777, 15.53284], [100.23055, 15.53411], [100.23156, 15.53583], [100.23299, 15.537], [100.23415, 15.53717], [100.23755, 15.53904], [100.23819, 15.54189], [100.23562, 15.54613], [100.23531, 15.54777], [100.23412, 15.55032], [100.22451, 15.5653], [100.22182, 15.57051], [100.22315, 15.57294], [100.22304, 15.57386], [100.22372, 15.57466], [100.22356, 15.5755], [100.2239, 15.57598], [100.2232, 15.57936], [100.22394, 15.5797], [100.22408, 15.58102], [100.22493, 15.58216], [100.22552, 15.5822], [100.22603, 15.58299], [100.22707, 15.58374], [100.22715, 15.58503], [100.22764, 15.5857], [100.22713, 15.58641], [100.22772, 15.58716], [100.22793, 15.58823], [100.22887, 15.58916], [100.22838, 15.58992], [100.22852, 15.59048], [100.22893, 15.5904], [100.22929, 15.5911], [100.23086, 15.59155], [100.23062, 15.59231], [100.23091, 15.59253], [100.23018, 15.59353], [100.23051, 15.59385], [100.23106, 15.59366], [100.23161, 15.59387], [100.23174, 15.59504], [100.23266, 15.59548], [100.23208, 15.59631], [100.23313, 15.59861], [100.23261, 15.59841], [100.23234, 15.59893], [100.2333, 15.60025], [100.23443, 15.60019], [100.23485, 15.6015], [100.23432, 15.60186], [100.23497, 15.60237], [100.23504, 15.60331], [100.23641, 15.60446], [100.23609, 15.60516], [100.23673, 15.60638], [100.23754, 15.60677], [100.23746, 15.60756], [100.23807, 15.60799], [100.23758, 15.60983], [100.23776, 15.61004], [100.23862, 15.60969], [100.23942, 15.60992], [100.23938, 15.61204], [100.24028, 15.61418], [100.24, 15.61492], [100.23898, 15.61537], [100.23878, 15.61578], [100.23915, 15.62033], [100.23803, 15.62436], [100.23868, 15.62509], [100.23981, 15.63527], [100.24055, 15.63689]]]}}, {"type": "Feature", "properties": {"code": "TH601008", "name": "ท่าน้ำอ้อย", "name_en": "Tha Nam Oi", "district": "พยุหะคีรี", "district_en": "Phayuha Khiri", "area_km2": 22.7}, "geometry": {"type": "Polygon", "coordinates": [[[100.15056, 15.43427], [100.14649, 15.4352], [100.14492, 15.43481], [100.1428, 15.43492], [100.141, 15.43007], [100.13882, 15.43002], [100.13768, 15.42922], [100.13436, 15.42869], [100.13539, 15.42389], [100.13525, 15.42224], [100.1344, 15.41979], [100.13334, 15.41827], [100.12939, 15.41453], [100.12482, 15.41241], [100.12572, 15.41141], [100.12606, 15.40971], [100.12754, 15.40964], [100.12755, 15.409], [100.12891, 15.40715], [100.12956, 15.40537], [100.13519, 15.41008], [100.13624, 15.41167], [100.13647, 15.41301], [100.14445, 15.41176], [100.14761, 15.41091], [100.15277, 15.411], [100.15993, 15.41053], [100.17477, 15.40915], [100.18248, 15.40795], [100.18339, 15.40742], [100.19044, 15.40736], [100.21391, 15.40548], [100.21668, 15.40516], [100.22093, 15.4041], [100.21918, 15.40985], [100.21739, 15.41934], [100.21615, 15.4242], [100.21526, 15.42665], [100.21402, 15.42753], [100.20605, 15.42909], [100.19809, 15.42814], [100.19517, 15.42899], [100.19307, 15.42836], [100.19129, 15.42842], [100.18563, 15.42972], [100.17816, 15.42966], [100.17336, 15.43072], [100.17223, 15.43175], [100.16972, 15.43163], [100.16738, 15.432], [100.16573, 15.43324], [100.16279, 15.43432], [100.15677, 15.43485], [100.15441, 15.43428], [100.15056, 15.43427]]]}}, {"type": "Feature", "properties": {"code": "TH601009", "name": "น้ำทรง", "name_en": "Nam Song", "district": "พยุหะคีรี", "district_en": "Phayuha Khiri", "area_km2": 68.7}, "geometry": {"type": "Polygon", "coordinates": [[[100.11708, 15.50177], [100.11885, 15.5056], [100.12152, 15.50904], [100.12167, 15.51004], [100.12131, 15.51179], [100.12101, 15.51237], [100.11981, 15.51317], [100.11805, 15.51323], [100.11345, 15.51094], [100.10719, 15.51022], [100.10477, 15.5067], [100.10453, 15.50542], [100.1039, 15.50447], [100.10028, 15.50392], [100.09964, 15.5026], [100.09882, 15.50174], [100.09626, 15.50142], [100.09441, 15.49984], [100.092, 15.49946], [100.08839, 15.50211], [100.08645, 15.50279], [100.08515, 15.50235], [100.083, 15.50052], [100.08283, 15.4977], [100.08317, 15.49714], [100.08269, 15.49611], [100.07989, 15.49569], [100.07846, 15.49493], [100.07664, 15.4949], [100.07664, 15.49437], [100.07721, 15.4938], [100.07698, 15.49325], [100.07662, 15.49296], [100.07524, 15.49332], [100.07412, 15.49284], [100.07372, 15.49252], [100.07372, 15.49175], [100.07282, 15.49136], [100.07254, 15.49031], [100.07119, 15.48967], [100.07116, 15.48886], [100.07202, 15.48798], [100.07111, 15.4877], [100.07079, 15.48691], [100.07051, 15.48702], [100.07005, 15.48895], [100.0689, 15.48888], [100.06855, 15.48925], [100.06849, 15.48811], [100.06802, 15.48814], [100.06671, 15.48718], [100.06504, 15.48527], [100.06433, 15.48582], [100.0641, 15.48544], [100.0631, 15.48508], [100.06311, 15.48453], [100.06204, 15.48459], [100.06203, 15.48384], [100.0611, 15.48397], [100.06135, 15.48328], [100.0602, 15.48324], [100.05988, 15.48282], [100.05876, 15.48349], [100.05794, 15.48296], [100.0578, 15.48253], [100.05717, 15.48255], [100.05697, 15.4821], [100.05744, 15.48135], [100.05689, 15.48052], [100.0577, 15.47999], [100.05723, 15.47992], [100.05694, 15.47933], [100.05489, 15.47973], [100.05462, 15.47934], [100.054, 15.47929], [100.05351, 15.47993], [100.05313, 15.47954], [100.05224, 15.4796], [100.05095, 15.48077], [100.05076, 15.48173], [100.04946, 15.48197], [100.04801, 15.48135], [100.04815, 15.48052], [100.04744, 15.47933], [100.04797, 15.47863], [100.04793, 15.4782], [100.04717, 15.47816], [100.04676, 15.47777], [100.04419, 15.47797], [100.04348, 15.47931], [100.04163, 15.47964], [100.04072, 15.47914], [100.03956, 15.4806], [100.03767, 15.48166], [100.03676, 15.48129], [100.03642, 15.48036], [100.03324, 15.48055], [100.03204, 15.47986], [100.02954, 15.4813], [100.0277, 15.48144], [100.02659, 15.48187], [100.02616, 15.48129], [100.02494, 15.48165], [100.02408, 15.48234], [100.02165, 15.48006], [100.02129, 15.47866], [100.01791, 15.47618], [100.01436, 15.4743], [100.01303, 15.4732], [100.01462, 15.47198], [100.01565, 15.47174], [100.01652, 15.47236], [100.01691, 15.47339], [100.01752, 15.47301], [100.01828, 15.47129], [100.01946, 15.47138], [100.02059, 15.47048], [100.02171, 15.47103], [100.0218, 15.46962], [100.02212, 15.46938], [100.02198, 15.46872], [100.02321, 15.46804], [100.02413, 15.46826], [100.02428, 15.46902], [100.02493, 15.46945], [100.02595, 15.46862], [100.0267, 15.46875], [100.02733, 15.46815], [100.02719, 15.46733], [100.02761, 15.46675], [100.02744, 15.4663], [100.02777, 15.46561], [100.02868, 15.46562], [100.02884, 15.46499], [100.03125, 15.46433], [100.03159, 15.46331], [100.03265, 15.46306], [100.03298, 15.46242], [100.03354, 15.46255], [100.03369, 15.46201], [100.03434, 15.46184], [100.03448, 15.46121], [100.0348, 15.46125], [100.03502, 15.46086], [100.03543, 15.46131], [100.03597, 15.46068], [100.03651, 15.46137], [100.03742, 15.46133], [100.03879, 15.4618], [100.03957, 15.46123], [100.03986, 15.4614], [100.04013, 15.46099], [100.04117, 15.46084], [100.04109, 15.46027], [100.04182, 15.45975], [100.04262, 15.45984], [100.04319, 15.4588], [100.04384, 15.45865], [100.04486, 15.45685], [100.04552, 15.45716], [100.04639, 15.45636], [100.04643, 15.4569], [100.04686, 15.457], [100.04757, 15.45497], [100.04863, 15.45482], [100.04887, 15.45438], [100.04839, 15.45342], [100.0487, 15.45236], [100.04828, 15.45144], [100.04833, 15.44878], [100.04768, 15.44702], [100.04892, 15.44467], [100.04925, 15.44298], [100.05208, 15.44229], [100.05584, 15.44205], [100.05767, 15.44105], [100.05964, 15.44065], [100.06266, 15.43848], [100.06207, 15.43656], [100.06011, 15.43498], [100.06033, 15.43333], [100.05865, 15.43288], [100.05701, 15.43126], [100.05692, 15.43054], [100.05753, 15.42993], [100.05758, 15.42945], [100.05639, 15.4279], [100.05439, 15.42382], [100.05972, 15.4255], [100.073, 15.42688], [100.07743, 15.42694], [100.09349, 15.4234], [100.09596, 15.42224], [100.10187, 15.41736], [100.11124, 15.41414], [100.11838, 15.41258], [100.12482, 15.41241], [100.12939, 15.41453], [100.13095, 15.41586], [100.13334, 15.41827], [100.1344, 15.41979], [100.13525, 15.42224], [100.13526, 15.4253], [100.13236, 15.43555], [100.13155, 15.44226], [100.13217, 15.4474], [100.13365, 15.45482], [100.13359, 15.45705], [100.13293, 15.45891], [100.13153, 15.46151], [100.13069, 15.46207], [100.12923, 15.46207], [100.12774, 15.46129], [100.12517, 15.45748], [100.12351, 15.45331], [100.12274, 15.45218], [100.12069, 15.45017], [100.11893, 15.44973], [100.11626, 15.45046], [100.11341, 15.45181], [100.11079, 15.4536], [100.10925, 15.45525], [100.10726, 15.45839], [100.10642, 15.462], [100.10667, 15.4652], [100.10938, 15.47275], [100.11708, 15.50177]]]}}, {"type": "Feature", "properties": {"code": "TH601010", "name": "เขากะลา", "name_en": "Khao Kala", "district": "พยุหะคีรี", "district_en": "Phayuha Khiri", "area_km2": 157.7}, "geometry": {"type": "Polygon", "coordinates": [[[100.33849, 15.59839], [100.33417, 15.59526], [100.3329, 15.59219], [100.33003, 15.58827], [100.32947, 15.58835], [100.32918, 15.58693], [100.32871, 15.58627], [100.32426, 15.58188], [100.32011, 15.58074], [100.31842, 15.57821], [100.31645, 15.57606], [100.31589, 15.57472], [100.31451, 15.57438], [100.31413, 15.57349], [100.3121, 15.57286], [100.30936, 15.57359], [100.30906, 15.57199], [100.30926, 15.56953], [100.31007, 15.56816], [100.31086, 15.56794], [100.31051, 15.56726], [100.30999, 15.56689], [100.30832, 15.56679], [100.30668, 15.56618], [100.30506, 15.56488], [100.30314, 15.56483], [100.2979, 15.56097], [100.29679, 15.56045], [100.29577, 15.56057], [100.2919, 15.56353], [100.29075, 15.56513], [100.28965, 15.57123], [100.29039, 15.57392], [100.29018, 15.57543], [100.27612, 15.57436], [100.27512, 15.5747], [100.27465, 15.58133], [100.27216, 15.58634], [100.27111, 15.59143], [100.2711, 15.59377], [100.27182, 15.5999], [100.27278, 15.60008], [100.27237, 15.6015], [100.27244, 15.60732], [100.27204, 15.61347], [100.27158, 15.61487], [100.27007, 15.61681], [100.2698, 15.62051], [100.26824, 15.62685], [100.25708, 15.62914], [100.25448, 15.63104], [100.25042, 15.63327], [100.25109, 15.6343], [100.25189, 15.63479], [100.25222, 15.63593], [100.24744, 15.63594], [100.24491, 15.63531], [100.24324, 15.63566], [100.24055, 15.63689], [100.23981, 15.63527], [100.23868, 15.62509], [100.23803, 15.62436], [100.23915, 15.62033], [100.23878, 15.61578], [100.23898, 15.61537], [100.24, 15.61492], [100.24028, 15.61418], [100.23938, 15.61204], [100.23942, 15.60992], [100.23862, 15.60969], [100.23776, 15.61004], [100.23758, 15.60983], [100.23807, 15.60799], [100.23746, 15.60756], [100.23754, 15.60677], [100.23673, 15.60638], [100.23609, 15.60516], [100.23641, 15.60446], [100.23504, 15.60331], [100.23497, 15.60237], [100.23432, 15.60186], [100.23485, 15.6015], [100.23443, 15.60019], [100.2333, 15.60025], [100.23234, 15.59893], [100.23261, 15.59841], [100.23313, 15.59861], [100.23208, 15.59631], [100.23266, 15.59548], [100.23174, 15.59504], [100.23161, 15.59387], [100.23106, 15.59366], [100.23051, 15.59385], [100.23018, 15.59353], [100.23091, 15.59253], [100.23062, 15.59231], [100.23086, 15.59155], [100.22929, 15.5911], [100.22893, 15.5904], [100.22852, 15.59048], [100.22838, 15.58992], [100.22887, 15.58916], [100.22793, 15.58823], [100.22772, 15.58716], [100.22713, 15.58641], [100.22764, 15.5857], [100.22715, 15.58503], [100.22707, 15.58374], [100.22603, 15.58299], [100.22552, 15.5822], [100.22493, 15.58216], [100.22408, 15.58102], [100.22394, 15.5797], [100.2232, 15.57936], [100.2239, 15.57598], [100.22356, 15.5755], [100.22372, 15.57466], [100.22304, 15.57386], [100.22315, 15.57294], [100.22214, 15.57147], [100.22184, 15.57032], [100.22451, 15.5653], [100.23412, 15.55032], [100.23531, 15.54777], [100.23562, 15.54613], [100.23819, 15.54189], [100.23755, 15.53904], [100.23415, 15.53717], [100.2345, 15.53561], [100.23588, 15.53358], [100.2376, 15.53185], [100.23848, 15.52799], [100.24014, 15.52419], [100.24034, 15.52321], [100.24006, 15.52284], [100.24165, 15.52193], [100.24312, 15.52176], [100.24531, 15.52248], [100.24538, 15.52142], [100.24611, 15.52049], [100.2457, 15.51869], [100.24675, 15.51803], [100.24651, 15.51696], [100.2468, 15.51562], [100.24784, 15.51526], [100.24784, 15.51484], [100.24857, 15.51414], [100.24847, 15.51295], [100.24907, 15.51244], [100.24928, 15.51127], [100.251, 15.51098], [100.2513, 15.50926], [100.25185, 15.50844], [100.25239, 15.50828], [100.25231, 15.50748], [100.25401, 15.50621], [100.25475, 15.50624], [100.25508, 15.50572], [100.25507, 15.50372], [100.2559, 15.50289], [100.25632, 15.50189], [100.25608, 15.50155], [100.25662, 15.50011], [100.25638, 15.49899], [100.25677, 15.49895], [100.25675, 15.49842], [100.25723, 15.49821], [100.25674, 15.49714], [100.25674, 15.49598], [100.25755, 15.49513], [100.25846, 15.49177], [100.26024, 15.49091], [100.27534, 15.49548], [100.27999, 15.49516], [100.28224, 15.49713], [100.28189, 15.49756], [100.2846, 15.50585], [100.28862, 15.50394], [100.28877, 15.50422], [100.28962, 15.50414], [100.29029, 15.50545], [100.29158, 15.50532], [100.29383, 15.50748], [100.29508, 15.51001], [100.29603, 15.51004], [100.29757, 15.50871], [100.29887, 15.51029], [100.30049, 15.50883], [100.30342, 15.50965], [100.30438, 15.50948], [100.30524, 15.50888], [100.30581, 15.50931], [100.30667, 15.50927], [100.30737, 15.512], [100.30849, 15.51243], [100.30972, 15.51771], [100.31502, 15.51802], [100.31705, 15.51762], [100.31822, 15.51968], [100.32747, 15.51649], [100.32763, 15.51261], [100.33021, 15.51286], [100.33241, 15.51234], [100.33396, 15.51264], [100.33598, 15.51237], [100.33721, 15.5138], [100.33863, 15.51451], [100.34504, 15.51632], [100.34765, 15.51615], [100.34983, 15.51666], [100.36964, 15.5229], [100.37087, 15.52218], [100.37283, 15.51766], [100.37413, 15.51702], [100.37656, 15.51734], [100.37791, 15.51822], [100.38054, 15.52182], [100.38109, 15.52413], [100.38071, 15.52543], [100.38248, 15.52615], [100.38273, 15.52618], [100.38267, 15.52586], [100.38336, 15.52522], [100.38399, 15.52555], [100.38528, 15.52529], [100.38601, 15.52473], [100.38523, 15.52363], [100.38554, 15.52254], [100.38511, 15.52234], [100.38552, 15.52211], [100.38547, 15.52162], [100.38609, 15.52208], [100.38682, 15.52172], [100.38826, 15.51899], [100.39124, 15.51868], [100.39167, 15.51889], [100.39221, 15.51815], [100.39309, 15.51866], [100.39379, 15.51859], [100.39379, 15.51781], [100.39437, 15.51781], [100.39472, 15.5171], [100.39557, 15.51661], [100.39875, 15.51942], [100.39879, 15.52041], [100.40061, 15.52059], [100.4008, 15.52299], [100.40243, 15.523], [100.40259, 15.52541], [100.40464, 15.53024], [100.40617, 15.53284], [100.40966, 15.53705], [100.41001, 15.5383], [100.40699, 15.54148], [100.40273, 15.54733], [100.40129, 15.54839], [100.39454, 15.55768], [100.38697, 15.56945], [100.38439, 15.57295], [100.38396, 15.57591], [100.38285, 15.57772], [100.38347, 15.57952], [100.38344, 15.58039], [100.38177, 15.58341], [100.38146, 15.58479], [100.38174, 15.58713], [100.38216, 15.58761], [100.38266, 15.58965], [100.38231, 15.59174], [100.38366, 15.59382], [100.34908, 15.58739], [100.34714, 15.58841], [100.33849, 15.59839]]]}}, {"type": "Feature", "properties": {"code": "TH601011", "name": "สระทะเล", "name_en": "Sa Thale", "district": "พยุหะคีรี", "district_en": "Phayuha Khiri", "area_km2": 40.6}, "geometry": {"type": "Polygon", "coordinates": [[[100.21715, 15.52741], [100.21627, 15.52812], [100.21441, 15.52881], [100.2121, 15.52888], [100.20928, 15.53022], [100.20841, 15.53158], [100.20495, 15.53439], [100.20361, 15.53622], [100.20324, 15.53733], [100.20179, 15.53847], [100.20057, 15.54021], [100.19787, 15.54187], [100.19726, 15.53956], [100.19444, 15.53816], [100.19056, 15.53679], [100.1885, 15.53525], [100.18659, 15.53455], [100.18449, 15.53143], [100.18342, 15.53084], [100.18197, 15.53122], [100.1809, 15.53086], [100.1805, 15.52964], [100.17976, 15.52882], [100.17782, 15.52921], [100.17679, 15.52857], [100.17441, 15.52949], [100.1686, 15.53315], [100.16493, 15.53372], [100.16144, 15.53486], [100.15771, 15.53483], [100.15755, 15.53798], [100.15519, 15.53762], [100.15192, 15.53808], [100.15166, 15.53977], [100.15063, 15.54108], [100.15096, 15.5455], [100.1483, 15.54554], [100.14675, 15.54619], [100.14351, 15.54664], [100.14238, 15.54151], [100.14122, 15.53859], [100.14098, 15.53648], [100.13958, 15.53501], [100.13886, 15.53358], [100.13736, 15.52835], [100.13749, 15.52739], [100.13981, 15.52363], [100.14032, 15.52179], [100.14015, 15.52012], [100.13909, 15.51853], [100.13912, 15.51772], [100.13997, 15.51552], [100.13991, 15.5138], [100.13684, 15.50581], [100.13596, 15.50268], [100.13598, 15.50161], [100.13888, 15.49216], [100.13817, 15.48854], [100.13878, 15.48825], [100.13843, 15.4837], [100.13862, 15.48253], [100.14009, 15.48086], [100.14265, 15.48093], [100.14793, 15.48201], [100.15004, 15.4816], [100.15297, 15.48197], [100.15457, 15.48171], [100.15706, 15.48071], [100.17379, 15.48623], [100.17678, 15.48665], [100.18765, 15.48708], [100.19414, 15.48521], [100.19775, 15.48364], [100.19908, 15.48351], [100.20068, 15.48356], [100.20226, 15.48479], [100.20267, 15.48567], [100.20776, 15.4864], [100.20847, 15.48704], [100.19404, 15.51489], [100.21715, 15.52741]]]}}, {"type": "Feature", "properties": {"code": "TH601101", "name": "ลาดยาว", "name_en": "Lat Yao", "district": "ลาดยาว", "district_en": "Lat Yao", "area_km2": 78.3}, "geometry": {"type": "Polygon", "coordinates": [[[99.76441, 15.78611], [99.76304, 15.78537], [99.76251, 15.78549], [99.76263, 15.78481], [99.76217, 15.78307], [99.7603, 15.78157], [99.75808, 15.78151], [99.75669, 15.78079], [99.75577, 15.78221], [99.75634, 15.78463], [99.755, 15.79136], [99.75385, 15.79462], [99.75132, 15.79967], [99.75082, 15.8018], [99.74813, 15.82137], [99.74384, 15.82812], [99.74004, 15.83547], [99.73887, 15.83535], [99.73441, 15.83662], [99.731, 15.83716], [99.72872, 15.83733], [99.72602, 15.83691], [99.72471, 15.83862], [99.71519, 15.84113], [99.71562, 15.8391], [99.70891, 15.83719], [99.70812, 15.83724], [99.70984, 15.83014], [99.71417, 15.82222], [99.71337, 15.82007], [99.70915, 15.81458], [99.70945, 15.81422], [99.70675, 15.81153], [99.70427, 15.8098], [99.70178, 15.8069], [99.70155, 15.80614], [99.70063, 15.80553], [99.69939, 15.80395], [99.69895, 15.80202], [99.69712, 15.79853], [99.70073, 15.79624], [99.70024, 15.79413], [99.70031, 15.79176], [99.70221, 15.79178], [99.70311, 15.79238], [99.70757, 15.79187], [99.70791, 15.79012], [99.7088, 15.78925], [99.70684, 15.78801], [99.70617, 15.78694], [99.70506, 15.78194], [99.70561, 15.78159], [99.70503, 15.78041], [99.70549, 15.77998], [99.70392, 15.77583], [99.70453, 15.77535], [99.70399, 15.77477], [99.70167, 15.77358], [99.70134, 15.77216], [99.70225, 15.7717], [99.70215, 15.77021], [99.70297, 15.76939], [99.70269, 15.76819], [99.70348, 15.76771], [99.70277, 15.76687], [99.70413, 15.76679], [99.70427, 15.76647], [99.70385, 15.76558], [99.70564, 15.76512], [99.70622, 15.76372], [99.70556, 15.76322], [99.70558, 15.76282], [99.70756, 15.76169], [99.70857, 15.76234], [99.70939, 15.76111], [99.71027, 15.76083], [99.71056, 15.75902], [99.71166, 15.75916], [99.712, 15.75893], [99.71201, 15.75831], [99.71122, 15.75765], [99.7119, 15.75668], [99.71144, 15.75614], [99.71302, 15.75439], [99.71291, 15.75337], [99.71439, 15.75349], [99.71562, 15.75425], [99.71621, 15.75342], [99.71831, 15.75347], [99.7193, 15.75178], [99.72042, 15.75222], [99.72088, 15.75185], [99.72092, 15.75144], [99.72032, 15.75093], [99.72041, 15.75055], [99.72194, 15.7507], [99.72248, 15.75119], [99.72522, 15.74973], [99.72579, 15.7491], [99.7272, 15.74867], [99.72724, 15.74806], [99.7265, 15.74796], [99.72673, 15.74766], [99.72758, 15.74754], [99.7278, 15.7481], [99.72819, 15.74817], [99.72882, 15.7476], [99.72887, 15.74663], [99.73065, 15.7464], [99.73065, 15.74388], [99.731, 15.74333], [99.73193, 15.74342], [99.73181, 15.74242], [99.73325, 15.74234], [99.73368, 15.74171], [99.73472, 15.74153], [99.73503, 15.74242], [99.73601, 15.74239], [99.73517, 15.74082], [99.7361, 15.7407], [99.73662, 15.74111], [99.73699, 15.74041], [99.73776, 15.74052], [99.73811, 15.73905], [99.73897, 15.739], [99.73944, 15.73852], [99.73917, 15.73776], [99.73936, 15.73744], [99.73984, 15.73741], [99.7404, 15.73784], [99.74152, 15.73651], [99.7423, 15.73633], [99.74271, 15.73644], [99.74264, 15.73705], [99.74329, 15.73713], [99.74442, 15.73624], [99.74445, 15.73561], [99.74519, 15.73481], [99.74561, 15.73545], [99.74636, 15.73583], [99.7465, 15.7342], [99.74786, 15.73462], [99.74821, 15.735], [99.74874, 15.73441], [99.74963, 15.73492], [99.74985, 15.73376], [99.7506, 15.73355], [99.75154, 15.73131], [99.75292, 15.73072], [99.75295, 15.73166], [99.75328, 15.73173], [99.75502, 15.72973], [99.75506, 15.73104], [99.7554, 15.73127], [99.75652, 15.73003], [99.75646, 15.72897], [99.75688, 15.72823], [99.75888, 15.72875], [99.75915, 15.72843], [99.75974, 15.72915], [99.76001, 15.72862], [99.76089, 15.72829], [99.76103, 15.72776], [99.7625, 15.72811], [99.76343, 15.72706], [99.76458, 15.72739], [99.76679, 15.72623], [99.77097, 15.72899], [99.77198, 15.72902], [99.772, 15.72973], [99.7731, 15.72935], [99.77413, 15.72944], [99.77437, 15.72907], [99.77499, 15.72894], [99.7751, 15.7297], [99.77656, 15.73031], [99.77733, 15.73107], [99.77778, 15.73266], [99.77858, 15.73233], [99.77857, 15.73369], [99.78015, 15.73411], [99.78056, 15.73475], [99.78242, 15.7352], [99.78324, 15.7364], [99.78466, 15.73582], [99.78486, 15.73619], [99.78625, 15.73631], [99.78662, 15.73689], [99.78731, 15.73642], [99.78784, 15.73644], [99.78763, 15.73708], [99.78792, 15.73726], [99.79016, 15.73542], [99.79095, 15.73544], [99.79113, 15.73611], [99.79176, 15.73592], [99.7926, 15.73632], [99.79357, 15.73804], [99.79395, 15.73802], [99.79441, 15.73744], [99.7956, 15.73753], [99.79609, 15.73696], [99.79661, 15.73715], [99.79693, 15.73658], [99.79748, 15.73653], [99.7981, 15.73672], [99.79824, 15.73737], [99.79856, 15.73724], [99.79874, 15.73842], [99.79955, 15.73815], [99.79971, 15.73851], [99.80021, 15.73826], [99.80055, 15.73738], [99.80221, 15.73652], [99.80299, 15.73639], [99.80364, 15.73682], [99.80579, 15.73646], [99.80619, 15.7353], [99.80705, 15.73442], [99.80714, 15.73374], [99.80758, 15.73365], [99.80915, 15.7339], [99.80933, 15.73461], [99.80999, 15.7345], [99.80947, 15.73502], [99.8108, 15.73559], [99.8112, 15.73525], [99.81161, 15.73535], [99.81188, 15.73491], [99.8124, 15.7354], [99.81438, 15.73511], [99.8144, 15.73412], [99.81536, 15.73411], [99.81539, 15.73464], [99.81632, 15.73449], [99.81746, 15.7349], [99.81825, 15.7356], [99.81895, 15.7354], [99.81899, 15.73578], [99.82017, 15.73669], [99.8213, 15.73668], [99.82094, 15.74482], [99.82045, 15.74742], [99.81908, 15.74993], [99.81477, 15.75261], [99.8132, 15.75424], [99.81125, 15.75843], [99.80969, 15.76073], [99.80421, 15.76301], [99.7967, 15.76434], [99.78004, 15.76521], [99.77442, 15.76601], [99.77234, 15.76654], [99.76961, 15.76894], [99.76893, 15.77042], [99.76876, 15.77166], [99.76932, 15.77399], [99.7707, 15.77624], [99.77443, 15.78086], [99.78022, 15.7871], [99.78135, 15.78927], [99.78073, 15.79933], [99.77989, 15.79902], [99.77862, 15.79734], [99.77874, 15.79565], [99.77754, 15.79517], [99.77647, 15.79373], [99.77493, 15.79264], [99.77414, 15.79267], [99.77238, 15.79123], [99.77164, 15.79163], [99.77092, 15.79153], [99.7705, 15.79075], [99.76962, 15.79016], [99.76966, 15.78947], [99.76921, 15.78919], [99.76902, 15.78831], [99.7679, 15.78691], [99.76574, 15.78618], [99.76441, 15.78611]]]}}, {"type": "Feature", "properties": {"code": "TH601102", "name": "ห้วยน้ำหอม", "name_en": "Huai Nam Hom", "district": "ลาดยาว", "district_en": "Lat Yao", "area_km2": 87.5}, "geometry": {"type": "Polygon", "coordinates": [[[99.7023, 15.77134], [99.70203, 15.77195], [99.70134, 15.77216], [99.70107, 15.77135], [99.69953, 15.7711], [99.69939, 15.76911], [99.69712, 15.76731], [99.69494, 15.76496], [99.69401, 15.76459], [99.69305, 15.76224], [99.69258, 15.76209], [99.69266, 15.75916], [99.69116, 15.75669], [99.69067, 15.75669], [99.68973, 15.75583], [99.68997, 15.75466], [99.68967, 15.75407], [99.69043, 15.75197], [99.69012, 15.75007], [99.68838, 15.74684], [99.68635, 15.74405], [99.68553, 15.74337], [99.68358, 15.74537], [99.68113, 15.74877], [99.67662, 15.75073], [99.67644, 15.7518], [99.67695, 15.75507], [99.67011, 15.75959], [99.66719, 15.75491], [99.6657, 15.75497], [99.66463, 15.75452], [99.66272, 15.75235], [99.66219, 15.75244], [99.65945, 15.75073], [99.65918, 15.75019], [99.65626, 15.74789], [99.6534, 15.7444], [99.65296, 15.74457], [99.64844, 15.74136], [99.6478, 15.73664], [99.64306, 15.73732], [99.64268, 15.73682], [99.64177, 15.73696], [99.64037, 15.73326], [99.63761, 15.7321], [99.62179, 15.72142], [99.61916, 15.71512], [99.62037, 15.7134], [99.62081, 15.71349], [99.62088, 15.71435], [99.62112, 15.71438], [99.62154, 15.7134], [99.62189, 15.71363], [99.62333, 15.71306], [99.62328, 15.71246], [99.62368, 15.71241], [99.62322, 15.71191], [99.62493, 15.71173], [99.62514, 15.71094], [99.62592, 15.71115], [99.62607, 15.71037], [99.62642, 15.71071], [99.62676, 15.71029], [99.62685, 15.71078], [99.62753, 15.71077], [99.62733, 15.71166], [99.62844, 15.71229], [99.62873, 15.71175], [99.62897, 15.71205], [99.62944, 15.71181], [99.62932, 15.71137], [99.62985, 15.71175], [99.63, 15.71127], [99.63042, 15.7118], [99.6305, 15.71108], [99.63158, 15.7113], [99.63204, 15.71064], [99.63213, 15.71129], [99.63284, 15.71092], [99.6327, 15.71149], [99.63315, 15.71122], [99.63344, 15.71046], [99.63393, 15.71072], [99.63363, 15.70976], [99.63484, 15.71017], [99.63477, 15.70984], [99.63507, 15.70977], [99.63462, 15.70933], [99.63557, 15.70975], [99.63596, 15.70931], [99.63618, 15.70945], [99.636, 15.70982], [99.63665, 15.70993], [99.63676, 15.7095], [99.6373, 15.70996], [99.63699, 15.709], [99.63723, 15.70866], [99.63678, 15.70861], [99.63751, 15.70818], [99.6371, 15.70785], [99.63796, 15.70798], [99.63757, 15.70753], [99.63779, 15.70728], [99.63805, 15.70764], [99.6385, 15.70763], [99.63866, 15.70731], [99.63908, 15.70784], [99.63902, 15.70729], [99.63961, 15.70751], [99.64003, 15.70689], [99.64058, 15.70754], [99.64087, 15.70727], [99.64147, 15.70741], [99.64137, 15.70786], [99.64104, 15.70762], [99.64063, 15.70819], [99.64109, 15.70799], [99.64156, 15.7082], [99.64187, 15.708], [99.64171, 15.70765], [99.64238, 15.70794], [99.64254, 15.70751], [99.64304, 15.70737], [99.64311, 15.70788], [99.64385, 15.70859], [99.64315, 15.70884], [99.64351, 15.70914], [99.64331, 15.70953], [99.64415, 15.70958], [99.64397, 15.71033], [99.64438, 15.70982], [99.64496, 15.71009], [99.64459, 15.71078], [99.64537, 15.71086], [99.64863, 15.70937], [99.65119, 15.70875], [99.65568, 15.70644], [99.65837, 15.70415], [99.66033, 15.70139], [99.6599, 15.69999], [99.65827, 15.69733], [99.65434, 15.6952], [99.65237, 15.69284], [99.6506, 15.69193], [99.64848, 15.68983], [99.64778, 15.68761], [99.64425, 15.68825], [99.64299, 15.68724], [99.64273, 15.68562], [99.64197, 15.68491], [99.63928, 15.68472], [99.63376, 15.68509], [99.63055, 15.68163], [99.62892, 15.68105], [99.63188, 15.6791], [99.63086, 15.67771], [99.63018, 15.67514], [99.62806, 15.67102], [99.62706, 15.66761], [99.62314, 15.66491], [99.62343, 15.66433], [99.62397, 15.66436], [99.62512, 15.66361], [99.62717, 15.66489], [99.62901, 15.66627], [99.62905, 15.66689], [99.62842, 15.66776], [99.62934, 15.66914], [99.63038, 15.66987], [99.63184, 15.66992], [99.63235, 15.67111], [99.63396, 15.67164], [99.63422, 15.67284], [99.63472, 15.67333], [99.63546, 15.67347], [99.63631, 15.67298], [99.63686, 15.67376], [99.63808, 15.67374], [99.63871, 15.67468], [99.64025, 15.67427], [99.64194, 15.67464], [99.64275, 15.67386], [99.64452, 15.67379], [99.64689, 15.67151], [99.64848, 15.67124], [99.6497, 15.67162], [99.651, 15.67073], [99.65199, 15.67077], [99.65383, 15.67342], [99.65421, 15.67332], [99.65433, 15.67246], [99.65498, 15.6722], [99.65553, 15.67235], [99.65578, 15.67203], [99.65805, 15.67291], [99.66127, 15.67242], [99.66316, 15.6707], [99.66347, 15.66985], [99.66442, 15.67062], [99.66527, 15.66953], [99.66647, 15.66975], [99.66562, 15.66832], [99.66673, 15.66756], [99.66901, 15.66887], [99.66897, 15.66952], [99.66955, 15.67005], [99.66988, 15.66989], [99.66994, 15.66911], [99.67066, 15.66899], [99.67115, 15.66966], [99.67052, 15.67001], [99.67115, 15.67065], [99.67174, 15.67083], [99.67195, 15.67014], [99.67237, 15.67051], [99.67285, 15.67255], [99.67318, 15.67264], [99.67344, 15.67207], [99.67405, 15.67172], [99.67434, 15.67235], [99.67475, 15.67228], [99.67508, 15.67268], [99.67554, 15.67207], [99.67656, 15.67226], [99.67682, 15.67267], [99.67779, 15.67272], [99.67879, 15.67359], [99.67926, 15.67467], [99.68088, 15.675], [99.68182, 15.67668], [99.68236, 15.67668], [99.68274, 15.676], [99.6831, 15.67592], [99.68351, 15.67665], [99.68411, 15.67668], [99.68472, 15.67722], [99.68444, 15.67791], [99.68502, 15.67806], [99.6853, 15.67851], [99.6862, 15.67852], [99.6872, 15.67961], [99.68792, 15.67965], [99.68858, 15.67906], [99.68895, 15.67992], [99.68994, 15.68], [99.69033, 15.67971], [99.69028, 15.67917], [99.69102, 15.67952], [99.69147, 15.67894], [99.69162, 15.67975], [99.69107, 15.68016], [99.69137, 15.68053], [99.69208, 15.68034], [99.6921, 15.68001], [99.69263, 15.67977], [99.69293, 15.68009], [99.69258, 15.68093], [99.69371, 15.68078], [99.69426, 15.68162], [99.6951, 15.68185], [99.69869, 15.68176], [99.69915, 15.68223], [99.70005, 15.68241], [99.70054, 15.68367], [99.70199, 15.68379], [99.70209, 15.68465], [99.70402, 15.68532], [99.70519, 15.68534], [99.70596, 15.68591], [99.70628, 15.68577], [99.70703, 15.68407], [99.7074, 15.68425], [99.70862, 15.68394], [99.70929, 15.68433], [99.7112, 15.68452], [99.71186, 15.68411], [99.71197, 15.68462], [99.71229, 15.68468], [99.71293, 15.68406], [99.71387, 15.68401], [99.71409, 15.68307], [99.715, 15.68319], [99.71503, 15.68243], [99.71579, 15.68205], [99.71598, 15.68155], [99.71684, 15.68185], [99.71739, 15.68126], [99.71817, 15.68182], [99.71982, 15.68197], [99.72014, 15.68161], [99.72108, 15.68171], [99.72206, 15.68327], [99.72196, 15.68405], [99.72422, 15.68359], [99.7247, 15.68434], [99.72605, 15.68454], [99.72584, 15.68519], [99.72627, 15.68574], [99.72584, 15.68641], [99.72696, 15.68616], [99.72784, 15.68672], [99.72803, 15.68751], [99.72934, 15.68743], [99.72941, 15.6869], [99.72986, 15.68687], [99.72991, 15.68801], [99.73087, 15.6875], [99.73119, 15.68827], [99.73201, 15.68832], [99.73213, 15.6874], [99.73262, 15.68798], [99.73312, 15.68751], [99.7338, 15.68802], [99.73393, 15.68722], [99.73464, 15.68702], [99.73504, 15.68644], [99.73551, 15.68714], [99.73615, 15.68648], [99.73674, 15.6864], [99.73683, 15.68477], [99.73769, 15.68393], [99.73906, 15.68355], [99.7393, 15.68255], [99.74037, 15.68231], [99.73997, 15.68164], [99.74079, 15.68187], [99.741, 15.68072], [99.74191, 15.68001], [99.74225, 15.67932], [99.74305, 15.68014], [99.74242, 15.68152], [99.74283, 15.6827], [99.74554, 15.68509], [99.74633, 15.68659], [99.74626, 15.68858], [99.74499, 15.69107], [99.74346, 15.69323], [99.742, 15.69394], [99.74004, 15.69669], [99.73847, 15.69803], [99.73637, 15.69835], [99.73479, 15.69968], [99.73424, 15.69937], [99.73098, 15.70191], [99.72955, 15.70147], [99.72984, 15.70239], [99.72699, 15.70347], [99.72726, 15.70386], [99.7262, 15.70421], [99.72702, 15.70619], [99.72701, 15.70784], [99.72918, 15.70801], [99.7307, 15.70887], [99.73096, 15.70908], [99.73118, 15.71074], [99.73391, 15.71124], [99.73497, 15.71348], [99.73419, 15.71394], [99.73398, 15.71569], [99.73112, 15.71589], [99.73077, 15.71725], [99.72663, 15.71731], [99.72713, 15.72046], [99.72678, 15.72086], [99.72695, 15.72404], [99.72867, 15.72519], [99.73091, 15.72765], [99.73573, 15.72865], [99.73642, 15.72825], [99.73656, 15.72755], [99.73715, 15.72748], [99.73742, 15.72688], [99.73784, 15.72709], [99.73805, 15.72794], [99.73906, 15.72816], [99.73906, 15.72655], [99.73997, 15.72687], [99.74136, 15.72582], [99.74314, 15.72551], [99.74332, 15.72521], [99.74302, 15.72381], [99.74257, 15.72322], [99.74416, 15.7225], [99.74635, 15.72429], [99.74783, 15.72399], [99.74891, 15.72432], [99.74975, 15.72383], [99.75069, 15.72411], [99.75158, 15.72308], [99.75318, 15.72371], [99.7537, 15.72334], [99.75392, 15.72258], [99.75441, 15.72234], [99.75499, 15.72245], [99.7554, 15.7231], [99.75605, 15.72302], [99.75633, 15.72236], [99.75554, 15.72178], [99.75528, 15.72111], [99.75543, 15.72048], [99.75595, 15.72032], [99.75797, 15.72258], [99.75765, 15.7233], [99.75875, 15.72472], [99.75853, 15.72506], [99.75773, 15.72496], [99.75717, 15.72597], [99.75762, 15.72652], [99.75675, 15.72765], [99.75652, 15.73003], [99.75535, 15.73129], [99.75505, 15.731], [99.75505, 15.72973], [99.75328, 15.73173], [99.75295, 15.73166], [99.75292, 15.73072], [99.75156, 15.73129], [99.7506, 15.73355], [99.74985, 15.73376], [99.7496, 15.73493], [99.74874, 15.73441], [99.74821, 15.735], [99.74654, 15.73419], [99.74636, 15.73583], [99.74561, 15.73545], [99.74519, 15.73481], [99.74445, 15.73561], [99.74442, 15.73624], [99.74329, 15.73713], [99.74264, 15.73705], [99.74271, 15.73644], [99.7423, 15.73633], [99.74152, 15.73651], [99.7404, 15.73784], [99.73984, 15.73741], [99.73936, 15.73744], [99.73917, 15.73776], [99.73944, 15.73852], [99.73897, 15.739], [99.73811, 15.73905], [99.73776, 15.74052], [99.73699, 15.74041], [99.73662, 15.74111], [99.7361, 15.7407], [99.73517, 15.74082], [99.73605, 15.74237], [99.73503, 15.74242], [99.73472, 15.74153], [99.73368, 15.74171], [99.73325, 15.74234], [99.73181, 15.74242], [99.73193, 15.74342], [99.731, 15.74333], [99.73065, 15.74388], [99.73084, 15.74477], [99.73053, 15.74654], [99.72887, 15.74663], [99.72882, 15.7476], [99.72815, 15.74819], [99.72758, 15.74754], [99.72659, 15.74773], [99.72656, 15.74801], [99.72727, 15.74809], [99.7272, 15.74867], [99.72579, 15.7491], [99.72522, 15.74973], [99.72248, 15.75119], [99.72194, 15.7507], [99.72041, 15.75055], [99.72032, 15.75093], [99.72092, 15.75144], [99.72088, 15.75185], [99.72042, 15.75222], [99.7193, 15.75178], [99.71845, 15.75341], [99.71621, 15.75342], [99.71562, 15.75425], [99.71453, 15.75354], [99.71293, 15.75335], [99.71302, 15.75439], [99.71144, 15.75614], [99.7119, 15.75668], [99.71122, 15.75765], [99.71201, 15.75831], [99.712, 15.75893], [99.71166, 15.75916], [99.71056, 15.75902], [99.71027, 15.76083], [99.70939, 15.76111], [99.70857, 15.76234], [99.70756, 15.76169], [99.70558, 15.76282], [99.70556, 15.76322], [99.70622, 15.76372], [99.70562, 15.76517], [99.70385, 15.76558], [99.70427, 15.76647], [99.70413, 15.76679], [99.70275, 15.76691], [99.70349, 15.76768], [99.70269, 15.76819], [99.70297, 15.76939], [99.70215, 15.77021], [99.7023, 15.77134]]]}}, {"type": "Feature", "properties": {"code": "TH601103", "name": "วังม้า", "name_en": "Wang Ma", "district": "ลาดยาว", "district_en": "Lat Yao", "area_km2": 87.0}, "geometry": {"type": "Polygon", "coordinates": [[[99.93679, 15.7408], [99.93588, 15.74349], [99.9361, 15.74494], [99.93378, 15.74583], [99.93326, 15.74773], [99.9324, 15.74633], [99.93104, 15.74499], [99.92699, 15.74249], [99.92588, 15.74134], [99.92267, 15.7403], [99.9221, 15.73974], [99.92085, 15.73985], [99.91978, 15.74074], [99.91909, 15.74058], [99.91851, 15.74128], [99.91849, 15.7418], [99.91794, 15.74221], [99.91749, 15.74158], [99.9167, 15.74157], [99.91684, 15.74073], [99.91609, 15.7404], [99.91677, 15.73995], [99.9162, 15.73949], [99.91459, 15.74122], [99.914, 15.74115], [99.91254, 15.73793], [99.911, 15.73796], [99.91129, 15.7387], [99.91053, 15.74019], [99.90936, 15.74035], [99.9083, 15.73782], [99.9075, 15.73708], [99.90639, 15.73811], [99.90464, 15.73808], [99.90334, 15.73767], [99.90143, 15.73606], [99.90109, 15.73381], [99.90263, 15.73268], [99.90363, 15.73072], [99.90248, 15.72972], [99.90123, 15.72937], [99.9013, 15.7288], [99.90069, 15.7287], [99.90047, 15.72834], [99.90068, 15.72726], [99.89931, 15.72765], [99.89871, 15.72753], [99.89887, 15.72691], [99.89854, 15.72638], [99.89885, 15.725], [99.89772, 15.725], [99.89706, 15.72544], [99.8962, 15.72507], [99.8953, 15.72331], [99.89522, 15.72207], [99.89318, 15.72119], [99.89292, 15.72046], [99.89177, 15.71996], [99.89214, 15.71941], [99.89212, 15.71855], [99.89165, 15.71853], [99.89132, 15.71804], [99.89028, 15.71809], [99.88951, 15.71754], [99.88797, 15.71719], [99.8877, 15.71676], [99.88787, 15.71609], [99.88712, 15.71624], [99.88631, 15.71531], [99.88568, 15.71528], [99.88425, 15.71594], [99.88371, 15.71508], [99.88293, 15.71514], [99.88182, 15.71578], [99.88182, 15.71652], [99.88072, 15.71698], [99.87991, 15.71616], [99.87935, 15.71629], [99.8789, 15.71596], [99.87901, 15.71534], [99.8787, 15.71487], [99.87774, 15.71445], [99.87709, 15.71475], [99.87621, 15.71355], [99.87524, 15.71476], [99.87505, 15.71436], [99.8741, 15.71425], [99.8736, 15.71377], [99.87328, 15.71385], [99.87323, 15.71435], [99.87272, 15.71431], [99.87246, 15.71345], [99.87058, 15.71293], [99.8696, 15.71423], [99.86846, 15.71311], [99.86786, 15.71284], [99.86713, 15.71307], [99.86678, 15.71249], [99.86576, 15.71408], [99.86675, 15.71438], [99.86677, 15.71482], [99.86615, 15.71486], [99.86619, 15.71539], [99.86568, 15.71512], [99.86533, 15.71532], [99.86517, 15.71653], [99.8646, 15.71709], [99.8631, 15.71739], [99.85994, 15.71656], [99.85866, 15.71668], [99.85892, 15.71572], [99.85756, 15.71437], [99.85646, 15.71465], [99.85245, 15.71442], [99.85172, 15.7148], [99.85146, 15.71534], [99.85046, 15.71575], [99.85028, 15.71513], [99.84986, 15.71495], [99.84983, 15.71314], [99.84945, 15.71256], [99.8483, 15.71298], [99.84755, 15.71266], [99.84691, 15.71287], [99.84439, 15.71188], [99.84402, 15.71233], [99.84266, 15.71271], [99.8418, 15.71364], [99.84162, 15.71515], [99.84117, 15.71584], [99.83936, 15.71612], [99.83871, 15.71567], [99.83834, 15.71409], [99.83695, 15.71441], [99.83649, 15.71352], [99.83566, 15.71342], [99.83518, 15.71278], [99.83347, 15.71367], [99.83281, 15.71315], [99.8318, 15.7137], [99.8302, 15.7134], [99.82883, 15.71394], [99.82814, 15.71363], [99.82815, 15.71269], [99.82744, 15.71226], [99.82774, 15.7117], [99.82732, 15.71161], [99.82695, 15.71208], [99.82594, 15.71067], [99.82542, 15.71118], [99.82411, 15.71071], [99.82379, 15.71148], [99.824, 15.71267], [99.82314, 15.7135], [99.82215, 15.71348], [99.82117, 15.7142], [99.81963, 15.71395], [99.81852, 15.71492], [99.81682, 15.71471], [99.81647, 15.71382], [99.81578, 15.71383], [99.8157, 15.71339], [99.81532, 15.71339], [99.81499, 15.71289], [99.814, 15.71285], [99.81282, 15.71429], [99.81216, 15.71355], [99.81138, 15.71412], [99.81003, 15.71396], [99.80981, 15.71377], [99.81023, 15.71289], [99.80886, 15.71254], [99.80825, 15.71189], [99.80839, 15.71111], [99.80715, 15.71103], [99.80607, 15.71008], [99.80499, 15.70979], [99.80486, 15.70845], [99.80548, 15.70796], [99.80514, 15.70715], [99.80567, 15.70665], [99.80462, 15.70562], [99.80399, 15.70569], [99.80301, 15.70428], [99.80461, 15.7016], [99.80372, 15.69781], [99.80219, 15.69611], [99.79783, 15.69317], [99.79627, 15.69093], [99.79781, 15.69156], [99.79895, 15.69159], [99.79893, 15.69014], [99.79974, 15.68956], [99.80227, 15.68944], [99.80328, 15.69047], [99.80454, 15.69024], [99.80694, 15.68848], [99.80568, 15.68696], [99.80603, 15.68634], [99.80776, 15.68608], [99.81024, 15.68475], [99.81299, 15.68456], [99.81303, 15.68418], [99.81193, 15.68294], [99.8116, 15.68142], [99.81477, 15.67938], [99.81672, 15.6789], [99.81744, 15.67722], [99.81856, 15.67703], [99.81964, 15.67847], [99.82159, 15.67869], [99.82394, 15.67664], [99.8255, 15.67634], [99.8254, 15.67407], [99.82699, 15.67233], [99.82798, 15.66999], [99.82887, 15.66998], [99.82962, 15.67042], [99.83027, 15.67203], [99.83249, 15.6724], [99.83372, 15.67188], [99.83428, 15.67052], [99.8343, 15.66955], [99.83363, 15.66904], [99.8324, 15.66882], [99.83211, 15.66808], [99.83388, 15.66646], [99.83492, 15.66594], [99.83744, 15.66643], [99.83763, 15.66599], [99.8374, 15.6651], [99.83623, 15.66416], [99.83647, 15.66318], [99.83809, 15.66279], [99.83899, 15.66123], [99.84065, 15.66053], [99.84097, 15.65958], [99.84192, 15.65859], [99.84217, 15.65856], [99.84255, 15.65951], [99.843, 15.65962], [99.84335, 15.65883], [99.84445, 15.65777], [99.84796, 15.65725], [99.84813, 15.6575], [99.84752, 15.65814], [99.84743, 15.65939], [99.84811, 15.65986], [99.84888, 15.65963], [99.85182, 15.65617], [99.85318, 15.65623], [99.85255, 15.65514], [99.85313, 15.65412], [99.85509, 15.65356], [99.85494, 15.65204], [99.85623, 15.65089], [99.8578, 15.64648], [99.85812, 15.64641], [99.8593, 15.6474], [99.86013, 15.64753], [99.86053, 15.64586], [99.86174, 15.6451], [99.86305, 15.64544], [99.86363, 15.64411], [99.86379, 15.64489], [99.86432, 15.64522], [99.86405, 15.6463], [99.86436, 15.64737], [99.86384, 15.64849], [99.86418, 15.64899], [99.86352, 15.6498], [99.86411, 15.65037], [99.86375, 15.65084], [99.86389, 15.65123], [99.86457, 15.65124], [99.86482, 15.65202], [99.86384, 15.65397], [99.87105, 15.65725], [99.87786, 15.6592], [99.88787, 15.66047], [99.89683, 15.66248], [99.8977, 15.66307], [99.89868, 15.66584], [99.90356, 15.66704], [99.90694, 15.66878], [99.90964, 15.66975], [99.91144, 15.66998], [99.91312, 15.66968], [99.91851, 15.67008], [99.92202, 15.67163], [99.92344, 15.67314], [99.92437, 15.67366], [99.9255, 15.67373], [99.93005, 15.67244], [99.93248, 15.67232], [99.93143, 15.68096], [99.93095, 15.68181], [99.92717, 15.68549], [99.92868, 15.69007], [99.93177, 15.69355], [99.93209, 15.6947], [99.93195, 15.69585], [99.93124, 15.6972], [99.93098, 15.69885], [99.92996, 15.70131], [99.93023, 15.70433], [99.92966, 15.70687], [99.93057, 15.70934], [99.93143, 15.71069], [99.93182, 15.7132], [99.9334, 15.71379], [99.93529, 15.71537], [99.93695, 15.71625], [99.93975, 15.71673], [99.94068, 15.71719], [99.94265, 15.71719], [99.94397, 15.71759], [99.94498, 15.71862], [99.94584, 15.7212], [99.9449, 15.72422], [99.94401, 15.72553], [99.94325, 15.7285], [99.94263, 15.72925], [99.94219, 15.73325], [99.94165, 15.73467], [99.94069, 15.73638], [99.93865, 15.73801], [99.93679, 15.7408]]]}}, {"type": "Feature", "properties": {"code": "TH601104", "name": "วังเมือง", "name_en": "Wang Mueang", "district": "ลาดยาว", "district_en": "Lat Yao", "area_km2": 33.4}, "geometry": {"type": "Polygon", "coordinates": [[[99.79011, 15.69657], [99.78902, 15.69721], [99.7876, 15.69751], [99.78876, 15.69527], [99.78905, 15.69363], [99.78803, 15.68953], [99.79054, 15.68887], [99.79054, 15.68818], [99.79298, 15.68778], [99.79279, 15.68372], [99.79245, 15.6831], [99.79325, 15.68246], [99.79281, 15.68024], [99.7916, 15.68006], [99.7909, 15.67958], [99.79096, 15.67934], [99.7923, 15.67798], [99.79421, 15.6781], [99.79574, 15.67736], [99.79691, 15.67759], [99.79775, 15.67634], [99.79805, 15.67493], [99.79983, 15.67357], [99.80015, 15.6724], [99.79982, 15.67197], [99.8009, 15.67069], [99.80208, 15.67039], [99.80232, 15.66937], [99.80221, 15.6671], [99.80183, 15.66672], [99.80114, 15.66329], [99.80194, 15.66128], [99.8016, 15.66063], [99.80144, 15.6586], [99.79975, 15.65728], [99.79699, 15.65782], [99.79465, 15.65702], [99.79517, 15.65468], [99.79599, 15.65392], [99.79529, 15.65164], [99.79484, 15.64859], [99.79343, 15.64833], [99.79215, 15.64851], [99.79273, 15.64538], [99.79459, 15.64256], [99.79992, 15.64079], [99.8036, 15.64022], [99.81332, 15.63696], [99.82231, 15.63154], [99.82922, 15.62869], [99.8363, 15.6249], [99.84471, 15.62217], [99.84811, 15.62036], [99.84936, 15.62019], [99.85138, 15.62073], [99.85247, 15.6191], [99.85712, 15.61741], [99.86138, 15.61715], [99.86216, 15.61754], [99.86344, 15.61762], [99.86401, 15.61855], [99.865, 15.618], [99.86562, 15.6181], [99.86577, 15.61901], [99.86435, 15.62051], [99.86386, 15.62058], [99.86292, 15.61988], [99.86232, 15.6202], [99.86318, 15.62121], [99.86336, 15.62262], [99.864, 15.62198], [99.86466, 15.62236], [99.8646, 15.62313], [99.86386, 15.62444], [99.86348, 15.62692], [99.8638, 15.62737], [99.86515, 15.62746], [99.86539, 15.62918], [99.86506, 15.62954], [99.86303, 15.62973], [99.86267, 15.63035], [99.86269, 15.63138], [99.86362, 15.63165], [99.8642, 15.63227], [99.86294, 15.63264], [99.86253, 15.63353], [99.86365, 15.63432], [99.86406, 15.63506], [99.86321, 15.637], [99.86406, 15.63779], [99.86412, 15.63945], [99.86365, 15.6406], [99.86186, 15.64073], [99.86197, 15.64199], [99.86124, 15.64277], [99.862, 15.64388], [99.86348, 15.64376], [99.86334, 15.64506], [99.8629, 15.64549], [99.86174, 15.6451], [99.8606, 15.6458], [99.86013, 15.64753], [99.85897, 15.64722], [99.85812, 15.64641], [99.85775, 15.64654], [99.85623, 15.65089], [99.85494, 15.65204], [99.85509, 15.65356], [99.85346, 15.6539], [99.85261, 15.65482], [99.85268, 15.65557], [99.85317, 15.65625], [99.85182, 15.65617], [99.8499, 15.65816], [99.84909, 15.65944], [99.84843, 15.65985], [99.84776, 15.65975], [99.84738, 15.65921], [99.84752, 15.65814], [99.84813, 15.6575], [99.84786, 15.65723], [99.84658, 15.65765], [99.84431, 15.65782], [99.843, 15.65962], [99.84255, 15.65951], [99.84217, 15.65856], [99.84192, 15.65859], [99.84097, 15.65958], [99.84065, 15.66053], [99.83899, 15.66123], [99.83809, 15.66279], [99.8364, 15.66329], [99.83623, 15.66416], [99.8374, 15.6651], [99.83763, 15.66599], [99.83744, 15.66643], [99.83492, 15.66594], [99.83214, 15.66799], [99.8324, 15.66882], [99.83363, 15.66904], [99.8343, 15.66955], [99.83428, 15.67052], [99.83372, 15.67188], [99.83249, 15.6724], [99.83027, 15.67203], [99.82962, 15.67042], [99.82887, 15.66998], [99.82792, 15.67002], [99.82699, 15.67233], [99.8254, 15.67407], [99.82563, 15.67609], [99.82537, 15.67645], [99.82394, 15.67664], [99.82159, 15.67869], [99.81964, 15.67847], [99.81862, 15.67705], [99.81752, 15.67717], [99.81672, 15.6789], [99.81477, 15.67938], [99.8116, 15.68142], [99.81188, 15.68282], [99.81303, 15.68418], [99.81295, 15.6846], [99.81024, 15.68475], [99.80776, 15.68608], [99.80603, 15.68634], [99.80568, 15.68696], [99.80694, 15.68848], [99.80432, 15.69036], [99.80328, 15.69047], [99.80227, 15.68944], [99.79974, 15.68956], [99.79893, 15.69014], [99.79895, 15.69159], [99.79781, 15.69156], [99.7962, 15.69095], [99.79617, 15.69274], [99.79385, 15.69665], [99.79258, 15.6972], [99.79011, 15.69657]]]}}, {"type": "Feature", "properties": {"code": "TH601105", "name": "สร้อยละคร", "name_en": "Soi Lakhon", "district": "ลาดยาว", "district_en": "Lat Yao", "area_km2": 27.6}, "geometry": {"type": "Polygon", "coordinates": [[[99.83336, 15.74111], [99.83319, 15.7416], [99.83267, 15.74174], [99.83234, 15.74118], [99.83072, 15.74073], [99.82979, 15.73971], [99.82865, 15.73977], [99.82809, 15.7394], [99.8265, 15.73922], [99.82622, 15.73876], [99.82384, 15.73749], [99.82403, 15.73712], [99.82345, 15.73624], [99.82286, 15.73678], [99.82057, 15.73684], [99.81904, 15.73582], [99.81892, 15.73538], [99.81825, 15.7356], [99.81744, 15.73489], [99.81629, 15.73448], [99.81542, 15.73465], [99.81541, 15.73414], [99.81464, 15.73402], [99.81432, 15.73424], [99.81438, 15.73511], [99.8124, 15.7354], [99.81188, 15.73491], [99.81161, 15.73535], [99.8112, 15.73525], [99.8108, 15.73559], [99.80947, 15.73502], [99.80999, 15.7345], [99.80933, 15.73461], [99.80915, 15.7339], [99.80721, 15.73368], [99.80579, 15.73646], [99.80364, 15.73682], [99.80299, 15.73639], [99.80221, 15.73652], [99.80055, 15.73738], [99.80021, 15.73826], [99.79966, 15.73851], [99.79955, 15.73815], [99.79874, 15.73842], [99.79856, 15.73724], [99.79824, 15.73737], [99.7981, 15.73672], [99.79748, 15.73653], [99.79693, 15.73658], [99.79661, 15.73715], [99.79609, 15.73696], [99.7956, 15.73753], [99.79441, 15.73744], [99.79395, 15.73802], [99.79357, 15.73804], [99.7926, 15.73632], [99.79176, 15.73592], [99.79113, 15.73611], [99.79095, 15.73544], [99.79016, 15.73542], [99.78792, 15.73726], [99.78763, 15.73708], [99.78784, 15.73644], [99.78731, 15.73642], [99.78662, 15.73689], [99.78625, 15.73631], [99.78486, 15.73619], [99.78466, 15.73582], [99.78317, 15.73639], [99.78242, 15.7352], [99.78056, 15.73475], [99.78015, 15.73411], [99.77857, 15.73369], [99.77858, 15.73233], [99.77778, 15.73266], [99.77733, 15.73107], [99.77656, 15.73031], [99.7751, 15.7297], [99.77499, 15.72894], [99.77437, 15.72907], [99.77413, 15.72944], [99.7731, 15.72935], [99.772, 15.72973], [99.77198, 15.72902], [99.77097, 15.72899], [99.76922, 15.72771], [99.76792, 15.72717], [99.76704, 15.72624], [99.76458, 15.72739], [99.76343, 15.72706], [99.7625, 15.72811], [99.76103, 15.72776], [99.76089, 15.72829], [99.76001, 15.72862], [99.75974, 15.72915], [99.75915, 15.72843], [99.75888, 15.72875], [99.75688, 15.72823], [99.75677, 15.7276], [99.75762, 15.72652], [99.75717, 15.72604], [99.75735, 15.72558], [99.75773, 15.72496], [99.75848, 15.72507], [99.75875, 15.72476], [99.75763, 15.72321], [99.75881, 15.72129], [99.75815, 15.71998], [99.75859, 15.71965], [99.76024, 15.71984], [99.76179, 15.71922], [99.76191, 15.71849], [99.7606, 15.71773], [99.76073, 15.71686], [99.76165, 15.7158], [99.76356, 15.71479], [99.76553, 15.71487], [99.76569, 15.71431], [99.76497, 15.71354], [99.76518, 15.71285], [99.7688, 15.71057], [99.76877, 15.70969], [99.76761, 15.709], [99.7675, 15.70863], [99.76948, 15.70373], [99.77201, 15.70293], [99.77267, 15.70149], [99.77328, 15.70091], [99.77405, 15.70083], [99.77542, 15.70135], [99.77668, 15.70124], [99.77908, 15.69998], [99.78048, 15.69886], [99.78152, 15.69884], [99.78274, 15.70069], [99.78323, 15.70086], [99.78395, 15.70046], [99.78487, 15.69872], [99.78652, 15.69788], [99.78896, 15.69723], [99.79011, 15.69657], [99.79248, 15.6972], [99.79345, 15.69694], [99.79613, 15.69283], [99.79603, 15.69121], [99.79627, 15.69093], [99.79783, 15.69317], [99.80219, 15.69611], [99.80372, 15.69781], [99.80461, 15.7016], [99.80301, 15.70428], [99.80399, 15.70569], [99.80462, 15.70562], [99.80567, 15.70665], [99.80514, 15.70715], [99.80548, 15.70796], [99.80486, 15.70845], [99.80499, 15.70979], [99.80607, 15.71008], [99.80715, 15.71103], [99.80839, 15.71111], [99.80825, 15.71189], [99.80886, 15.71254], [99.81023, 15.71289], [99.80986, 15.71386], [99.81134, 15.71413], [99.81216, 15.71355], [99.81276, 15.7143], [99.81325, 15.71407], [99.814, 15.71285], [99.81499, 15.71289], [99.81532, 15.71339], [99.8157, 15.71339], [99.81578, 15.71383], [99.81647, 15.71382], [99.81682, 15.71471], [99.81852, 15.71492], [99.81963, 15.71395], [99.82117, 15.7142], [99.82215, 15.71348], [99.82329, 15.71341], [99.824, 15.71267], [99.82379, 15.71144], [99.82422, 15.71067], [99.82512, 15.71118], [99.82557, 15.71116], [99.82599, 15.71068], [99.82701, 15.71211], [99.82732, 15.71161], [99.82771, 15.71167], [99.82743, 15.71224], [99.82815, 15.71269], [99.82811, 15.71359], [99.8289, 15.71396], [99.8302, 15.7134], [99.8318, 15.7137], [99.83278, 15.71315], [99.83347, 15.71367], [99.8352, 15.71278], [99.83579, 15.71345], [99.83574, 15.71611], [99.83616, 15.71718], [99.83731, 15.71837], [99.83838, 15.72034], [99.83832, 15.72362], [99.83939, 15.72402], [99.8397, 15.72308], [99.84181, 15.7226], [99.84143, 15.72363], [99.84174, 15.72405], [99.84279, 15.72443], [99.84408, 15.72424], [99.84413, 15.72507], [99.84474, 15.72596], [99.84491, 15.72686], [99.84579, 15.72745], [99.84734, 15.72764], [99.84278, 15.7338], [99.84262, 15.73671], [99.84039, 15.73686], [99.83718, 15.74119], [99.83629, 15.74126], [99.83576, 15.74072], [99.83563, 15.74123], [99.83494, 15.741], [99.83442, 15.74164], [99.83385, 15.74093], [99.83336, 15.74111]]]}}, {"type": "Feature", "properties": {"code": "TH601106", "name": "มาบแก", "name_en": "Map Kae", "district": "ลาดยาว", "district_en": "Lat Yao", "area_km2": 33.6}, "geometry": {"type": "Polygon", "coordinates": [[[99.73663, 15.72746], [99.73642, 15.72825], [99.73573, 15.72865], [99.73129, 15.72783], [99.72867, 15.72519], [99.72695, 15.72404], [99.72678, 15.72086], [99.72713, 15.72046], [99.72663, 15.71731], [99.73077, 15.71725], [99.73112, 15.71589], [99.73398, 15.71569], [99.73419, 15.71394], [99.73497, 15.71348], [99.73391, 15.71124], [99.73118, 15.71074], [99.73096, 15.70908], [99.7307, 15.70887], [99.72918, 15.70801], [99.72701, 15.70784], [99.72702, 15.70619], [99.7262, 15.70421], [99.72726, 15.70386], [99.72699, 15.70347], [99.72984, 15.70239], [99.72955, 15.70147], [99.73098, 15.70191], [99.73424, 15.69937], [99.73479, 15.69968], [99.73637, 15.69835], [99.73847, 15.69803], [99.74004, 15.69669], [99.742, 15.69394], [99.74346, 15.69323], [99.74499, 15.69107], [99.74619, 15.6888], [99.74636, 15.68681], [99.74576, 15.68537], [99.74402, 15.68351], [99.74356, 15.68358], [99.74326, 15.68288], [99.74291, 15.68285], [99.74244, 15.68165], [99.74312, 15.68031], [99.74225, 15.67932], [99.74251, 15.67883], [99.7436, 15.67845], [99.74361, 15.67817], [99.74308, 15.67808], [99.74317, 15.67777], [99.74431, 15.67743], [99.74556, 15.67805], [99.74614, 15.67701], [99.74718, 15.67673], [99.74799, 15.67717], [99.74904, 15.67617], [99.74948, 15.67506], [99.75038, 15.67554], [99.75134, 15.67522], [99.75219, 15.67538], [99.75198, 15.6743], [99.75315, 15.6727], [99.75413, 15.6724], [99.75449, 15.67186], [99.75594, 15.67098], [99.75836, 15.67001], [99.75854, 15.66888], [99.75944, 15.66798], [99.76, 15.6663], [99.76138, 15.66579], [99.76165, 15.6646], [99.764, 15.66402], [99.76414, 15.6635], [99.76349, 15.66208], [99.76472, 15.66161], [99.76476, 15.66128], [99.76722, 15.66065], [99.76791, 15.66106], [99.76953, 15.66107], [99.77041, 15.6614], [99.77068, 15.66094], [99.772, 15.66104], [99.77251, 15.6598], [99.77435, 15.6604], [99.77456, 15.65953], [99.78316, 15.65982], [99.7828, 15.65758], [99.78204, 15.65563], [99.78345, 15.6551], [99.78458, 15.65423], [99.78602, 15.65461], [99.78657, 15.65258], [99.78822, 15.65217], [99.79218, 15.64861], [99.79343, 15.64833], [99.79482, 15.64856], [99.79599, 15.65392], [99.79517, 15.65468], [99.79465, 15.65702], [99.79699, 15.65782], [99.79975, 15.65728], [99.80141, 15.65856], [99.80162, 15.66072], [99.80194, 15.66128], [99.80114, 15.66329], [99.80183, 15.66672], [99.80221, 15.6671], [99.8023, 15.66957], [99.80208, 15.67039], [99.8009, 15.67069], [99.79982, 15.67197], [99.80015, 15.6724], [99.79983, 15.67357], [99.79805, 15.67493], [99.79775, 15.67634], [99.79691, 15.67759], [99.79574, 15.67736], [99.79421, 15.6781], [99.7923, 15.67798], [99.79096, 15.67934], [99.7909, 15.67958], [99.7916, 15.68006], [99.79281, 15.68024], [99.79325, 15.68246], [99.79245, 15.6831], [99.79279, 15.68372], [99.79298, 15.68778], [99.79054, 15.68818], [99.79054, 15.68887], [99.78803, 15.68953], [99.78905, 15.69363], [99.78876, 15.69527], [99.7876, 15.69751], [99.78487, 15.69872], [99.78395, 15.70046], [99.78342, 15.70081], [99.78281, 15.70076], [99.78152, 15.69884], [99.78048, 15.69886], [99.77908, 15.69998], [99.77668, 15.70124], [99.77542, 15.70135], [99.77405, 15.70083], [99.77328, 15.70091], [99.77267, 15.70149], [99.77201, 15.70293], [99.76939, 15.70381], [99.76909, 15.70427], [99.76913, 15.70509], [99.76776, 15.70747], [99.7675, 15.70863], [99.76761, 15.709], [99.76877, 15.70969], [99.7688, 15.71057], [99.76518, 15.71285], [99.76497, 15.71354], [99.76569, 15.71431], [99.76553, 15.71487], [99.76369, 15.71474], [99.76159, 15.71587], [99.76068, 15.71693], [99.76056, 15.71757], [99.76077, 15.71799], [99.76191, 15.71849], [99.76199, 15.71894], [99.76138, 15.71949], [99.76024, 15.71984], [99.75826, 15.71979], [99.75818, 15.72032], [99.75882, 15.72122], [99.75797, 15.72258], [99.75638, 15.72054], [99.75585, 15.72031], [99.75539, 15.72054], [99.75528, 15.72118], [99.75554, 15.72178], [99.75633, 15.72236], [99.7562, 15.7229], [99.75545, 15.72312], [99.75499, 15.72245], [99.75431, 15.72236], [99.75318, 15.72371], [99.75158, 15.72308], [99.75069, 15.72411], [99.74986, 15.72382], [99.74891, 15.72432], [99.74783, 15.72399], [99.74628, 15.72428], [99.74416, 15.7225], [99.74257, 15.72322], [99.74302, 15.72381], [99.74332, 15.72521], [99.74314, 15.72551], [99.74136, 15.72582], [99.73997, 15.72687], [99.73906, 15.72655], [99.73906, 15.72816], [99.73805, 15.72794], [99.73763, 15.72688], [99.7371, 15.72752], [99.73663, 15.72746]]]}}, {"type": "Feature", "properties": {"code": "TH601107", "name": "หนองยาว", "name_en": "Nong Yao", "district": "ลาดยาว", "district_en": "Lat Yao", "area_km2": 39.3}, "geometry": {"type": "Polygon", "coordinates": [[[99.93368, 15.77515], [99.93417, 15.77725], [99.93304, 15.77748], [99.93279, 15.77679], [99.93095, 15.77517], [99.92819, 15.77481], [99.92786, 15.77423], [99.92715, 15.77406], [99.92668, 15.77313], [99.9258, 15.77291], [99.92413, 15.77324], [99.92366, 15.77376], [99.92336, 15.77319], [99.92282, 15.77354], [99.92114, 15.77349], [99.92077, 15.77421], [99.91981, 15.77389], [99.91896, 15.77429], [99.91732, 15.77405], [99.91699, 15.77383], [99.91674, 15.77185], [99.91569, 15.77095], [99.91513, 15.77128], [99.91445, 15.77059], [99.91406, 15.76957], [99.91427, 15.76914], [99.9139, 15.76898], [99.91385, 15.76845], [99.91229, 15.76818], [99.91117, 15.76691], [99.91064, 15.76665], [99.91022, 15.76693], [99.90933, 15.76605], [99.90764, 15.76555], [99.9074, 15.76462], [99.90783, 15.76454], [99.90798, 15.76394], [99.90664, 15.76408], [99.90603, 15.76356], [99.90566, 15.76375], [99.90541, 15.76328], [99.90496, 15.76342], [99.90467, 15.76251], [99.90443, 15.76297], [99.90397, 15.76276], [99.90211, 15.76311], [99.90163, 15.76372], [99.90043, 15.76317], [99.90034, 15.76376], [99.89918, 15.7629], [99.89905, 15.76234], [99.89792, 15.76363], [99.89727, 15.7633], [99.89642, 15.76196], [99.89515, 15.76121], [99.89382, 15.7617], [99.89334, 15.76123], [99.89317, 15.7591], [99.89241, 15.75898], [99.89124, 15.75948], [99.89111, 15.75759], [99.89054, 15.75776], [99.88972, 15.75699], [99.88817, 15.7573], [99.88756, 15.75721], [99.88703, 15.75653], [99.88591, 15.75692], [99.88441, 15.75651], [99.88374, 15.75701], [99.8831, 15.75704], [99.8824, 15.7584], [99.88134, 15.75868], [99.8808, 15.75938], [99.87926, 15.75859], [99.8794, 15.75957], [99.87812, 15.75978], [99.87721, 15.76074], [99.87668, 15.76018], [99.8763, 15.76031], [99.8767, 15.76123], [99.87625, 15.76118], [99.87575, 15.76173], [99.87539, 15.7613], [99.87504, 15.76195], [99.8744, 15.76193], [99.87419, 15.7625], [99.87244, 15.76213], [99.86996, 15.76105], [99.86945, 15.76146], [99.8678, 15.76139], [99.8671, 15.76048], [99.86708, 15.75923], [99.86575, 15.75932], [99.8654, 15.759], [99.86468, 15.75937], [99.86439, 15.7588], [99.86266, 15.75848], [99.86206, 15.75797], [99.86158, 15.75669], [99.86026, 15.75605], [99.85924, 15.75501], [99.85906, 15.75435], [99.85814, 15.75429], [99.85791, 15.75344], [99.85688, 15.75282], [99.85732, 15.7514], [99.85638, 15.75142], [99.85578, 15.7509], [99.85607, 15.75024], [99.85572, 15.74887], [99.85425, 15.74841], [99.85365, 15.74716], [99.85372, 15.74603], [99.85313, 15.74518], [99.85199, 15.74486], [99.85108, 15.7436], [99.8512, 15.74272], [99.85202, 15.7426], [99.85224, 15.74195], [99.85349, 15.74226], [99.8554, 15.74217], [99.85654, 15.73747], [99.85209, 15.73836], [99.84909, 15.73828], [99.84686, 15.73939], [99.84259, 15.74083], [99.83718, 15.74119], [99.84039, 15.73686], [99.84264, 15.73668], [99.84278, 15.7338], [99.84734, 15.72764], [99.84579, 15.72745], [99.84491, 15.72686], [99.84474, 15.72596], [99.84413, 15.72507], [99.84408, 15.72424], [99.84279, 15.72443], [99.84174, 15.72405], [99.84143, 15.72363], [99.84181, 15.7226], [99.8397, 15.72308], [99.83939, 15.72402], [99.83832, 15.72362], [99.83838, 15.72034], [99.83579, 15.71629], [99.83579, 15.71345], [99.83647, 15.7135], [99.83704, 15.71444], [99.8383, 15.71406], [99.83873, 15.7157], [99.83943, 15.71612], [99.84117, 15.71584], [99.84162, 15.71515], [99.8418, 15.71364], [99.84266, 15.71271], [99.84402, 15.71233], [99.84435, 15.71188], [99.84555, 15.71247], [99.84641, 15.71247], [99.84691, 15.71287], [99.84755, 15.71266], [99.8483, 15.71298], [99.84942, 15.71255], [99.84982, 15.7131], [99.84986, 15.71495], [99.85028, 15.71513], [99.85043, 15.71574], [99.85146, 15.71534], [99.85172, 15.7148], [99.85245, 15.71442], [99.85646, 15.71465], [99.85756, 15.71437], [99.85892, 15.71572], [99.85866, 15.71668], [99.85994, 15.71656], [99.86323, 15.71739], [99.8646, 15.71709], [99.86517, 15.71653], [99.86533, 15.71532], [99.86568, 15.71512], [99.86619, 15.71539], [99.86615, 15.71486], [99.86677, 15.71482], [99.86675, 15.71438], [99.86576, 15.71408], [99.86686, 15.71249], [99.86713, 15.71307], [99.86798, 15.71286], [99.8696, 15.71423], [99.87058, 15.71293], [99.87246, 15.71345], [99.87272, 15.71431], [99.87323, 15.71435], [99.87328, 15.71385], [99.8736, 15.71377], [99.8741, 15.71425], [99.87505, 15.71436], [99.87524, 15.71476], [99.87621, 15.71355], [99.87709, 15.71475], [99.87774, 15.71445], [99.8787, 15.71487], [99.87901, 15.71534], [99.8789, 15.71596], [99.87935, 15.71629], [99.87991, 15.71616], [99.88072, 15.71698], [99.88182, 15.71652], [99.88182, 15.71578], [99.88293, 15.71514], [99.88371, 15.71508], [99.88425, 15.71594], [99.88568, 15.71528], [99.88636, 15.71533], [99.88712, 15.71624], [99.88787, 15.71609], [99.8877, 15.71676], [99.88797, 15.71719], [99.88951, 15.71754], [99.89028, 15.71809], [99.89141, 15.71807], [99.89165, 15.71853], [99.89214, 15.71859], [99.89214, 15.71941], [99.89179, 15.71998], [99.89292, 15.72046], [99.89318, 15.72119], [99.89522, 15.72207], [99.8953, 15.72331], [99.89625, 15.72512], [99.89712, 15.72543], [99.89772, 15.725], [99.89885, 15.725], [99.89854, 15.72638], [99.89887, 15.72691], [99.89871, 15.72753], [99.89931, 15.72765], [99.90068, 15.72726], [99.90047, 15.72834], [99.90069, 15.7287], [99.9013, 15.7288], [99.90123, 15.72937], [99.90248, 15.72972], [99.90364, 15.73074], [99.90263, 15.73268], [99.90196, 15.73342], [99.90109, 15.73378], [99.90142, 15.73603], [99.90277, 15.73732], [99.9046, 15.73808], [99.90629, 15.73812], [99.9075, 15.73708], [99.9083, 15.73782], [99.90936, 15.74035], [99.91053, 15.74019], [99.91129, 15.7387], [99.911, 15.73796], [99.91258, 15.73794], [99.914, 15.74115], [99.91459, 15.74122], [99.9162, 15.73949], [99.91677, 15.73995], [99.91609, 15.7404], [99.91684, 15.74073], [99.9167, 15.74157], [99.91749, 15.74158], [99.91794, 15.74221], [99.91849, 15.7418], [99.91851, 15.74128], [99.91909, 15.74058], [99.91978, 15.74074], [99.92085, 15.73985], [99.92205, 15.73972], [99.92267, 15.7403], [99.92588, 15.74134], [99.92698, 15.74248], [99.93104, 15.74499], [99.9324, 15.74633], [99.93326, 15.74773], [99.93525, 15.75863], [99.93758, 15.76102], [99.93796, 15.76199], [99.93785, 15.76672], [99.93727, 15.76835], [99.93563, 15.76845], [99.93545, 15.76886], [99.93466, 15.76915], [99.93349, 15.76859], [99.93368, 15.77515]]]}}, {"type": "Feature", "properties": {"code": "TH601108", "name": "หนองนมวัว", "name_en": "Nong Nom Wua", "district": "ลาดยาว", "district_en": "Lat Yao", "area_km2": 50.4}, "geometry": {"type": "Polygon", "coordinates": [[[99.8886, 15.8137], [99.88335, 15.81417], [99.88236, 15.81309], [99.88193, 15.81034], [99.87814, 15.80616], [99.87765, 15.80495], [99.87734, 15.80238], [99.87652, 15.80098], [99.87473, 15.80111], [99.87131, 15.80407], [99.87062, 15.80396], [99.86887, 15.80249], [99.86632, 15.80485], [99.8652, 15.80539], [99.86374, 15.80533], [99.86188, 15.80454], [99.86037, 15.80619], [99.85793, 15.80483], [99.85117, 15.80404], [99.84892, 15.80585], [99.848, 15.80853], [99.83968, 15.80867], [99.83932, 15.8098], [99.83859, 15.8102], [99.83726, 15.81046], [99.83683, 15.81085], [99.83533, 15.8109], [99.83536, 15.8089], [99.8344, 15.80815], [99.83434, 15.80749], [99.83466, 15.80583], [99.83541, 15.80563], [99.83641, 15.80223], [99.83927, 15.80257], [99.84277, 15.80204], [99.84284, 15.80159], [99.84109, 15.79838], [99.83866, 15.79728], [99.8372, 15.79515], [99.83622, 15.79309], [99.83646, 15.79135], [99.83567, 15.79024], [99.83566, 15.7897], [99.83486, 15.78924], [99.83418, 15.78824], [99.83322, 15.78807], [99.83229, 15.78578], [99.83115, 15.78425], [99.82894, 15.78263], [99.82877, 15.78171], [99.82773, 15.78103], [99.82737, 15.78034], [99.8275, 15.77944], [99.8262, 15.77813], [99.82632, 15.77604], [99.8259, 15.77413], [99.82533, 15.77255], [99.82429, 15.77184], [99.82408, 15.77018], [99.8242, 15.7668], [99.82483, 15.76222], [99.82585, 15.76075], [99.82673, 15.75685], [99.82842, 15.75342], [99.82876, 15.75137], [99.82848, 15.75046], [99.82932, 15.75011], [99.83013, 15.74902], [99.83104, 15.74858], [99.83503, 15.74365], [99.83612, 15.74365], [99.83718, 15.74119], [99.84259, 15.74083], [99.84686, 15.73939], [99.84909, 15.73828], [99.85209, 15.73836], [99.85654, 15.73747], [99.8554, 15.74217], [99.85349, 15.74226], [99.85224, 15.74195], [99.85202, 15.7426], [99.85118, 15.74275], [99.85113, 15.74372], [99.85199, 15.74486], [99.85313, 15.74518], [99.85372, 15.74603], [99.85365, 15.74716], [99.85425, 15.74841], [99.85572, 15.74887], [99.85607, 15.7503], [99.85574, 15.75084], [99.85638, 15.75142], [99.85732, 15.7514], [99.85705, 15.75178], [99.85727, 15.75216], [99.85683, 15.7527], [99.85793, 15.75346], [99.85809, 15.75424], [99.85906, 15.75435], [99.85962, 15.75551], [99.86158, 15.75669], [99.86206, 15.75797], [99.86275, 15.75853], [99.86439, 15.7588], [99.86468, 15.75937], [99.8654, 15.759], [99.86575, 15.75932], [99.86708, 15.75923], [99.8671, 15.76048], [99.86775, 15.76137], [99.86945, 15.76146], [99.86996, 15.76105], [99.87244, 15.76213], [99.87422, 15.7625], [99.8744, 15.76193], [99.87504, 15.76195], [99.87539, 15.7613], [99.87575, 15.76173], [99.87625, 15.76118], [99.8767, 15.76123], [99.8763, 15.76031], [99.87668, 15.76018], [99.87721, 15.76074], [99.87812, 15.75978], [99.8794, 15.75957], [99.87926, 15.75859], [99.8808, 15.75938], [99.88134, 15.75868], [99.8824, 15.7584], [99.8831, 15.75704], [99.88374, 15.75701], [99.88441, 15.75651], [99.88591, 15.75692], [99.88703, 15.75653], [99.88756, 15.75721], [99.88817, 15.7573], [99.88972, 15.75699], [99.89054, 15.75776], [99.89111, 15.75759], [99.89124, 15.75948], [99.89241, 15.75898], [99.89317, 15.7591], [99.89334, 15.76123], [99.89382, 15.7617], [99.89515, 15.76121], [99.89642, 15.76196], [99.89727, 15.7633], [99.89792, 15.76363], [99.89905, 15.76234], [99.89918, 15.7629], [99.90034, 15.76376], [99.90043, 15.76317], [99.90163, 15.76372], [99.90211, 15.76311], [99.90397, 15.76276], [99.90443, 15.76297], [99.90467, 15.76251], [99.90496, 15.76342], [99.90541, 15.76328], [99.90566, 15.76375], [99.90603, 15.76356], [99.90664, 15.76408], [99.90798, 15.76394], [99.90783, 15.76454], [99.9074, 15.76462], [99.90764, 15.76555], [99.90933, 15.76605], [99.91022, 15.76693], [99.91064, 15.76665], [99.91117, 15.76691], [99.91229, 15.76818], [99.91385, 15.76845], [99.9139, 15.76898], [99.91427, 15.76914], [99.91406, 15.76957], [99.91445, 15.77059], [99.91513, 15.77128], [99.91569, 15.77095], [99.91676, 15.77188], [99.91698, 15.7738], [99.91727, 15.77403], [99.91896, 15.77429], [99.91981, 15.77389], [99.92077, 15.77421], [99.92114, 15.77349], [99.92282, 15.77354], [99.92336, 15.77319], [99.92366, 15.77376], [99.92413, 15.77324], [99.9258, 15.77291], [99.92668, 15.77313], [99.92715, 15.77406], [99.92786, 15.77423], [99.92819, 15.77481], [99.93095, 15.77517], [99.93288, 15.77691], [99.93304, 15.77748], [99.92939, 15.77838], [99.92309, 15.78247], [99.92191, 15.78284], [99.90406, 15.77761], [99.90396, 15.78025], [99.90474, 15.7831], [99.90547, 15.78426], [99.90482, 15.79094], [99.9038, 15.79101], [99.90406, 15.79257], [99.90385, 15.79318], [99.90456, 15.79625], [99.90686, 15.79812], [99.9071, 15.799], [99.90349, 15.79923], [99.90001, 15.79851], [99.90009, 15.80245], [99.90056, 15.80313], [99.9008, 15.80566], [99.90024, 15.80677], [99.90033, 15.80846], [99.89884, 15.81156], [99.89466, 15.81294], [99.89271, 15.81316], [99.89055, 15.81288], [99.8886, 15.8137]]]}}, {"type": "Feature", "properties": {"code": "TH601109", "name": "บ้านไร่", "name_en": "Ban Rai", "district": "ลาดยาว", "district_en": "Lat Yao", "area_km2": 152.5}, "geometry": {"type": "Polygon", "coordinates": [[[99.78823, 15.9271], [99.78579, 15.9274], [99.78488, 15.92705], [99.78474, 15.92636], [99.78254, 15.92481], [99.78219, 15.9253], [99.77863, 15.92424], [99.7759, 15.92425], [99.77581, 15.92364], [99.76953, 15.9221], [99.7691, 15.92173], [99.76884, 15.91873], [99.76799, 15.91598], [99.76936, 15.91405], [99.77067, 15.90963], [99.77182, 15.90815], [99.77355, 15.90489], [99.77353, 15.90311], [99.77257, 15.902], [99.77099, 15.89864], [99.76954, 15.89703], [99.76813, 15.89609], [99.76555, 15.89598], [99.76354, 15.89485], [99.76096, 15.89212], [99.76022, 15.89076], [99.75861, 15.88894], [99.75694, 15.88782], [99.75436, 15.88386], [99.75205, 15.88236], [99.75101, 15.8813], [99.74991, 15.879], [99.74988, 15.87828], [99.74794, 15.87637], [99.7475, 15.87549], [99.74766, 15.8726], [99.74675, 15.86643], [99.74581, 15.86406], [99.74331, 15.86164], [99.74401, 15.8602], [99.74384, 15.85835], [99.74154, 15.85813], [99.73974, 15.85744], [99.73941, 15.85771], [99.73882, 15.85756], [99.73807, 15.85821], [99.73674, 15.85857], [99.73636, 15.85886], [99.73656, 15.85921], [99.73619, 15.85982], [99.7359, 15.86177], [99.73491, 15.862], [99.73271, 15.86539], [99.73175, 15.86603], [99.73124, 15.86684], [99.73044, 15.86672], [99.73019, 15.86767], [99.72961, 15.8679], [99.72935, 15.86877], [99.72844, 15.86926], [99.72839, 15.86976], [99.72765, 15.86996], [99.72758, 15.87057], [99.72692, 15.87064], [99.72345, 15.87306], [99.72175, 15.8735], [99.71243, 15.87417], [99.708, 15.87543], [99.70555, 15.87505], [99.70195, 15.87524], [99.70109, 15.87554], [99.70017, 15.87644], [99.69782, 15.87736], [99.68556, 15.869], [99.68407, 15.86671], [99.68291, 15.86327], [99.68657, 15.86049], [99.68532, 15.85827], [99.68625, 15.85558], [99.68561, 15.85472], [99.68739, 15.8515], [99.69102, 15.84617], [99.69246, 15.84525], [99.69602, 15.83666], [99.69753, 15.83435], [99.69791, 15.83014], [99.69717, 15.82736], [99.69613, 15.82609], [99.6947, 15.82347], [99.6937, 15.82384], [99.69173, 15.82238], [99.68997, 15.81974], [99.69188, 15.8199], [99.69356, 15.81926], [99.69492, 15.81926], [99.69531, 15.81845], [99.69592, 15.8182], [99.69682, 15.81812], [99.69769, 15.81852], [99.69846, 15.81794], [99.69891, 15.81807], [99.69907, 15.81742], [99.69976, 15.81722], [99.69998, 15.81594], [99.70112, 15.81447], [99.70171, 15.81291], [99.7036, 15.81179], [99.70436, 15.80987], [99.70675, 15.81153], [99.70945, 15.81422], [99.70915, 15.81458], [99.71337, 15.82007], [99.71417, 15.82224], [99.70984, 15.83014], [99.70812, 15.83724], [99.70891, 15.83719], [99.71562, 15.8391], [99.71519, 15.84113], [99.72471, 15.83862], [99.72602, 15.83691], [99.72872, 15.83733], [99.731, 15.83716], [99.73441, 15.83662], [99.73887, 15.83535], [99.74012, 15.83539], [99.74384, 15.82812], [99.74813, 15.82137], [99.75082, 15.8018], [99.75132, 15.79967], [99.75385, 15.79462], [99.75494, 15.79159], [99.75634, 15.78463], [99.75577, 15.78221], [99.75666, 15.78079], [99.75808, 15.78151], [99.7603, 15.78157], [99.76216, 15.78306], [99.76263, 15.78481], [99.76251, 15.78549], [99.76387, 15.78568], [99.76475, 15.78639], [99.76458, 15.78775], [99.7641, 15.78823], [99.76468, 15.78904], [99.76525, 15.78862], [99.76575, 15.78891], [99.7658, 15.78977], [99.76621, 15.7902], [99.7656, 15.79058], [99.76587, 15.79145], [99.76663, 15.79157], [99.76653, 15.79206], [99.76894, 15.7944], [99.77033, 15.79455], [99.77022, 15.79537], [99.77074, 15.79521], [99.77092, 15.79584], [99.77198, 15.79619], [99.77178, 15.79771], [99.77236, 15.7982], [99.77195, 15.79896], [99.77233, 15.79954], [99.77215, 15.79992], [99.77329, 15.80024], [99.77317, 15.80097], [99.77402, 15.80203], [99.77441, 15.80189], [99.77489, 15.80239], [99.77536, 15.80348], [99.77526, 15.80422], [99.77643, 15.80599], [99.77676, 15.80776], [99.77777, 15.80811], [99.77866, 15.80746], [99.77886, 15.80787], [99.78032, 15.80811], [99.78043, 15.80857], [99.78154, 15.80923], [99.78251, 15.81205], [99.78338, 15.81278], [99.78468, 15.81273], [99.78549, 15.81303], [99.78594, 15.81393], [99.78694, 15.81428], [99.78716, 15.81563], [99.78823, 15.81613], [99.78925, 15.81726], [99.78905, 15.81836], [99.78925, 15.81872], [99.78973, 15.81926], [99.79138, 15.81998], [99.79169, 15.82116], [99.79132, 15.82141], [99.79228, 15.82205], [99.79385, 15.82254], [99.79407, 15.82237], [99.7954, 15.82333], [99.79721, 15.82584], [99.79693, 15.82668], [99.79763, 15.82751], [99.79768, 15.82843], [99.79898, 15.82884], [99.79908, 15.82951], [99.79976, 15.83033], [99.80101, 15.83101], [99.8027, 15.83058], [99.80389, 15.82971], [99.80522, 15.82973], [99.80616, 15.83058], [99.80754, 15.83096], [99.80827, 15.83161], [99.81014, 15.83162], [99.81095, 15.83203], [99.81381, 15.83067], [99.81432, 15.8313], [99.81445, 15.83223], [99.81939, 15.83256], [99.82078, 15.83382], [99.82387, 15.83456], [99.82438, 15.83526], [99.82501, 15.83512], [99.82606, 15.83621], [99.82644, 15.83727], [99.82805, 15.83822], [99.82975, 15.83875], [99.83037, 15.83857], [99.831, 15.83929], [99.83189, 15.83936], [99.83246, 15.84022], [99.83378, 15.84101], [99.83358, 15.84169], [99.83408, 15.84191], [99.83418, 15.84234], [99.83595, 15.84305], [99.83644, 15.8442], [99.83813, 15.84553], [99.83907, 15.84699], [99.84, 15.84753], [99.84058, 15.84959], [99.84123, 15.85013], [99.84153, 15.8516], [99.84297, 15.85273], [99.84431, 15.85535], [99.84519, 15.85622], [99.84493, 15.85701], [99.8466, 15.8584], [99.84711, 15.8593], [99.84812, 15.85961], [99.84809, 15.86046], [99.84863, 15.86111], [99.84981, 15.86172], [99.8499, 15.86239], [99.84945, 15.86295], [99.84999, 15.86385], [99.84992, 15.86495], [99.84902, 15.8655], [99.84896, 15.86633], [99.84844, 15.8665], [99.84871, 15.86792], [99.84812, 15.86838], [99.8474, 15.87004], [99.84832, 15.87122], [99.85155, 15.87177], [99.85207, 15.87324], [99.85207, 15.8744], [99.85323, 15.87521], [99.85371, 15.87483], [99.8556, 15.87676], [99.85832, 15.87626], [99.8607, 15.87673], [99.86361, 15.87438], [99.86516, 15.87493], [99.86779, 15.87412], [99.86835, 15.87473], [99.87062, 15.8749], [99.87121, 15.87355], [99.87285, 15.8723], [99.87621, 15.86828], [99.87752, 15.86887], [99.8808, 15.87051], [99.87979, 15.87191], [99.88129, 15.87379], [99.8801, 15.87495], [99.88038, 15.87623], [99.8801, 15.87691], [99.87791, 15.87656], [99.87715, 15.87732], [99.87602, 15.87776], [99.87499, 15.87889], [99.87372, 15.87917], [99.87451, 15.8822], [99.87494, 15.88277], [99.87736, 15.88372], [99.87819, 15.88534], [99.87896, 15.88563], [99.8797, 15.8865], [99.88139, 15.88625], [99.88201, 15.88646], [99.88406, 15.88869], [99.88513, 15.89065], [99.88749, 15.89075], [99.89303, 15.892], [99.89367, 15.89324], [99.89495, 15.89365], [99.89716, 15.89594], [99.8925, 15.90385], [99.88833, 15.90954], [99.88802, 15.90847], [99.88759, 15.90926], [99.88587, 15.91044], [99.88536, 15.91034], [99.88474, 15.90945], [99.88355, 15.91014], [99.88274, 15.91017], [99.88231, 15.91091], [99.88235, 15.91271], [99.88148, 15.91292], [99.88072, 15.91375], [99.87979, 15.91327], [99.87854, 15.91355], [99.87792, 15.91148], [99.87553, 15.91126], [99.8749, 15.90988], [99.87438, 15.90997], [99.87356, 15.91122], [99.87274, 15.9114], [99.87239, 15.91122], [99.87236, 15.91034], [99.87164, 15.90973], [99.87091, 15.90972], [99.87001, 15.9103], [99.86925, 15.90945], [99.86825, 15.90998], [99.86741, 15.90942], [99.86642, 15.90952], [99.86536, 15.91008], [99.86393, 15.90955], [99.86437, 15.90776], [99.86531, 15.90836], [99.8659, 15.90807], [99.86578, 15.90727], [99.86619, 15.90683], [99.86607, 15.90602], [99.86656, 15.90449], [99.86575, 15.90416], [99.86524, 15.90498], [99.86461, 15.90503], [99.86385, 15.90324], [99.86266, 15.90329], [99.86185, 15.90178], [99.8603, 15.90164], [99.85974, 15.90234], [99.85825, 15.90286], [99.85812, 15.90382], [99.85755, 15.90419], [99.85731, 15.90496], [99.85752, 15.90608], [99.85659, 15.90626], [99.85489, 15.90774], [99.85421, 15.90921], [99.8536, 15.90914], [99.85252, 15.90978], [99.85101, 15.90806], [99.84985, 15.9089], [99.84882, 15.90922], [99.84802, 15.90841], [99.84684, 15.9084], [99.84664, 15.90877], [99.84752, 15.91055], [99.84706, 15.91146], [99.84516, 15.91125], [99.84424, 15.91234], [99.84242, 15.91229], [99.84161, 15.91302], [99.8399, 15.91355], [99.83864, 15.91518], [99.83717, 15.91494], [99.83669, 15.91455], [99.83668, 15.91398], [99.83754, 15.91263], [99.83553, 15.91127], [99.83466, 15.91141], [99.83379, 15.91224], [99.83175, 15.91258], [99.83079, 15.91379], [99.8297, 15.91268], [99.82642, 15.91198], [99.82572, 15.91236], [99.82507, 15.91424], [99.82335, 15.91557], [99.82187, 15.91537], [99.82055, 15.91585], [99.81899, 15.91579], [99.81864, 15.9165], [99.81679, 15.91654], [99.81563, 15.918], [99.81258, 15.91861], [99.81156, 15.91835], [99.81039, 15.91883], [99.80944, 15.91881], [99.80823, 15.91965], [99.80659, 15.91975], [99.80263, 15.92156], [99.80147, 15.92161], [99.79951, 15.92045], [99.79785, 15.92092], [99.79717, 15.92145], [99.79536, 15.92163], [99.7923, 15.92283], [99.79214, 15.92344], [99.78976, 15.92534], [99.78978, 15.92578], [99.78837, 15.92661], [99.78823, 15.9271]]]}}, {"type": "Feature", "properties": {"code": "TH601110", "name": "เนินขี้เหล็ก", "name_en": "Noen Khi Lek", "district": "ลาดยาว", "district_en": "Lat Yao", "area_km2": 78.5}, "geometry": {"type": "Polygon", "coordinates": [[[99.93025, 15.83827], [99.89716, 15.89594], [99.89495, 15.89365], [99.89367, 15.89324], [99.89303, 15.892], [99.88749, 15.89075], [99.88513, 15.89065], [99.88406, 15.88869], [99.88201, 15.88646], [99.88139, 15.88625], [99.8797, 15.8865], [99.87896, 15.88563], [99.87819, 15.88534], [99.87729, 15.88366], [99.87494, 15.88277], [99.87434, 15.88182], [99.87372, 15.87917], [99.87499, 15.87889], [99.87602, 15.87776], [99.87715, 15.87732], [99.87791, 15.87656], [99.8801, 15.87691], [99.88038, 15.87623], [99.8801, 15.87495], [99.8813, 15.87373], [99.87979, 15.87191], [99.8808, 15.87051], [99.87621, 15.86828], [99.87285, 15.8723], [99.87121, 15.87355], [99.87062, 15.8749], [99.86835, 15.87473], [99.86779, 15.87412], [99.86516, 15.87493], [99.86361, 15.87438], [99.8607, 15.87673], [99.85832, 15.87626], [99.8556, 15.87676], [99.85371, 15.87483], [99.85323, 15.87521], [99.85207, 15.8744], [99.85207, 15.87324], [99.85155, 15.87177], [99.84832, 15.87122], [99.8474, 15.87004], [99.84812, 15.86838], [99.84871, 15.86792], [99.84844, 15.8665], [99.84896, 15.86633], [99.84902, 15.8655], [99.84992, 15.86495], [99.84999, 15.86385], [99.84945, 15.86295], [99.8499, 15.86239], [99.84981, 15.86172], [99.84863, 15.86111], [99.84809, 15.86046], [99.84812, 15.85961], [99.84711, 15.8593], [99.8466, 15.8584], [99.84493, 15.85701], [99.84519, 15.85622], [99.84431, 15.85535], [99.84297, 15.85273], [99.84153, 15.8516], [99.84123, 15.85013], [99.84058, 15.84959], [99.84, 15.84753], [99.83907, 15.84699], [99.83813, 15.84553], [99.83644, 15.8442], [99.83595, 15.84305], [99.83418, 15.84234], [99.83408, 15.84191], [99.83358, 15.84169], [99.83378, 15.84101], [99.83246, 15.84022], [99.83189, 15.83936], [99.831, 15.83929], [99.83037, 15.83857], [99.82975, 15.83875], [99.82805, 15.83822], [99.82644, 15.83727], [99.82606, 15.83621], [99.82501, 15.83512], [99.82438, 15.83526], [99.82387, 15.83456], [99.82078, 15.83382], [99.81939, 15.83256], [99.81445, 15.83223], [99.81432, 15.8313], [99.81381, 15.83067], [99.81095, 15.83203], [99.81014, 15.83162], [99.80827, 15.83161], [99.80754, 15.83096], [99.80616, 15.83058], [99.80522, 15.82973], [99.80389, 15.82971], [99.8027, 15.83058], [99.80101, 15.83101], [99.79976, 15.83033], [99.79908, 15.82951], [99.79898, 15.82884], [99.79768, 15.82843], [99.79763, 15.82751], [99.79693, 15.82668], [99.79721, 15.82584], [99.7954, 15.82333], [99.79407, 15.82237], [99.79385, 15.82254], [99.79228, 15.82205], [99.79132, 15.82141], [99.79169, 15.82116], [99.79138, 15.81998], [99.78973, 15.81926], [99.78925, 15.81872], [99.78905, 15.81836], [99.78925, 15.81726], [99.78823, 15.81613], [99.78716, 15.81563], [99.78694, 15.81428], [99.78594, 15.81393], [99.78549, 15.81303], [99.78468, 15.81273], [99.78338, 15.81278], [99.78251, 15.81205], [99.78154, 15.80923], [99.78043, 15.80857], [99.78032, 15.80811], [99.77886, 15.80787], [99.77866, 15.80746], [99.77777, 15.80811], [99.77676, 15.80776], [99.77643, 15.80599], [99.77526, 15.80422], [99.77536, 15.80348], [99.77489, 15.80239], [99.77441, 15.80189], [99.77402, 15.80203], [99.77317, 15.80097], [99.77329, 15.80024], [99.77215, 15.79992], [99.77233, 15.79954], [99.77195, 15.79896], [99.77236, 15.7982], [99.77178, 15.79771], [99.77198, 15.79619], [99.77092, 15.79584], [99.77074, 15.79521], [99.77022, 15.79537], [99.77033, 15.79455], [99.76894, 15.7944], [99.76653, 15.79206], [99.76663, 15.79157], [99.76587, 15.79145], [99.7656, 15.79058], [99.76621, 15.7902], [99.7658, 15.78977], [99.76575, 15.78891], [99.76525, 15.78862], [99.76468, 15.78904], [99.7641, 15.78823], [99.76461, 15.78767], [99.76475, 15.78641], [99.76441, 15.78611], [99.76574, 15.78618], [99.7679, 15.78691], [99.76902, 15.78831], [99.76921, 15.78919], [99.76966, 15.78947], [99.76962, 15.79016], [99.7705, 15.79075], [99.77092, 15.79153], [99.77164, 15.79163], [99.77238, 15.79123], [99.77414, 15.79267], [99.77493, 15.79264], [99.77647, 15.79373], [99.77754, 15.79517], [99.77875, 15.79567], [99.77862, 15.79734], [99.77987, 15.79899], [99.78145, 15.79944], [99.7827, 15.80068], [99.78527, 15.80084], [99.78609, 15.8012], [99.78713, 15.801], [99.78786, 15.80139], [99.79034, 15.80173], [99.79272, 15.80177], [99.79396, 15.80254], [99.79453, 15.80336], [99.79703, 15.80442], [99.79917, 15.80446], [99.80009, 15.8053], [99.80286, 15.8066], [99.8089, 15.80675], [99.80965, 15.80596], [99.81151, 15.80704], [99.8127, 15.8099], [99.81351, 15.81016], [99.81355, 15.81103], [99.81486, 15.81139], [99.81538, 15.81101], [99.81607, 15.80936], [99.81684, 15.80905], [99.81729, 15.80816], [99.81875, 15.80799], [99.82085, 15.80672], [99.82264, 15.80664], [99.82485, 15.80548], [99.82669, 15.80571], [99.83038, 15.80766], [99.83137, 15.8077], [99.83351, 15.80696], [99.8345, 15.80702], [99.83437, 15.80807], [99.83536, 15.8089], [99.83525, 15.81064], [99.83577, 15.81106], [99.8393, 15.80982], [99.83968, 15.80867], [99.848, 15.80853], [99.84892, 15.80585], [99.85117, 15.80404], [99.85793, 15.80483], [99.86037, 15.80619], [99.86188, 15.80454], [99.86374, 15.80533], [99.8652, 15.80539], [99.86632, 15.80485], [99.86887, 15.80249], [99.87062, 15.80396], [99.87131, 15.80407], [99.87473, 15.80111], [99.87652, 15.80098], [99.87734, 15.80238], [99.87797, 15.80587], [99.88187, 15.81025], [99.88215, 15.81094], [99.88214, 15.81272], [99.88335, 15.81417], [99.88851, 15.81371], [99.89043, 15.8129], [99.89146, 15.81302], [99.89217, 15.81464], [99.89409, 15.8161], [99.89459, 15.8174], [99.8946, 15.8187], [99.89562, 15.82105], [99.89858, 15.82356], [99.89892, 15.8251], [99.90156, 15.8258], [99.90203, 15.82679], [99.90397, 15.82814], [99.90462, 15.82931], [99.9061, 15.83085], [99.908, 15.83123], [99.90938, 15.83212], [99.91451, 15.83415], [99.91539, 15.8349], [99.91631, 15.8348], [99.9193, 15.83648], [99.92142, 15.83622], [99.92362, 15.83723], [99.92766, 15.83691], [99.93025, 15.83827]]]}}, {"type": "Feature", "properties": {"code": "TH601116", "name": "ศาลเจ้าไก่ต่อ", "name_en": "San Chao Kai To", "district": "ลาดยาว", "district_en": "Lat Yao", "area_km2": 49.5}, "geometry": {"type": "Polygon", "coordinates": [[[99.69167, 15.8199], [99.68997, 15.81974], [99.6865, 15.81625], [99.68222, 15.8133], [99.67765, 15.81256], [99.6761, 15.81191], [99.674, 15.8149], [99.67322, 15.81543], [99.67207, 15.81536], [99.67166, 15.81595], [99.66816, 15.81714], [99.66614, 15.81739], [99.6658, 15.81689], [99.66346, 15.81824], [99.66285, 15.81704], [99.66037, 15.81562], [99.65931, 15.81536], [99.65797, 15.81397], [99.65275, 15.81003], [99.64592, 15.80972], [99.64401, 15.80859], [99.64121, 15.80771], [99.64045, 15.80265], [99.63978, 15.80092], [99.63978, 15.79962], [99.63673, 15.79295], [99.63705, 15.79189], [99.63613, 15.78991], [99.63537, 15.78657], [99.63459, 15.78526], [99.63212, 15.77749], [99.6312, 15.77668], [99.63212, 15.77352], [99.62984, 15.77249], [99.63289, 15.76599], [99.63395, 15.76297], [99.63549, 15.76348], [99.63575, 15.76028], [99.63386, 15.75473], [99.63573, 15.75365], [99.63874, 15.751], [99.63954, 15.75138], [99.64198, 15.74895], [99.64173, 15.74289], [99.64229, 15.74102], [99.64177, 15.73696], [99.64268, 15.73682], [99.64306, 15.73732], [99.6478, 15.73664], [99.64844, 15.74136], [99.65296, 15.74457], [99.6534, 15.7444], [99.65626, 15.74789], [99.65918, 15.75019], [99.65945, 15.75073], [99.66219, 15.75244], [99.66272, 15.75235], [99.66463, 15.75452], [99.6657, 15.75497], [99.66719, 15.75491], [99.67011, 15.75959], [99.67695, 15.75507], [99.67644, 15.7518], [99.67662, 15.75073], [99.68113, 15.74877], [99.68358, 15.74537], [99.68553, 15.74337], [99.68635, 15.74405], [99.68903, 15.74788], [99.69012, 15.75007], [99.69042, 15.75177], [99.68967, 15.75407], [99.68997, 15.75466], [99.68973, 15.75583], [99.69067, 15.75669], [99.69116, 15.75669], [99.69266, 15.75916], [99.69258, 15.76209], [99.69305, 15.76224], [99.69402, 15.76461], [99.69494, 15.76496], [99.69712, 15.76731], [99.69943, 15.76916], [99.69945, 15.77101], [99.70118, 15.77145], [99.70167, 15.77358], [99.70399, 15.77477], [99.70453, 15.77535], [99.70392, 15.77583], [99.70549, 15.77998], [99.70503, 15.78041], [99.70561, 15.78159], [99.70506, 15.78194], [99.70617, 15.78694], [99.70684, 15.78801], [99.7088, 15.78925], [99.70791, 15.79012], [99.70757, 15.79187], [99.70311, 15.79238], [99.70221, 15.79178], [99.70031, 15.79176], [99.70024, 15.79413], [99.70073, 15.79624], [99.69713, 15.79848], [99.69728, 15.79923], [99.69895, 15.80202], [99.69939, 15.80395], [99.70063, 15.80553], [99.70155, 15.80614], [99.70178, 15.8069], [99.70436, 15.80987], [99.70386, 15.81144], [99.70302, 15.81232], [99.70243, 15.81227], [99.70175, 15.81285], [99.70112, 15.81447], [99.69998, 15.81594], [99.69976, 15.81722], [99.69907, 15.81742], [99.69891, 15.81807], [99.69846, 15.81794], [99.69769, 15.81852], [99.69682, 15.81812], [99.69592, 15.8182], [99.69531, 15.81845], [99.69492, 15.81926], [99.69356, 15.81926], [99.69167, 15.8199]]]}}, {"type": "Feature", "properties": {"code": "TH601117", "name": "สระแก้ว", "name_en": "Sa Kaeo", "district": "ลาดยาว", "district_en": "Lat Yao", "area_km2": 31.0}, "geometry": {"type": "Polygon", "coordinates": [[[99.81537, 15.81103], [99.81487, 15.81139], [99.81355, 15.81103], [99.81351, 15.81016], [99.8127, 15.8099], [99.81151, 15.80704], [99.80965, 15.80596], [99.8089, 15.80675], [99.80286, 15.8066], [99.80009, 15.8053], [99.79917, 15.80446], [99.79703, 15.80442], [99.79453, 15.80336], [99.79396, 15.80254], [99.79274, 15.80178], [99.79034, 15.80173], [99.78786, 15.80139], [99.78713, 15.801], [99.78609, 15.8012], [99.78527, 15.80084], [99.78276, 15.8007], [99.78217, 15.79989], [99.78073, 15.79933], [99.78135, 15.78927], [99.78022, 15.7871], [99.77443, 15.78086], [99.7707, 15.77624], [99.76932, 15.77399], [99.76876, 15.77166], [99.76893, 15.77042], [99.76961, 15.76894], [99.77234, 15.76654], [99.78004, 15.76521], [99.7967, 15.76434], [99.80421, 15.76301], [99.80969, 15.76073], [99.81125, 15.75843], [99.8132, 15.75424], [99.81477, 15.75261], [99.81908, 15.74993], [99.82045, 15.74742], [99.82094, 15.74482], [99.8213, 15.73668], [99.82286, 15.73678], [99.82345, 15.73624], [99.82403, 15.73712], [99.82384, 15.73749], [99.82622, 15.73876], [99.82634, 15.73913], [99.82809, 15.7394], [99.8286, 15.73977], [99.82979, 15.73971], [99.83072, 15.74073], [99.83234, 15.74118], [99.83267, 15.74174], [99.83319, 15.7416], [99.83371, 15.74091], [99.83439, 15.74164], [99.83494, 15.741], [99.83563, 15.74123], [99.83576, 15.74072], [99.83629, 15.74126], [99.83718, 15.74119], [99.83612, 15.74365], [99.83503, 15.74365], [99.83104, 15.74858], [99.83013, 15.74902], [99.82932, 15.75011], [99.82848, 15.75046], [99.82876, 15.75137], [99.82842, 15.75342], [99.82673, 15.75685], [99.82585, 15.76075], [99.82483, 15.76222], [99.8242, 15.7668], [99.82409, 15.77034], [99.82429, 15.77184], [99.82533, 15.77255], [99.8259, 15.77413], [99.82632, 15.77604], [99.8262, 15.77813], [99.8275, 15.77944], [99.82737, 15.78034], [99.82773, 15.78103], [99.82877, 15.78171], [99.82894, 15.78263], [99.83115, 15.78425], [99.83229, 15.78578], [99.83322, 15.78807], [99.83418, 15.78824], [99.83486, 15.78924], [99.83566, 15.7897], [99.83567, 15.79024], [99.83646, 15.79135], [99.83622, 15.79309], [99.8372, 15.79515], [99.83866, 15.79728], [99.84109, 15.79838], [99.84285, 15.80176], [99.84277, 15.80204], [99.8392, 15.80257], [99.83645, 15.80221], [99.83541, 15.80563], [99.83466, 15.80583], [99.8345, 15.80702], [99.83351, 15.80696], [99.83137, 15.8077], [99.83038, 15.80766], [99.82669, 15.80571], [99.82482, 15.80548], [99.82264, 15.80664], [99.82085, 15.80672], [99.81875, 15.80799], [99.81729, 15.80816], [99.81684, 15.80905], [99.81607, 15.80936], [99.81537, 15.81103]]]}}, {"type": "Feature", "properties": {"code": "TH601201", "name": "ตากฟ้า", "name_en": "Tak Fa", "district": "ตากฟ้า", "district_en": "Tak Fa", "area_km2": 49.3}, "geometry": {"type": "Polygon", "coordinates": [[[100.50191, 15.35884], [100.50165, 15.36126], [100.49924, 15.36013], [100.49926, 15.35985], [100.49746, 15.35879], [100.48625, 15.35862], [100.47732, 15.3586], [100.47724, 15.35985], [100.47609, 15.3599], [100.47594, 15.36105], [100.4737, 15.36113], [100.4736, 15.35991], [100.47107, 15.35981], [100.47092, 15.35866], [100.45909, 15.35857], [100.45827, 15.35745], [100.458, 15.3564], [100.45671, 15.3558], [100.45596, 15.35603], [100.45517, 15.35575], [100.45522, 15.35409], [100.45449, 15.35212], [100.45438, 15.35048], [100.45315, 15.35033], [100.45396, 15.34828], [100.45519, 15.34766], [100.45541, 15.34662], [100.45608, 15.34588], [100.45616, 15.34472], [100.4569, 15.3436], [100.45529, 15.34186], [100.45528, 15.33972], [100.45608, 15.33697], [100.45658, 15.33663], [100.45718, 15.33518], [100.45778, 15.33491], [100.45768, 15.33445], [100.45815, 15.33395], [100.45811, 15.33282], [100.45697, 15.33103], [100.45695, 15.32968], [100.45731, 15.32944], [100.4576, 15.32845], [100.45731, 15.32821], [100.45738, 15.32725], [100.45686, 15.3266], [100.4566, 15.32539], [100.45496, 15.32415], [100.45419, 15.32214], [100.45462, 15.32112], [100.45654, 15.32015], [100.45877, 15.31714], [100.45943, 15.31717], [100.45984, 15.31648], [100.46119, 15.31671], [100.46179, 15.31579], [100.46251, 15.31593], [100.4637, 15.31403], [100.46612, 15.31364], [100.46795, 15.31108], [100.4683, 15.31122], [100.4696, 15.31025], [100.46997, 15.31051], [100.47124, 15.31039], [100.47184, 15.30963], [100.47198, 15.30871], [100.47292, 15.30875], [100.473, 15.30836], [100.47381, 15.30793], [100.47387, 15.30746], [100.47535, 15.3072], [100.47607, 15.30627], [100.47807, 15.30528], [100.47849, 15.30525], [100.47871, 15.3056], [100.47939, 15.30539], [100.47959, 15.30495], [100.47992, 15.30517], [100.48061, 15.30505], [100.48079, 15.30471], [100.48178, 15.30473], [100.4815, 15.30312], [100.47716, 15.29742], [100.47679, 15.29613], [100.47686, 15.29539], [100.47895, 15.2919], [100.47887, 15.29123], [100.47756, 15.28929], [100.47767, 15.28863], [100.47867, 15.28771], [100.47875, 15.28718], [100.47792, 15.28539], [100.47717, 15.28238], [100.47789, 15.27978], [100.47902, 15.27889], [100.47868, 15.27661], [100.47807, 15.27538], [100.47872, 15.27488], [100.4781, 15.27403], [100.47755, 15.2723], [100.477, 15.26795], [100.47627, 15.26506], [100.47853, 15.26461], [100.47807, 15.26234], [100.47985, 15.25919], [100.48048, 15.25944], [100.48309, 15.25847], [100.48595, 15.25874], [100.48799, 15.25947], [100.48949, 15.259], [100.49143, 15.25918], [100.49528, 15.26588], [100.50258, 15.2655], [100.5099, 15.26612], [100.51244, 15.26712], [100.51414, 15.26857], [100.51563, 15.26935], [100.51698, 15.26917], [100.51758, 15.26863], [100.51812, 15.26861], [100.51952, 15.27088], [100.52002, 15.27073], [100.52062, 15.27154], [100.5201, 15.27209], [100.51956, 15.27199], [100.51993, 15.27317], [100.51952, 15.27303], [100.51919, 15.27387], [100.51851, 15.2739], [100.51857, 15.27422], [100.51904, 15.27434], [100.51879, 15.27497], [100.51897, 15.27544], [100.51833, 15.2752], [100.5181, 15.27461], [100.51774, 15.27528], [100.51802, 15.27567], [100.51729, 15.27553], [100.51742, 15.27644], [100.51791, 15.27699], [100.51685, 15.27728], [100.5167, 15.27782], [100.51614, 15.27821], [100.51582, 15.27811], [100.51575, 15.27759], [100.51503, 15.27814], [100.5143, 15.27782], [100.51454, 15.27863], [100.51499, 15.27885], [100.51381, 15.27918], [100.51462, 15.27971], [100.51405, 15.27986], [100.51406, 15.28026], [100.51326, 15.28069], [100.51318, 15.28175], [100.51284, 15.2818], [100.51284, 15.2814], [100.51244, 15.28134], [100.51211, 15.28076], [100.51183, 15.28149], [100.51156, 15.2812], [100.51071, 15.28143], [100.51143, 15.28231], [100.51086, 15.28236], [100.51083, 15.28268], [100.51156, 15.28314], [100.51064, 15.2838], [100.51116, 15.28421], [100.51114, 15.28459], [100.51087, 15.2848], [100.51048, 15.2846], [100.51045, 15.28505], [100.5164, 15.29055], [100.51806, 15.29413], [100.51985, 15.2953], [100.52067, 15.29707], [100.52109, 15.29899], [100.52262, 15.30069], [100.52253, 15.304], [100.52419, 15.30543], [100.52397, 15.30844], [100.52123, 15.30834], [100.52085, 15.3117], [100.52005, 15.31422], [100.51344, 15.3136], [100.51055, 15.31371], [100.50589, 15.3115], [100.5056, 15.31581], [100.5036, 15.31732], [100.50366, 15.31789], [100.5031, 15.31881], [100.50328, 15.31917], [100.50392, 15.31909], [100.50408, 15.31959], [100.5032, 15.32414], [100.50369, 15.3248], [100.5043, 15.3245], [100.50463, 15.32495], [100.50431, 15.32611], [100.50497, 15.32603], [100.50524, 15.32649], [100.50475, 15.32706], [100.50579, 15.32779], [100.50576, 15.32817], [100.50507, 15.32845], [100.50573, 15.32877], [100.50606, 15.32966], [100.50567, 15.32994], [100.50568, 15.3307], [100.50656, 15.33201], [100.50478, 15.33371], [100.50273, 15.33487], [100.50293, 15.33622], [100.50208, 15.33694], [100.50233, 15.33754], [100.50181, 15.33775], [100.50163, 15.33914], [100.50127, 15.33946], [100.50048, 15.34222], [100.50164, 15.34508], [100.50079, 15.34589], [100.50116, 15.34621], [100.50098, 15.34734], [100.49988, 15.34911], [100.49926, 15.34939], [100.49912, 15.35001], [100.49918, 15.35037], [100.49969, 15.35049], [100.50004, 15.35212], [100.50058, 15.35234], [100.50075, 15.35301], [100.50166, 15.35359], [100.50145, 15.35414], [100.50166, 15.35485], [100.50044, 15.35644], [100.50103, 15.3572], [100.50114, 15.35837], [100.50191, 15.35884]]]}}, {"type": "Feature", "properties": {"code": "TH601202", "name": "ลำพยนต์", "name_en": "Lam Phayon", "district": "ตากฟ้า", "district_en": "Tak Fa", "area_km2": 83.7}, "geometry": {"type": "Polygon", "coordinates": [[[100.5967, 15.37873], [100.59215, 15.38078], [100.5905, 15.38219], [100.58983, 15.38059], [100.588, 15.37831], [100.58544, 15.37837], [100.58393, 15.37697], [100.58185, 15.37657], [100.58065, 15.37592], [100.57902, 15.372], [100.57673, 15.36913], [100.57654, 15.36678], [100.57272, 15.36281], [100.56874, 15.36037], [100.56283, 15.35833], [100.55973, 15.35808], [100.55352, 15.35681], [100.55031, 15.35509], [100.54551, 15.35185], [100.54462, 15.35104], [100.54283, 15.34841], [100.54229, 15.34706], [100.54151, 15.34653], [100.54207, 15.34415], [100.53962, 15.34201], [100.53638, 15.33793], [100.53314, 15.3345], [100.53463, 15.33344], [100.53325, 15.33175], [100.53444, 15.33024], [100.53559, 15.32943], [100.53396, 15.32787], [100.53695, 15.32504], [100.53698, 15.32364], [100.53599, 15.32176], [100.53616, 15.32069], [100.53488, 15.31941], [100.53435, 15.31839], [100.53448, 15.31723], [100.53392, 15.31714], [100.53364, 15.31604], [100.53028, 15.31554], [100.53006, 15.31462], [100.52857, 15.31411], [100.52862, 15.31357], [100.52802, 15.3131], [100.52791, 15.31238], [100.52666, 15.31214], [100.52612, 15.31251], [100.52458, 15.31144], [100.52359, 15.31179], [100.52205, 15.31149], [100.52169, 15.31445], [100.52005, 15.31422], [100.52085, 15.3117], [100.52123, 15.30834], [100.52394, 15.30852], [100.52419, 15.30543], [100.52253, 15.304], [100.52262, 15.30069], [100.52109, 15.29899], [100.52067, 15.29707], [100.51985, 15.2953], [100.51806, 15.29413], [100.5164, 15.29055], [100.51045, 15.28505], [100.51048, 15.2846], [100.51087, 15.2848], [100.51114, 15.28459], [100.51116, 15.28421], [100.51064, 15.2838], [100.51156, 15.28314], [100.51083, 15.28268], [100.51086, 15.28236], [100.51143, 15.28231], [100.51071, 15.28143], [100.51156, 15.2812], [100.51183, 15.28149], [100.51211, 15.28076], [100.5131, 15.2818], [100.51326, 15.28069], [100.51406, 15.28026], [100.51405, 15.27986], [100.51462, 15.27971], [100.51381, 15.27918], [100.51499, 15.27885], [100.51454, 15.27863], [100.5143, 15.27782], [100.51503, 15.27814], [100.51575, 15.27759], [100.51582, 15.27811], [100.51614, 15.27821], [100.5167, 15.27782], [100.51685, 15.27728], [100.51791, 15.27699], [100.51742, 15.27644], [100.51729, 15.27553], [100.51802, 15.27567], [100.51774, 15.27528], [100.5181, 15.27461], [100.51833, 15.2752], [100.51897, 15.27544], [100.51879, 15.27497], [100.51904, 15.27434], [100.51847, 15.274], [100.51919, 15.27387], [100.51952, 15.27303], [100.51995, 15.27315], [100.51956, 15.27199], [100.52003, 15.27212], [100.52061, 15.27163], [100.52029, 15.27136], [100.52045, 15.27084], [100.52088, 15.27121], [100.52126, 15.27111], [100.52166, 15.27022], [100.52144, 15.26977], [100.52307, 15.26991], [100.52314, 15.26944], [100.52388, 15.26932], [100.52332, 15.26872], [100.52378, 15.26809], [100.52417, 15.26829], [100.52404, 15.26875], [100.52461, 15.26878], [100.52471, 15.26985], [100.52442, 15.27048], [100.52522, 15.27108], [100.52466, 15.27248], [100.52535, 15.27383], [100.52699, 15.27501], [100.52734, 15.27498], [100.52723, 15.27533], [100.52797, 15.2768], [100.52857, 15.27681], [100.5289, 15.27717], [100.52972, 15.27703], [100.5301, 15.27763], [100.52984, 15.27822], [100.53003, 15.27893], [100.53049, 15.27962], [100.5311, 15.27981], [100.53103, 15.28023], [100.53141, 15.2807], [100.54193, 15.28428], [100.54573, 15.28239], [100.55386, 15.28176], [100.55704, 15.28079], [100.55934, 15.28132], [100.56744, 15.28191], [100.56864, 15.28255], [100.5709, 15.28019], [100.57101, 15.27861], [100.57702, 15.27757], [100.58009, 15.27656], [100.58054, 15.27528], [100.57928, 15.27369], [100.58, 15.27291], [100.57949, 15.27193], [100.57961, 15.27091], [100.57936, 15.27026], [100.57858, 15.26959], [100.57823, 15.26813], [100.57755, 15.26788], [100.57784, 15.26676], [100.57686, 15.26501], [100.57775, 15.2641], [100.57714, 15.26319], [100.57724, 15.26271], [100.57903, 15.26393], [100.57922, 15.26444], [100.57871, 15.26468], [100.5796, 15.26491], [100.57939, 15.26609], [100.58082, 15.26679], [100.58144, 15.26553], [100.58255, 15.26557], [100.58274, 15.2671], [100.58395, 15.26762], [100.58598, 15.26971], [100.58645, 15.26956], [100.58686, 15.26829], [100.58917, 15.2692], [100.59032, 15.26889], [100.59089, 15.26928], [100.59124, 15.27114], [100.59168, 15.27122], [100.59187, 15.27184], [100.59267, 15.2721], [100.5927, 15.27248], [100.59304, 15.27259], [100.59303, 15.27318], [100.59366, 15.2743], [100.59507, 15.27557], [100.59704, 15.27825], [100.59725, 15.27938], [100.5965, 15.28204], [100.59329, 15.28773], [100.59528, 15.2882], [100.59632, 15.28919], [100.59696, 15.28919], [100.59814, 15.29014], [100.5986, 15.29006], [100.59839, 15.28954], [100.59927, 15.28883], [100.59995, 15.28958], [100.60013, 15.28898], [100.60051, 15.2889], [100.60114, 15.28967], [100.60199, 15.28954], [100.60194, 15.29004], [100.60226, 15.29031], [100.60202, 15.29102], [100.60246, 15.29106], [100.60229, 15.29167], [100.60294, 15.29184], [100.60293, 15.29216], [100.60346, 15.29118], [100.60412, 15.29185], [100.60472, 15.29169], [100.60494, 15.29327], [100.60541, 15.29277], [100.60542, 15.29324], [100.60608, 15.29322], [100.60625, 15.29369], [100.60659, 15.29298], [100.60718, 15.29285], [100.60748, 15.29364], [100.60808, 15.29362], [100.60827, 15.2932], [100.60888, 15.29338], [100.60899, 15.2951], [100.61056, 15.29506], [100.61061, 15.2944], [100.61121, 15.29474], [100.61142, 15.29526], [100.61105, 15.2963], [100.6119, 15.29621], [100.61199, 15.29583], [100.61249, 15.29599], [100.61265, 15.2971], [100.61322, 15.29771], [100.61328, 15.29887], [100.61279, 15.2991], [100.6131, 15.29949], [100.61264, 15.29984], [100.61316, 15.301], [100.61291, 15.30161], [100.61348, 15.30359], [100.614, 15.30408], [100.61353, 15.30444], [100.61432, 15.30483], [100.61382, 15.30482], [100.61367, 15.30552], [100.61445, 15.3061], [100.61387, 15.30659], [100.61461, 15.30752], [100.61463, 15.30856], [100.61552, 15.30825], [100.61566, 15.30873], [100.61651, 15.30945], [100.61701, 15.30942], [100.6176, 15.31025], [100.61809, 15.31011], [100.61994, 15.31144], [100.62205, 15.31233], [100.62306, 15.31363], [100.6228, 15.31423], [100.62314, 15.31504], [100.6228, 15.31601], [100.62317, 15.31658], [100.62262, 15.31674], [100.62239, 15.31835], [100.62191, 15.31874], [100.622, 15.31903], [100.62378, 15.31959], [100.6279, 15.32245], [100.63291, 15.32326], [100.6335, 15.32362], [100.63443, 15.32856], [100.63348, 15.32958], [100.63166, 15.33045], [100.63032, 15.33285], [100.62988, 15.33503], [100.63057, 15.33923], [100.63041, 15.33995], [100.62988, 15.34039], [100.62618, 15.34032], [100.62432, 15.3409], [100.62273, 15.34219], [100.62053, 15.34212], [100.61995, 15.34152], [100.61919, 15.33971], [100.61762, 15.33813], [100.61482, 15.33636], [100.61264, 15.33549], [100.61167, 15.33431], [100.6109, 15.33434], [100.60687, 15.33541], [100.60547, 15.3362], [100.60448, 15.33801], [100.60462, 15.34011], [100.60416, 15.34084], [100.60284, 15.34157], [100.60023, 15.34167], [100.59913, 15.34257], [100.59958, 15.34545], [100.59803, 15.3476], [100.5959, 15.34755], [100.59475, 15.34797], [100.59455, 15.35141], [100.59575, 15.3538], [100.59552, 15.35657], [100.59573, 15.35688], [100.59734, 15.35703], [100.5977, 15.35759], [100.59709, 15.35995], [100.59344, 15.3628], [100.59389, 15.36395], [100.59666, 15.36691], [100.59725, 15.36838], [100.59749, 15.36978], [100.5967, 15.37211], [100.59814, 15.37487], [100.5984, 15.37631], [100.59798, 15.37734], [100.5967, 15.37873]]]}}, {"type": "Feature", "properties": {"code": "TH601203", "name": "สุขสำราญ", "name_en": "Suk Samran", "district": "ตากฟ้า", "district_en": "Tak Fa", "area_km2": 56.3}, "geometry": {"type": "Polygon", "coordinates": [[[100.51302, 15.40668], [100.51062, 15.40678], [100.50985, 15.40614], [100.50823, 15.40428], [100.50555, 15.39965], [100.4966, 15.39994], [100.49613, 15.39496], [100.4973, 15.39379], [100.4979, 15.39211], [100.50046, 15.38898], [100.50066, 15.38687], [100.50305, 15.38391], [100.50358, 15.38144], [100.50304, 15.38034], [100.50269, 15.37796], [100.50285, 15.37709], [100.50395, 15.37593], [100.50404, 15.37542], [100.5059, 15.37476], [100.50636, 15.37352], [100.50574, 15.37264], [100.50676, 15.37158], [100.50636, 15.37011], [100.50566, 15.3697], [100.50584, 15.36771], [100.50545, 15.36728], [100.50452, 15.36713], [100.50343, 15.36426], [100.50337, 15.36328], [100.50392, 15.36302], [100.50382, 15.36247], [100.50273, 15.36152], [100.50165, 15.36126], [100.50204, 15.35907], [100.50114, 15.35837], [100.50103, 15.3572], [100.50044, 15.35644], [100.50166, 15.35485], [100.50145, 15.35414], [100.50166, 15.35359], [100.50075, 15.35301], [100.50058, 15.35234], [100.50004, 15.35212], [100.49969, 15.35049], [100.49915, 15.35031], [100.49916, 15.34966], [100.49988, 15.34911], [100.50098, 15.34734], [100.50116, 15.34621], [100.50079, 15.34589], [100.50164, 15.34508], [100.50048, 15.34222], [100.50127, 15.33946], [100.50163, 15.33914], [100.50181, 15.33775], [100.50233, 15.33754], [100.50208, 15.33694], [100.50293, 15.33622], [100.50273, 15.33487], [100.50478, 15.33371], [100.50656, 15.33201], [100.50568, 15.3307], [100.50567, 15.32994], [100.50606, 15.32966], [100.50573, 15.32877], [100.50507, 15.32845], [100.50576, 15.32817], [100.50579, 15.32779], [100.50475, 15.32706], [100.50524, 15.32649], [100.50497, 15.32603], [100.50431, 15.32611], [100.50463, 15.32495], [100.5043, 15.3245], [100.50369, 15.3248], [100.5032, 15.32414], [100.50408, 15.31959], [100.50392, 15.31909], [100.50328, 15.31917], [100.5031, 15.31881], [100.50366, 15.31789], [100.5036, 15.31732], [100.5056, 15.31581], [100.50589, 15.3115], [100.51055, 15.31371], [100.51384, 15.31363], [100.52164, 15.31447], [100.52205, 15.31149], [100.52359, 15.31179], [100.52446, 15.31143], [100.52612, 15.31251], [100.52666, 15.31214], [100.52798, 15.31242], [100.52802, 15.3131], [100.52865, 15.31365], [100.52857, 15.31411], [100.53006, 15.31462], [100.53028, 15.31554], [100.53358, 15.316], [100.53392, 15.31714], [100.53447, 15.31721], [100.53439, 15.3185], [100.53616, 15.32069], [100.53599, 15.32176], [100.53698, 15.32364], [100.53695, 15.32504], [100.53396, 15.32787], [100.53559, 15.32943], [100.53444, 15.33024], [100.53325, 15.33175], [100.53463, 15.33344], [100.53314, 15.3345], [100.53638, 15.33793], [100.53962, 15.34201], [100.54207, 15.34415], [100.54151, 15.34653], [100.54229, 15.34706], [100.54283, 15.34841], [100.54499, 15.35148], [100.55031, 15.35509], [100.55352, 15.35681], [100.55973, 15.35808], [100.56283, 15.35833], [100.56874, 15.36037], [100.57272, 15.36281], [100.57654, 15.36678], [100.57673, 15.36913], [100.57902, 15.372], [100.58065, 15.37592], [100.58185, 15.37657], [100.58393, 15.37697], [100.58544, 15.37837], [100.588, 15.37831], [100.58983, 15.38059], [100.5905, 15.38219], [100.58917, 15.38519], [100.58919, 15.3857], [100.58999, 15.38655], [100.58945, 15.38944], [100.59222, 15.39081], [100.59185, 15.39263], [100.59307, 15.39372], [100.59347, 15.39482], [100.59505, 15.39524], [100.59578, 15.39605], [100.59855, 15.3966], [100.60194, 15.39817], [100.60295, 15.39948], [100.6041, 15.4031], [100.60257, 15.40324], [100.60205, 15.403], [100.60138, 15.4035], [100.59952, 15.4029], [100.59853, 15.4041], [100.59784, 15.40433], [100.59673, 15.40401], [100.59584, 15.40235], [100.59508, 15.40203], [100.59253, 15.40267], [100.59177, 15.4032], [100.58985, 15.40347], [100.58924, 15.40307], [100.58722, 15.40005], [100.58325, 15.39755], [100.58251, 15.39751], [100.57964, 15.3983], [100.57648, 15.39966], [100.56848, 15.3998], [100.56418, 15.40058], [100.56236, 15.39984], [100.56168, 15.40022], [100.55909, 15.40059], [100.55874, 15.40102], [100.55703, 15.40141], [100.55478, 15.40243], [100.55383, 15.40308], [100.55322, 15.404], [100.55272, 15.40342], [100.5518, 15.40325], [100.55184, 15.4029], [100.55252, 15.40253], [100.55244, 15.4018], [100.5513, 15.40036], [100.55118, 15.39955], [100.54809, 15.39488], [100.54795, 15.39307], [100.54836, 15.39163], [100.54791, 15.39112], [100.54774, 15.38997], [100.54785, 15.38956], [100.54852, 15.38918], [100.54798, 15.38771], [100.54838, 15.38695], [100.54613, 15.38197], [100.54263, 15.3825], [100.54157, 15.38199], [100.54075, 15.37999], [100.53963, 15.37866], [100.53905, 15.37945], [100.53503, 15.38254], [100.53432, 15.38473], [100.53217, 15.38671], [100.52996, 15.39031], [100.52879, 15.39063], [100.52575, 15.39051], [100.52354, 15.39124], [100.52232, 15.39273], [100.51977, 15.39477], [100.51891, 15.39668], [100.51703, 15.39801], [100.51438, 15.3991], [100.51388, 15.4001], [100.51155, 15.40106], [100.51302, 15.40668]]]}}, {"type": "Feature", "properties": {"code": "TH601204", "name": "หนองพิกุล", "name_en": "Nong Phikun", "district": "ตากฟ้า", "district_en": "Tak Fa", "area_km2": 35.4}, "geometry": {"type": "Polygon", "coordinates": [[[100.45909, 15.35857], [100.45389, 15.35883], [100.45006, 15.36217], [100.44431, 15.37059], [100.43189, 15.37049], [100.43167, 15.36929], [100.4313, 15.36938], [100.43084, 15.3687], [100.42974, 15.3689], [100.4291, 15.36824], [100.42932, 15.36691], [100.42893, 15.36682], [100.42866, 15.36616], [100.42787, 15.36623], [100.42798, 15.36567], [100.42749, 15.36545], [100.42715, 15.36429], [100.42663, 15.36384], [100.42522, 15.36391], [100.42438, 15.36315], [100.42349, 15.36316], [100.42342, 15.36255], [100.42247, 15.36233], [100.42261, 15.36301], [100.4223, 15.36349], [100.42326, 15.3636], [100.42349, 15.36416], [100.42323, 15.36542], [100.42382, 15.36813], [100.42295, 15.36962], [100.42392, 15.37355], [100.42453, 15.37431], [100.42417, 15.37608], [100.42481, 15.37848], [100.42474, 15.38253], [100.42205, 15.38279], [100.41894, 15.38249], [100.41702, 15.38208], [100.41557, 15.38127], [100.41337, 15.37952], [100.41344, 15.37582], [100.41175, 15.37428], [100.41183, 15.37297], [100.41115, 15.37171], [100.41066, 15.37124], [100.41005, 15.37121], [100.40921, 15.37021], [100.40819, 15.36657], [100.4076, 15.36406], [100.4079, 15.36191], [100.40738, 15.36111], [100.40725, 15.36003], [100.40684, 15.35979], [100.40718, 15.35407], [100.40709, 15.34665], [100.40686, 15.34513], [100.40594, 15.34375], [100.4063, 15.34282], [100.40739, 15.34301], [100.40782, 15.34275], [100.40812, 15.34101], [100.40864, 15.34019], [100.40983, 15.33989], [100.41001, 15.33938], [100.41084, 15.3388], [100.41121, 15.3377], [100.41238, 15.33708], [100.41308, 15.33585], [100.41455, 15.33481], [100.41499, 15.33276], [100.41371, 15.33013], [100.41223, 15.33051], [100.4118, 15.33034], [100.40911, 15.32731], [100.409, 15.32669], [100.40284, 15.32302], [100.40159, 15.32319], [100.40092, 15.32285], [100.40087, 15.32218], [100.40156, 15.32179], [100.40205, 15.321], [100.40209, 15.31997], [100.40113, 15.31946], [100.3992, 15.3191], [100.39693, 15.31635], [100.39709, 15.31524], [100.40303, 15.31376], [100.40459, 15.31307], [100.40829, 15.30809], [100.40967, 15.3067], [100.41099, 15.30666], [100.41194, 15.30724], [100.41404, 15.30746], [100.41616, 15.30827], [100.41908, 15.30738], [100.42152, 15.30486], [100.42305, 15.30438], [100.42347, 15.30337], [100.42578, 15.30127], [100.42707, 15.2957], [100.42813, 15.29403], [100.428, 15.29887], [100.42861, 15.30289], [100.42929, 15.30454], [100.43105, 15.30642], [100.43261, 15.31013], [100.43536, 15.31252], [100.43597, 15.31266], [100.43767, 15.31232], [100.44262, 15.3099], [100.44377, 15.31003], [100.44477, 15.31112], [100.44494, 15.3119], [100.44542, 15.31202], [100.44592, 15.31309], [100.44984, 15.31626], [100.45037, 15.31933], [100.45152, 15.32056], [100.45156, 15.32127], [100.45209, 15.32198], [100.45443, 15.32147], [100.45419, 15.32214], [100.45496, 15.32415], [100.45684, 15.32574], [100.45683, 15.32653], [100.45734, 15.32715], [100.45731, 15.32821], [100.4576, 15.32841], [100.45737, 15.32934], [100.45695, 15.32968], [100.45697, 15.33103], [100.45811, 15.33282], [100.45814, 15.33404], [100.45597, 15.3372], [100.4559, 15.33792], [100.45544, 15.33851], [100.45519, 15.34115], [100.45537, 15.34199], [100.4569, 15.3436], [100.45616, 15.34472], [100.45608, 15.34588], [100.45541, 15.34662], [100.45519, 15.34766], [100.45396, 15.34828], [100.45312, 15.35015], [100.45438, 15.35048], [100.45449, 15.35212], [100.45522, 15.35409], [100.45517, 15.35575], [100.45596, 15.35603], [100.45671, 15.3558], [100.458, 15.3564], [100.45827, 15.35745], [100.45909, 15.35857]]]}}, {"type": "Feature", "properties": {"code": "TH601205", "name": "พุนกยูง", "name_en": "Phu Nok Yung", "district": "ตากฟ้า", "district_en": "Tak Fa", "area_km2": 74.4}, "geometry": {"type": "Polygon", "coordinates": [[[100.48303, 15.45973], [100.47874, 15.4602], [100.47796, 15.46171], [100.47708, 15.45931], [100.47662, 15.45936], [100.47679, 15.45893], [100.47636, 15.45772], [100.47659, 15.45688], [100.47635, 15.4561], [100.47582, 15.45594], [100.47593, 15.45541], [100.473, 15.45461], [100.46912, 15.45476], [100.46833, 15.45354], [100.46746, 15.44873], [100.46537, 15.44906], [100.46415, 15.44891], [100.4639, 15.44883], [100.46378, 15.44765], [100.46125, 15.44782], [100.46037, 15.44645], [100.46106, 15.44474], [100.46176, 15.4444], [100.46191, 15.44303], [100.46147, 15.44234], [100.46095, 15.44009], [100.46013, 15.43921], [100.45937, 15.43737], [100.45893, 15.43329], [100.45781, 15.43095], [100.456, 15.43016], [100.45355, 15.42984], [100.44896, 15.42651], [100.44798, 15.42496], [100.44476, 15.42203], [100.44355, 15.42175], [100.44238, 15.42189], [100.44081, 15.42115], [100.43933, 15.42131], [100.43746, 15.42269], [100.43559, 15.42275], [100.43243, 15.42397], [100.43013, 15.42264], [100.42601, 15.42185], [100.42445, 15.4203], [100.42369, 15.42038], [100.42307, 15.41986], [100.41931, 15.42061], [100.41767, 15.4202], [100.41695, 15.4215], [100.41702, 15.42237], [100.41604, 15.42252], [100.41575, 15.42223], [100.41546, 15.42154], [100.41584, 15.41988], [100.41541, 15.419], [100.41522, 15.41741], [100.41554, 15.41675], [100.41638, 15.41626], [100.41639, 15.41589], [100.41692, 15.41601], [100.41728, 15.41517], [100.41677, 15.4145], [100.41732, 15.41368], [100.41704, 15.4127], [100.41765, 15.41209], [100.41757, 15.41118], [100.41726, 15.4109], [100.41784, 15.41002], [100.4174, 15.40853], [100.41792, 15.40662], [100.41778, 15.40431], [100.41838, 15.40331], [100.41862, 15.3997], [100.41909, 15.39925], [100.41896, 15.39837], [100.41971, 15.39751], [100.41984, 15.39684], [100.42055, 15.39669], [100.42112, 15.39535], [100.42176, 15.39514], [100.42208, 15.39467], [100.42195, 15.3936], [100.42276, 15.39112], [100.42076, 15.38273], [100.42474, 15.38253], [100.42481, 15.37848], [100.42417, 15.37608], [100.42453, 15.37431], [100.42392, 15.37355], [100.42295, 15.36962], [100.42382, 15.36813], [100.42323, 15.36542], [100.42349, 15.36416], [100.42326, 15.3636], [100.4223, 15.36349], [100.42261, 15.36301], [100.42247, 15.36233], [100.42342, 15.36255], [100.42349, 15.36316], [100.42438, 15.36315], [100.42522, 15.36391], [100.42663, 15.36384], [100.42715, 15.36429], [100.42749, 15.36545], [100.42798, 15.36567], [100.42787, 15.36623], [100.42866, 15.36616], [100.42893, 15.36682], [100.42932, 15.36691], [100.4291, 15.36824], [100.42974, 15.3689], [100.43084, 15.3687], [100.4313, 15.36938], [100.43167, 15.36929], [100.43187, 15.37048], [100.43949, 15.37058], [100.44454, 15.37043], [100.45006, 15.36217], [100.45418, 15.35868], [100.47092, 15.35866], [100.47107, 15.35981], [100.4736, 15.35991], [100.4737, 15.36113], [100.47594, 15.36105], [100.47609, 15.3599], [100.47724, 15.35985], [100.47732, 15.3586], [100.49729, 15.35876], [100.49926, 15.35985], [100.49924, 15.36013], [100.50273, 15.36152], [100.50382, 15.36247], [100.50392, 15.36302], [100.50337, 15.36328], [100.50343, 15.36426], [100.50452, 15.36713], [100.50545, 15.36728], [100.50584, 15.36771], [100.50566, 15.3697], [100.50636, 15.37011], [100.50676, 15.37158], [100.50574, 15.37264], [100.50636, 15.37352], [100.5059, 15.37476], [100.50404, 15.37542], [100.50395, 15.37593], [100.50285, 15.37709], [100.50269, 15.37796], [100.50304, 15.38034], [100.50358, 15.38144], [100.50305, 15.38391], [100.50066, 15.38687], [100.50046, 15.38898], [100.4979, 15.39211], [100.4973, 15.39379], [100.49613, 15.39496], [100.4966, 15.39994], [100.50555, 15.39965], [100.50823, 15.40428], [100.51062, 15.40678], [100.50829, 15.40737], [100.50771, 15.40802], [100.50734, 15.40951], [100.50514, 15.41095], [100.50468, 15.41233], [100.5039, 15.41285], [100.50378, 15.41366], [100.50428, 15.41454], [100.50335, 15.41615], [100.50396, 15.41644], [100.50371, 15.41806], [100.50462, 15.41952], [100.50486, 15.42094], [100.50372, 15.42291], [100.50255, 15.42342], [100.50225, 15.42386], [100.50238, 15.42652], [100.50297, 15.4278], [100.50185, 15.42804], [100.50158, 15.42862], [100.50181, 15.42937], [100.50141, 15.42959], [100.50186, 15.43018], [100.50142, 15.43045], [100.5013, 15.43114], [100.50172, 15.4319], [100.5012, 15.43253], [100.50125, 15.43473], [100.50063, 15.43553], [100.50118, 15.43621], [100.50122, 15.4372], [100.50081, 15.43782], [100.50145, 15.43992], [100.4996, 15.44224], [100.49893, 15.44181], [100.49818, 15.44216], [100.49695, 15.4421], [100.4968, 15.44254], [100.49551, 15.44326], [100.49405, 15.44323], [100.49352, 15.44416], [100.49265, 15.44434], [100.49266, 15.44518], [100.49306, 15.4452], [100.49286, 15.44737], [100.49245, 15.4475], [100.49224, 15.44829], [100.49158, 15.44793], [100.49107, 15.44837], [100.49053, 15.44805], [100.48968, 15.44817], [100.48937, 15.44864], [100.48981, 15.44912], [100.48951, 15.44933], [100.48975, 15.44989], [100.48886, 15.45066], [100.48897, 15.451], [100.48797, 15.45157], [100.48761, 15.45135], [100.48707, 15.45161], [100.48723, 15.45212], [100.48686, 15.4522], [100.48697, 15.45294], [100.48663, 15.4533], [100.48704, 15.45341], [100.48722, 15.45403], [100.48661, 15.45454], [100.48746, 15.45454], [100.48705, 15.45518], [100.4877, 15.45578], [100.48696, 15.45661], [100.48784, 15.45698], [100.48829, 15.45685], [100.48865, 15.45754], [100.48826, 15.45764], [100.48821, 15.458], [100.48418, 15.45875], [100.48405, 15.4594], [100.48303, 15.45973]]]}}, {"type": "Feature", "properties": {"code": "TH601206", "name": "อุดมธัญญา", "name_en": "Udom Thanya", "district": "ตากฟ้า", "district_en": "Tak Fa", "area_km2": 147.1}, "geometry": {"type": "Polygon", "coordinates": [[[100.41001, 15.5383], [100.40966, 15.53705], [100.40524, 15.5314], [100.40259, 15.52541], [100.40243, 15.523], [100.4008, 15.52299], [100.40061, 15.52059], [100.39879, 15.52041], [100.39875, 15.51942], [100.39557, 15.51661], [100.39139, 15.51372], [100.38747, 15.51289], [100.38282, 15.51034], [100.38158, 15.50896], [100.38001, 15.50435], [100.379, 15.50346], [100.3762, 15.50274], [100.37601, 15.49984], [100.37675, 15.49759], [100.37444, 15.49673], [100.37063, 15.49698], [100.36883, 15.49415], [100.36567, 15.49133], [100.36436, 15.48965], [100.36304, 15.48869], [100.36003, 15.48552], [100.3582, 15.48488], [100.35737, 15.48395], [100.35585, 15.48203], [100.35121, 15.47437], [100.34836, 15.47105], [100.34713, 15.4684], [100.34519, 15.46967], [100.34359, 15.46508], [100.34192, 15.46535], [100.34128, 15.46355], [100.33671, 15.46466], [100.33627, 15.46218], [100.33559, 15.46236], [100.33415, 15.45993], [100.3317, 15.46024], [100.33056, 15.45982], [100.3289, 15.45855], [100.32772, 15.45823], [100.32741, 15.4542], [100.3301, 15.45112], [100.33186, 15.45027], [100.33442, 15.44791], [100.33626, 15.44933], [100.33746, 15.44688], [100.34058, 15.44662], [100.34144, 15.44703], [100.34335, 15.44631], [100.34636, 15.44597], [100.3483, 15.44503], [100.34975, 15.4449], [100.35022, 15.44313], [100.34993, 15.44227], [100.35073, 15.43946], [100.35151, 15.43902], [100.35172, 15.43852], [100.35023, 15.43545], [100.35017, 15.43441], [100.34963, 15.43382], [100.35213, 15.43385], [100.35332, 15.43422], [100.3561, 15.43347], [100.35666, 15.43419], [100.36083, 15.43228], [100.36191, 15.43256], [100.36447, 15.43149], [100.36552, 15.43172], [100.36718, 15.42997], [100.36743, 15.42926], [100.36968, 15.42863], [100.37243, 15.42683], [100.37394, 15.42683], [100.37782, 15.42363], [100.37886, 15.42314], [100.38128, 15.42331], [100.38237, 15.4224], [100.38425, 15.4227], [100.38516, 15.42365], [100.38959, 15.42335], [100.39021, 15.42432], [100.39134, 15.42411], [100.39382, 15.42289], [100.39466, 15.42283], [100.3968, 15.42295], [100.40089, 15.42379], [100.40357, 15.42315], [100.407, 15.42171], [100.40868, 15.42133], [100.41286, 15.42117], [100.41389, 15.42174], [100.41546, 15.42154], [100.41595, 15.42248], [100.41697, 15.42241], [100.41716, 15.42184], [100.41695, 15.4215], [100.41759, 15.42023], [100.41879, 15.42028], [100.41931, 15.42061], [100.42307, 15.41986], [100.42369, 15.42038], [100.42445, 15.4203], [100.42601, 15.42185], [100.43013, 15.42264], [100.43243, 15.42397], [100.43559, 15.42275], [100.43746, 15.42269], [100.43933, 15.42131], [100.44081, 15.42115], [100.44238, 15.42189], [100.44355, 15.42175], [100.44476, 15.42203], [100.44798, 15.42496], [100.44896, 15.42651], [100.45355, 15.42984], [100.456, 15.43016], [100.45781, 15.43095], [100.45893, 15.43329], [100.45937, 15.43737], [100.46013, 15.43921], [100.46095, 15.44009], [100.46194, 15.44319], [100.46176, 15.4444], [100.46106, 15.44474], [100.46038, 15.44661], [100.46125, 15.44782], [100.46384, 15.44768], [100.46392, 15.44887], [100.46537, 15.44906], [100.46746, 15.44873], [100.46833, 15.45354], [100.46908, 15.45473], [100.473, 15.45461], [100.47593, 15.45541], [100.47582, 15.45594], [100.47635, 15.4561], [100.47659, 15.45688], [100.47636, 15.45772], [100.47679, 15.45893], [100.47662, 15.45936], [100.47708, 15.45931], [100.47796, 15.46171], [100.4789, 15.4601], [100.48303, 15.45973], [100.48405, 15.4594], [100.48418, 15.45875], [100.48792, 15.45816], [100.48782, 15.45939], [100.4868, 15.4594], [100.48599, 15.45992], [100.48539, 15.45982], [100.48446, 15.46068], [100.48376, 15.46067], [100.4827, 15.46125], [100.48275, 15.46219], [100.48221, 15.46317], [100.48317, 15.46352], [100.48374, 15.46427], [100.48363, 15.46466], [100.48301, 15.46465], [100.48254, 15.46509], [100.48234, 15.4659], [100.48265, 15.46607], [100.48181, 15.46692], [100.48214, 15.46786], [100.48268, 15.46832], [100.48222, 15.46884], [100.48205, 15.47005], [100.48161, 15.47013], [100.48157, 15.4707], [100.48103, 15.47091], [100.4817, 15.47159], [100.48182, 15.47464], [100.48173, 15.47559], [100.48122, 15.47597], [100.48086, 15.47717], [100.48147, 15.47839], [100.48071, 15.47861], [100.4806, 15.47893], [100.48086, 15.47966], [100.48309, 15.48191], [100.48307, 15.4823], [100.48242, 15.48244], [100.48255, 15.48349], [100.48302, 15.48441], [100.48414, 15.48526], [100.48406, 15.48596], [100.4846, 15.48676], [100.48611, 15.48782], [100.48743, 15.48738], [100.48841, 15.4878], [100.48844, 15.48909], [100.48903, 15.48954], [100.48982, 15.48957], [100.49037, 15.49015], [100.48978, 15.49066], [100.48997, 15.49179], [100.49187, 15.49131], [100.49328, 15.49147], [100.49487, 15.49271], [100.49699, 15.49557], [100.49709, 15.49633], [100.4967, 15.49735], [100.49743, 15.49833], [100.49706, 15.49926], [100.49718, 15.50014], [100.49664, 15.5003], [100.49636, 15.50094], [100.4958, 15.50563], [100.49395, 15.50775], [100.48695, 15.51259], [100.47948, 15.51518], [100.47769, 15.5162], [100.4753, 15.51816], [100.4745, 15.51959], [100.47441, 15.52797], [100.47232, 15.53336], [100.47108, 15.5351], [100.46922, 15.5353], [100.46442, 15.53411], [100.4571, 15.53127], [100.45361, 15.53029], [100.44888, 15.53017], [100.44836, 15.52978], [100.43873, 15.52971], [100.4372, 15.52756], [100.43589, 15.52857], [100.43416, 15.52828], [100.43172, 15.5284], [100.43058, 15.52801], [100.42822, 15.52964], [100.42641, 15.52919], [100.42411, 15.53086], [100.42439, 15.53132], [100.4242, 15.53275], [100.42346, 15.53386], [100.42243, 15.53384], [100.42198, 15.53429], [100.42133, 15.53636], [100.42003, 15.53632], [100.41939, 15.53713], [100.41869, 15.53737], [100.41754, 15.53734], [100.41701, 15.53686], [100.41589, 15.53763], [100.41001, 15.5383]]]}}, {"type": "Feature", "properties": {"code": "TH601207", "name": "เขาชายธง", "name_en": "Khao Chai Thong", "district": "ตากฟ้า", "district_en": "Tak Fa", "area_km2": 42.8}, "geometry": {"type": "Polygon", "coordinates": [[[100.45443, 15.32147], [100.45212, 15.32201], [100.4516, 15.32137], [100.45152, 15.32056], [100.45037, 15.31933], [100.44984, 15.31626], [100.44592, 15.31309], [100.44542, 15.31202], [100.44494, 15.3119], [100.44477, 15.31112], [100.44377, 15.31003], [100.44262, 15.3099], [100.43767, 15.31232], [100.43597, 15.31266], [100.43536, 15.31252], [100.43261, 15.31013], [100.43105, 15.30642], [100.42929, 15.30454], [100.42861, 15.30289], [100.428, 15.29887], [100.42813, 15.29403], [100.42677, 15.29389], [100.42547, 15.29226], [100.42257, 15.28989], [100.42169, 15.28648], [100.42043, 15.27494], [100.42074, 15.27216], [100.42071, 15.26683], [100.42023, 15.26408], [100.41988, 15.26389], [100.4203, 15.26263], [100.41693, 15.25836], [100.41578, 15.25739], [100.41703, 15.25566], [100.41905, 15.25454], [100.42102, 15.25202], [100.42119, 15.24647], [100.42288, 15.24507], [100.42324, 15.24441], [100.42308, 15.24348], [100.42239, 15.24247], [100.42331, 15.24102], [100.42357, 15.23972], [100.42338, 15.23861], [100.42643, 15.23804], [100.42914, 15.23856], [100.42935, 15.23983], [100.43302, 15.23964], [100.43682, 15.24061], [100.4391, 15.24046], [100.4402, 15.24103], [100.4437, 15.24001], [100.44409, 15.24031], [100.44726, 15.23858], [100.44793, 15.23901], [100.44779, 15.23959], [100.44877, 15.24018], [100.44878, 15.24103], [100.44934, 15.24171], [100.44935, 15.24315], [100.44981, 15.24474], [100.44966, 15.24627], [100.45097, 15.24677], [100.45265, 15.24665], [100.45439, 15.24694], [100.45507, 15.24871], [100.45654, 15.25036], [100.45665, 15.25155], [100.45599, 15.25199], [100.45643, 15.25337], [100.45581, 15.25375], [100.45687, 15.25514], [100.45888, 15.25534], [100.4607, 15.25617], [100.46353, 15.25639], [100.46661, 15.25952], [100.46758, 15.26123], [100.46931, 15.25723], [100.47985, 15.25919], [100.47807, 15.26234], [100.47853, 15.26461], [100.47627, 15.26506], [100.477, 15.26795], [100.47755, 15.2723], [100.4781, 15.27403], [100.47872, 15.27488], [100.47807, 15.27538], [100.47868, 15.27661], [100.47902, 15.27889], [100.47789, 15.27978], [100.47717, 15.28238], [100.47792, 15.28539], [100.47875, 15.28718], [100.47867, 15.28771], [100.47767, 15.28863], [100.47756, 15.28929], [100.47887, 15.29123], [100.47895, 15.2919], [100.47686, 15.29539], [100.47679, 15.29613], [100.47716, 15.29742], [100.4815, 15.30312], [100.48178, 15.30473], [100.48079, 15.30471], [100.48061, 15.30505], [100.47992, 15.30517], [100.47959, 15.30495], [100.47939, 15.30539], [100.47871, 15.3056], [100.47849, 15.30525], [100.47807, 15.30528], [100.47607, 15.30627], [100.47535, 15.3072], [100.47387, 15.30746], [100.47381, 15.30793], [100.473, 15.30836], [100.47292, 15.30875], [100.47203, 15.30865], [100.47184, 15.30963], [100.47124, 15.31039], [100.46997, 15.31051], [100.4696, 15.31025], [100.4683, 15.31122], [100.46795, 15.31108], [100.46612, 15.31364], [100.4637, 15.31403], [100.46251, 15.31593], [100.46179, 15.31579], [100.46119, 15.31671], [100.45984, 15.31648], [100.45943, 15.31717], [100.45877, 15.31714], [100.45654, 15.32015], [100.45567, 15.32037], [100.45443, 15.32147]]]}}, {"type": "Feature", "properties": {"code": "TH601301", "name": "แม่วงก์", "name_en": "Mae Wong", "district": "แม่วงก์", "district_en": "Mae Wong", "area_km2": 125.3}, "geometry": {"type": "Polygon", "coordinates": [[[99.63436, 15.78456], [99.62821, 15.78659], [99.62977, 15.78988], [99.62681, 15.7919], [99.61967, 15.79526], [99.62075, 15.7985], [99.61951, 15.79907], [99.62051, 15.80188], [99.62003, 15.80223], [99.62003, 15.80387], [99.61946, 15.80258], [99.61929, 15.80334], [99.61858, 15.8036], [99.61866, 15.80413], [99.61789, 15.80438], [99.6183, 15.80476], [99.61775, 15.80525], [99.61812, 15.80581], [99.6175, 15.80559], [99.61667, 15.80443], [99.61594, 15.80442], [99.61507, 15.80504], [99.61439, 15.80493], [99.61404, 15.80518], [99.6132, 15.8045], [99.61283, 15.80473], [99.613, 15.80515], [99.61253, 15.80546], [99.61258, 15.80602], [99.61166, 15.80625], [99.61063, 15.80769], [99.61071, 15.808], [99.61132, 15.80816], [99.61092, 15.809], [99.61028, 15.80884], [99.61034, 15.80946], [99.61083, 15.80947], [99.61095, 15.81064], [99.61032, 15.8103], [99.61036, 15.81066], [99.60989, 15.81062], [99.60992, 15.81128], [99.609, 15.81177], [99.60868, 15.8114], [99.60821, 15.81175], [99.60845, 15.81247], [99.60886, 15.81264], [99.60854, 15.81297], [99.60817, 15.81233], [99.60755, 15.81249], [99.60818, 15.8131], [99.60758, 15.81291], [99.60731, 15.81364], [99.6077, 15.81343], [99.60776, 15.81395], [99.60701, 15.81444], [99.60743, 15.81494], [99.60683, 15.81492], [99.60671, 15.81592], [99.60721, 15.81602], [99.60689, 15.81617], [99.60702, 15.8166], [99.60674, 15.81685], [99.6056, 15.81682], [99.60579, 15.81719], [99.60542, 15.81742], [99.60565, 15.81816], [99.60543, 15.81778], [99.60428, 15.81822], [99.60405, 15.81782], [99.60332, 15.81784], [99.60323, 15.81861], [99.60389, 15.81864], [99.60366, 15.81947], [99.60211, 15.81967], [99.60206, 15.8189], [99.60106, 15.81974], [99.60038, 15.81972], [99.59966, 15.81907], [99.59929, 15.81961], [99.59751, 15.81958], [99.59663, 15.82032], [99.59487, 15.8191], [99.59421, 15.81945], [99.59463, 15.81997], [99.59363, 15.82009], [99.59335, 15.8191], [99.59296, 15.81901], [99.59292, 15.81863], [99.59231, 15.81873], [99.59201, 15.81806], [99.5915, 15.8178], [99.5914, 15.81721], [99.59108, 15.81747], [99.59104, 15.81714], [99.59018, 15.81726], [99.5894, 15.81686], [99.58919, 15.81631], [99.58799, 15.81589], [99.58751, 15.81603], [99.58707, 15.81559], [99.58556, 15.8157], [99.58491, 15.81676], [99.58476, 15.81646], [99.58414, 15.81654], [99.58375, 15.8156], [99.58362, 15.81598], [99.58297, 15.81602], [99.58354, 15.81662], [99.5827, 15.81647], [99.58251, 15.81677], [99.58215, 15.81653], [99.58226, 15.81711], [99.58199, 15.81746], [99.58179, 15.81693], [99.58141, 15.81726], [99.58114, 15.81651], [99.58066, 15.81634], [99.58013, 15.81712], [99.5794, 15.81732], [99.57879, 15.8178], [99.57864, 15.8184], [99.57749, 15.81908], [99.57777, 15.81927], [99.57777, 15.82006], [99.57678, 15.82005], [99.57704, 15.82143], [99.57675, 15.82211], [99.57618, 15.82223], [99.57557, 15.82159], [99.57526, 15.82226], [99.57514, 15.8216], [99.57483, 15.82199], [99.57436, 15.82178], [99.5738, 15.82265], [99.57319, 15.82273], [99.57202, 15.82197], [99.57181, 15.82229], [99.5711, 15.8224], [99.5707, 15.82203], [99.5708, 15.82251], [99.57039, 15.82241], [99.57029, 15.82286], [99.56945, 15.82279], [99.56986, 15.8234], [99.5693, 15.82315], [99.56938, 15.8236], [99.56871, 15.82351], [99.56889, 15.82393], [99.56848, 15.82385], [99.56852, 15.82451], [99.56817, 15.82484], [99.56791, 15.82433], [99.56736, 15.8243], [99.56775, 15.82459], [99.56717, 15.82526], [99.56777, 15.82523], [99.56681, 15.82615], [99.5669, 15.8268], [99.56564, 15.82691], [99.56575, 15.82625], [99.56516, 15.82601], [99.56458, 15.82651], [99.56385, 15.82614], [99.56355, 15.82633], [99.56393, 15.82669], [99.56276, 15.82751], [99.56234, 15.827], [99.56204, 15.82733], [99.5615, 15.82726], [99.56182, 15.82756], [99.56134, 15.82807], [99.5611, 15.82799], [99.56111, 15.82741], [99.56064, 15.82719], [99.56052, 15.82776], [99.55973, 15.82823], [99.55933, 15.82917], [99.55849, 15.8295], [99.55859, 15.82984], [99.55812, 15.82981], [99.55804, 15.83023], [99.55754, 15.83018], [99.55745, 15.83061], [99.5567, 15.83021], [99.5566, 15.83063], [99.55626, 15.83063], [99.55629, 15.82998], [99.55531, 15.8302], [99.55569, 15.83218], [99.55535, 15.8323], [99.55493, 15.83197], [99.555, 15.83246], [99.55434, 15.83297], [99.55395, 15.83257], [99.55382, 15.83311], [99.55318, 15.83319], [99.55345, 15.83377], [99.55216, 15.833], [99.55199, 15.83392], [99.55103, 15.83371], [99.55153, 15.83427], [99.55137, 15.83448], [99.55065, 15.83431], [99.55071, 15.83388], [99.55007, 15.83326], [99.55018, 15.83371], [99.54975, 15.83383], [99.54954, 15.83434], [99.54894, 15.83412], [99.54895, 15.83466], [99.54784, 15.83417], [99.54742, 15.83333], [99.54662, 15.83307], [99.54614, 15.83232], [99.54558, 15.8324], [99.54556, 15.83136], [99.54467, 15.83042], [99.54416, 15.83029], [99.54465, 15.82906], [99.54364, 15.82883], [99.54348, 15.8292], [99.5416, 15.82869], [99.54063, 15.82785], [99.54032, 15.82698], [99.53975, 15.82686], [99.53981, 15.82597], [99.53804, 15.8256], [99.53725, 15.82417], [99.53754, 15.82391], [99.53466, 15.82153], [99.53481, 15.82106], [99.53393, 15.82074], [99.53426, 15.82049], [99.53388, 15.82047], [99.53392, 15.82013], [99.53271, 15.82024], [99.53278, 15.81975], [99.5318, 15.81954], [99.53191, 15.82006], [99.53108, 15.81998], [99.53069, 15.81929], [99.53093, 15.81862], [99.52998, 15.81785], [99.53036, 15.81741], [99.53012, 15.81716], [99.53092, 15.81628], [99.53078, 15.81597], [99.53146, 15.81469], [99.53129, 15.81368], [99.5317, 15.81352], [99.53143, 15.8132], [99.53174, 15.81298], [99.53085, 15.81231], [99.53006, 15.81108], [99.52964, 15.81097], [99.52998, 15.81077], [99.5297, 15.80979], [99.53014, 15.80894], [99.53053, 15.80892], [99.53024, 15.80863], [99.53049, 15.8085], [99.53031, 15.80814], [99.53084, 15.80764], [99.53024, 15.80698], [99.52971, 15.80537], [99.52768, 15.80392], [99.5277, 15.80362], [99.52718, 15.80359], [99.52686, 15.80286], [99.52638, 15.80298], [99.52591, 15.80189], [99.52561, 15.80203], [99.5254, 15.80162], [99.52479, 15.80173], [99.52401, 15.8014], [99.52307, 15.80175], [99.52268, 15.80139], [99.52151, 15.80121], [99.52133, 15.80045], [99.52185, 15.79978], [99.52161, 15.79949], [99.52066, 15.79948], [99.51924, 15.79716], [99.51941, 15.79595], [99.51862, 15.79353], [99.51872, 15.79282], [99.51835, 15.79249], [99.51834, 15.79188], [99.5179, 15.79192], [99.5174, 15.79132], [99.51731, 15.79027], [99.5168, 15.78924], [99.51577, 15.78848], [99.5139, 15.78829], [99.51307, 15.78789], [99.51249, 15.78675], [99.51094, 15.78589], [99.50406, 15.78665], [99.50137, 15.7866], [99.49931, 15.78337], [99.49709, 15.77674], [99.49622, 15.77541], [99.4938, 15.77324], [99.4912, 15.7723], [99.48654, 15.77218], [99.4844, 15.77152], [99.48383, 15.77107], [99.4832, 15.76965], [99.48181, 15.76638], [99.48201, 15.76592], [99.48178, 15.76553], [99.48215, 15.76538], [99.48294, 15.76637], [99.48366, 15.7666], [99.48492, 15.76649], [99.48606, 15.76549], [99.48693, 15.76551], [99.48865, 15.76629], [99.49199, 15.76633], [99.49644, 15.76749], [99.4994, 15.76761], [99.50085, 15.76736], [99.50317, 15.76631], [99.50721, 15.76408], [99.50726, 15.76197], [99.5061, 15.7561], [99.50507, 15.75433], [99.50534, 15.74994], [99.50487, 15.74724], [99.50416, 15.74608], [99.50425, 15.74532], [99.50634, 15.74181], [99.50715, 15.74121], [99.51084, 15.74079], [99.51187, 15.73917], [99.51398, 15.73828], [99.51438, 15.7373], [99.51431, 15.7361], [99.51398, 15.73521], [99.51333, 15.73457], [99.51496, 15.73431], [99.51577, 15.7347], [99.51596, 15.73428], [99.51659, 15.73426], [99.51871, 15.73576], [99.51998, 15.73534], [99.52007, 15.73605], [99.52061, 15.73619], [99.52115, 15.73776], [99.52167, 15.73801], [99.52318, 15.73769], [99.52384, 15.73808], [99.5247, 15.73776], [99.52477, 15.73715], [99.52605, 15.73725], [99.52643, 15.73687], [99.52721, 15.73686], [99.52716, 15.73657], [99.52764, 15.73632], [99.52922, 15.73654], [99.53021, 15.73731], [99.53244, 15.73633], [99.53338, 15.73649], [99.53354, 15.73695], [99.53445, 15.73693], [99.53621, 15.736], [99.53699, 15.73626], [99.53762, 15.73588], [99.53835, 15.73604], [99.53947, 15.73497], [99.5412, 15.7368], [99.54255, 15.73605], [99.5434, 15.73645], [99.54426, 15.73617], [99.54516, 15.73669], [99.54629, 15.73656], [99.54694, 15.73691], [99.54736, 15.73762], [99.54923, 15.73717], [99.54926, 15.73786], [99.55012, 15.73821], [99.54997, 15.73846], [99.55067, 15.73829], [99.5506, 15.73859], [99.55153, 15.73916], [99.55145, 15.73956], [99.55193, 15.73939], [99.55273, 15.74003], [99.5535, 15.73964], [99.55364, 15.73922], [99.5542, 15.73913], [99.55422, 15.73941], [99.55484, 15.73918], [99.55462, 15.73874], [99.55566, 15.73894], [99.55603, 15.73847], [99.5563, 15.73917], [99.557, 15.73938], [99.55721, 15.73898], [99.55771, 15.73932], [99.55845, 15.73899], [99.56092, 15.7391], [99.56144, 15.74039], [99.56127, 15.74067], [99.56233, 15.74124], [99.56251, 15.74094], [99.56271, 15.74128], [99.56343, 15.7413], [99.56308, 15.74093], [99.56358, 15.74079], [99.56369, 15.74038], [99.56394, 15.74061], [99.564, 15.73951], [99.56438, 15.73957], [99.56416, 15.73882], [99.56494, 15.73896], [99.56575, 15.73848], [99.5657, 15.7381], [99.56624, 15.73737], [99.56612, 15.73693], [99.56647, 15.73668], [99.56616, 15.73617], [99.56684, 15.73649], [99.5671, 15.73621], [99.5668, 15.73583], [99.56841, 15.73544], [99.56868, 15.73592], [99.56984, 15.73547], [99.57347, 15.73641], [99.57336, 15.73684], [99.57452, 15.73681], [99.57649, 15.7343], [99.57667, 15.73481], [99.57743, 15.73506], [99.57788, 15.73469], [99.57856, 15.7354], [99.57907, 15.7353], [99.57911, 15.73425], [99.57999, 15.73488], [99.58042, 15.73462], [99.58051, 15.73517], [99.58174, 15.73444], [99.58184, 15.73499], [99.58285, 15.73459], [99.58304, 15.7353], [99.58385, 15.73544], [99.58519, 15.73528], [99.58559, 15.73483], [99.586, 15.735], [99.58594, 15.73554], [99.58682, 15.73535], [99.58786, 15.73592], [99.58835, 15.73499], [99.58922, 15.73477], [99.59006, 15.73503], [99.59046, 15.73388], [99.59104, 15.73396], [99.59143, 15.73456], [99.5917, 15.73397], [99.59227, 15.73431], [99.59247, 15.7339], [99.59324, 15.73455], [99.59391, 15.73412], [99.595, 15.73457], [99.59572, 15.73438], [99.59556, 15.73412], [99.5962, 15.73289], [99.59682, 15.73281], [99.59707, 15.73225], [99.59782, 15.73225], [99.59741, 15.73185], [99.59806, 15.73174], [99.59779, 15.73154], [99.59815, 15.73103], [99.59864, 15.73123], [99.59892, 15.73037], [99.6001, 15.73005], [99.60026, 15.73029], [99.60128, 15.72928], [99.6009, 15.72833], [99.60143, 15.7281], [99.60132, 15.72748], [99.60268, 15.72673], [99.6025, 15.72639], [99.60309, 15.72652], [99.60395, 15.72609], [99.60418, 15.72668], [99.60441, 15.72573], [99.60474, 15.72581], [99.60532, 15.72512], [99.60651, 15.72543], [99.607, 15.72514], [99.60719, 15.72491], [99.60675, 15.72443], [99.60746, 15.72391], [99.60774, 15.72425], [99.6078, 15.7234], [99.60831, 15.72307], [99.60815, 15.72247], [99.60867, 15.72292], [99.6086, 15.72252], [99.60933, 15.72244], [99.60969, 15.72182], [99.61052, 15.7221], [99.61119, 15.72183], [99.61184, 15.72201], [99.61213, 15.72148], [99.61261, 15.72145], [99.6127, 15.72063], [99.61214, 15.72096], [99.61247, 15.7202], [99.61345, 15.72036], [99.61383, 15.72013], [99.6136, 15.7195], [99.61308, 15.71959], [99.61365, 15.71858], [99.61315, 15.71858], [99.61356, 15.71802], [99.61308, 15.71772], [99.61351, 15.71753], [99.6137, 15.71665], [99.61412, 15.71688], [99.61555, 15.71658], [99.61609, 15.71633], [99.61602, 15.71556], [99.61796, 15.71549], [99.61916, 15.71512], [99.62186, 15.72151], [99.63761, 15.7321], [99.64047, 15.73334], [99.64205, 15.73807], [99.64228, 15.74126], [99.64173, 15.74314], [99.64203, 15.74554], [99.64198, 15.74895], [99.63954, 15.75138], [99.63874, 15.751], [99.63573, 15.75365], [99.63386, 15.75473], [99.63575, 15.76028], [99.63549, 15.76348], [99.63395, 15.76297], [99.63289, 15.76599], [99.62984, 15.77249], [99.63212, 15.77352], [99.6312, 15.77668], [99.63212, 15.77749], [99.63436, 15.78456]]]}}, {"type": "Feature", "properties": {"code": "TH601303", "name": "แม่เล่ย์", "name_en": "Mae Le", "district": "แม่วงก์", "district_en": "Mae Wong", "area_km2": 635.1}, "geometry": {"type": "Polygon", "coordinates": [[[99.21262, 15.94409], [99.21197, 15.94467], [99.21027, 15.94832], [99.20866, 15.94835], [99.20697, 15.9469], [99.20463, 15.94294], [99.20497, 15.93689], [99.20428, 15.93628], [99.20362, 15.93622], [99.20287, 15.93668], [99.20226, 15.93836], [99.20046, 15.93905], [99.19906, 15.94], [99.1973, 15.94329], [99.19452, 15.94534], [99.19405, 15.94536], [99.19302, 15.94419], [99.19255, 15.94287], [99.19296, 15.94246], [99.1946, 15.94234], [99.19559, 15.94062], [99.19553, 15.93961], [99.19452, 15.93774], [99.1931, 15.93793], [99.19195, 15.93759], [99.1917, 15.93688], [99.19226, 15.93476], [99.19164, 15.932], [99.18771, 15.93006], [99.18609, 15.92829], [99.18493, 15.92847], [99.1815, 15.93094], [99.17961, 15.93335], [99.17577, 15.93395], [99.17425, 15.93685], [99.17313, 15.93732], [99.17242, 15.93725], [99.17186, 15.93575], [99.17201, 15.935], [99.17357, 15.93271], [99.17328, 15.93065], [99.17372, 15.92825], [99.1715, 15.9282], [99.16818, 15.92728], [99.1666, 15.92676], [99.1652, 15.92573], [99.16417, 15.92615], [99.16369, 15.92563], [99.16408, 15.92451], [99.16374, 15.92394], [99.16313, 15.92373], [99.16233, 15.92454], [99.16166, 15.92459], [99.16032, 15.92345], [99.15935, 15.92309], [99.15869, 15.92179], [99.15747, 15.92123], [99.15655, 15.91985], [99.1541, 15.92015], [99.15337, 15.91994], [99.15344, 15.91842], [99.15441, 15.91661], [99.15355, 15.91586], [99.15311, 15.91387], [99.15137, 15.91276], [99.15041, 15.91253], [99.14913, 15.91076], [99.14899, 15.90971], [99.1469, 15.9088], [99.14584, 15.90778], [99.14468, 15.90748], [99.14375, 15.90794], [99.14122, 15.90698], [99.13975, 15.90562], [99.13759, 15.90559], [99.13568, 15.90758], [99.13286, 15.90864], [99.13175, 15.90858], [99.13043, 15.90905], [99.1303, 15.91005], [99.13088, 15.91066], [99.13011, 15.91086], [99.13028, 15.91171], [99.12942, 15.91216], [99.1285, 15.91206], [99.12764, 15.91166], [99.12724, 15.91098], [99.12599, 15.91042], [99.12216, 15.90662], [99.12046, 15.9045], [99.11518, 15.89992], [99.10837, 15.89631], [99.10712, 15.89534], [99.10575, 15.89356], [99.1055, 15.89182], [99.10488, 15.89092], [99.09992, 15.8892], [99.09799, 15.88579], [99.09644, 15.88485], [99.09549, 15.88263], [99.09449, 15.88231], [99.09249, 15.8829], [99.08944, 15.88554], [99.08612, 15.8845], [99.08774, 15.88312], [99.08785, 15.88035], [99.08818, 15.87957], [99.09179, 15.87712], [99.09494, 15.87555], [99.09557, 15.87477], [99.09639, 15.87242], [99.09746, 15.87138], [99.09745, 15.87091], [99.09654, 15.86998], [99.09615, 15.86618], [99.09438, 15.86304], [99.09396, 15.86119], [99.09479, 15.85809], [99.09889, 15.85365], [99.09885, 15.85318], [99.09733, 15.85113], [99.09727, 15.84832], [99.0964, 15.84758], [99.09747, 15.84381], [99.09722, 15.8425], [99.09598, 15.84011], [99.09562, 15.83625], [99.09718, 15.83492], [99.09666, 15.83222], [99.09681, 15.83144], [99.09835, 15.83074], [99.0998, 15.82907], [99.10263, 15.82825], [99.10383, 15.82704], [99.10428, 15.82486], [99.10289, 15.82253], [99.1031, 15.82137], [99.10661, 15.82059], [99.10816, 15.81909], [99.11325, 15.81893], [99.11393, 15.81717], [99.11764, 15.81696], [99.11901, 15.81589], [99.12372, 15.81443], [99.12724, 15.81049], [99.1289, 15.80806], [99.1308, 15.80707], [99.13101, 15.80544], [99.13177, 15.80364], [99.13344, 15.80159], [99.1337, 15.79826], [99.13603, 15.79782], [99.13918, 15.79652], [99.14188, 15.79697], [99.14514, 15.79632], [99.14727, 15.79698], [99.14789, 15.79635], [99.14897, 15.7935], [99.1496, 15.79303], [99.15418, 15.79261], [99.15706, 15.7935], [99.15895, 15.79307], [99.1634, 15.78978], [99.16393, 15.78897], [99.16454, 15.78651], [99.1638, 15.78092], [99.16424, 15.77948], [99.16542, 15.77835], [99.16621, 15.77802], [99.16749, 15.77813], [99.17411, 15.78256], [99.17506, 15.78261], [99.17716, 15.78194], [99.17819, 15.78125], [99.18118, 15.78258], [99.18325, 15.78198], [99.18432, 15.7821], [99.18699, 15.78356], [99.18732, 15.78341], [99.18908, 15.78], [99.19019, 15.77947], [99.1953, 15.77962], [99.20093, 15.78108], [99.20345, 15.78129], [99.20978, 15.77989], [99.21916, 15.77985], [99.21969, 15.78031], [99.22166, 15.78617], [99.22148, 15.7881], [99.22346, 15.79223], [99.22385, 15.79374], [99.22408, 15.79412], [99.22511, 15.79432], [99.22626, 15.7951], [99.22702, 15.79676], [99.22803, 15.79732], [99.23067, 15.79536], [99.23448, 15.79355], [99.24076, 15.78928], [99.24878, 15.78571], [99.25044, 15.78418], [99.25209, 15.78449], [99.2535, 15.78427], [99.2544, 15.7847], [99.25542, 15.78432], [99.25624, 15.78138], [99.2569, 15.78067], [99.25741, 15.78058], [99.25934, 15.78169], [99.25997, 15.78145], [99.26109, 15.78011], [99.26153, 15.78005], [99.26215, 15.78034], [99.26249, 15.78116], [99.26329, 15.78104], [99.26398, 15.77916], [99.26548, 15.77874], [99.26605, 15.77807], [99.26628, 15.77607], [99.26551, 15.77468], [99.26563, 15.77422], [99.268, 15.774], [99.2685, 15.77249], [99.26951, 15.7718], [99.27355, 15.77089], [99.2752, 15.77008], [99.27829, 15.76959], [99.2789, 15.76893], [99.27938, 15.76725], [99.28053, 15.76581], [99.28124, 15.76522], [99.28353, 15.76489], [99.28426, 15.76447], [99.28647, 15.76122], [99.28702, 15.76096], [99.28791, 15.7611], [99.28861, 15.76266], [99.29169, 15.77862], [99.29268, 15.78137], [99.29404, 15.78369], [99.29534, 15.78409], [99.29878, 15.78392], [99.30228, 15.78516], [99.30488, 15.78535], [99.32212, 15.7821], [99.3253, 15.78116], [99.33106, 15.77869], [99.3366, 15.77722], [99.34159, 15.77543], [99.34216, 15.77496], [99.34217, 15.77389], [99.34253, 15.7735], [99.34515, 15.77366], [99.3459, 15.7734], [99.34645, 15.77272], [99.34742, 15.76957], [99.35044, 15.76683], [99.35249, 15.76587], [99.35778, 15.76518], [99.36128, 15.76287], [99.36194, 15.76192], [99.36197, 15.76091], [99.36058, 15.75841], [99.36072, 15.75517], [99.36038, 15.75239], [99.36083, 15.75174], [99.36448, 15.75022], [99.36659, 15.74969], [99.36605, 15.74749], [99.36611, 15.74605], [99.36643, 15.74556], [99.36591, 15.74254], [99.36772, 15.73803], [99.37065, 15.73778], [99.37081, 15.73719], [99.37171, 15.73659], [99.37215, 15.73665], [99.37227, 15.73712], [99.37302, 15.73708], [99.37492, 15.73602], [99.37828, 15.7351], [99.37847, 15.73474], [99.38081, 15.73399], [99.38148, 15.73411], [99.38223, 15.73286], [99.3837, 15.73327], [99.38894, 15.73204], [99.38994, 15.73236], [99.39064, 15.73206], [99.39255, 15.73224], [99.39301, 15.73192], [99.39352, 15.73252], [99.39385, 15.73237], [99.39449, 15.73103], [99.39627, 15.73037], [99.39656, 15.73067], [99.39674, 15.73299], [99.39712, 15.73339], [99.3983, 15.73415], [99.40214, 15.73481], [99.40244, 15.73538], [99.40285, 15.73549], [99.40276, 15.73593], [99.40024, 15.73713], [99.39985, 15.73763], [99.3999, 15.74065], [99.40052, 15.74202], [99.4023, 15.74233], [99.40378, 15.74394], [99.40452, 15.744], [99.40511, 15.74314], [99.40661, 15.74232], [99.4076, 15.74127], [99.40857, 15.74108], [99.40979, 15.74132], [99.41055, 15.74233], [99.4104, 15.74282], [99.41268, 15.74445], [99.41373, 15.74626], [99.41382, 15.74727], [99.41493, 15.74797], [99.41642, 15.74775], [99.41693, 15.74694], [99.41729, 15.74696], [99.41793, 15.74631], [99.4195, 15.7462], [99.42077, 15.74565], [99.42298, 15.7476], [99.42331, 15.74896], [99.42388, 15.7498], [99.42547, 15.74995], [99.42572, 15.75076], [99.42651, 15.75106], [99.42644, 15.75149], [99.4257, 15.75166], [99.42612, 15.75285], [99.42799, 15.75411], [99.42875, 15.7531], [99.42975, 15.75261], [99.4306, 15.75126], [99.43191, 15.75076], [99.43245, 15.74997], [99.43316, 15.74968], [99.43421, 15.74683], [99.43673, 15.74658], [99.43673, 15.74584], [99.43737, 15.74549], [99.4379, 15.74304], [99.43917, 15.74196], [99.4397, 15.74067], [99.44035, 15.7404], [99.44018, 15.73995], [99.44059, 15.73941], [99.44191, 15.73892], [99.44241, 15.73802], [99.44218, 15.73719], [99.44353, 15.73497], [99.44286, 15.73448], [99.44338, 15.73409], [99.44452, 15.73449], [99.44456, 15.73324], [99.44654, 15.73411], [99.44822, 15.73364], [99.44894, 15.73442], [99.45031, 15.73375], [99.45024, 15.73339], [99.44956, 15.73328], [99.44979, 15.7328], [99.45147, 15.73272], [99.45216, 15.73228], [99.45318, 15.73254], [99.45405, 15.73212], [99.45505, 15.73243], [99.4557, 15.73214], [99.45609, 15.73266], [99.45649, 15.73444], [99.45852, 15.73358], [99.45977, 15.73345], [99.46089, 15.7322], [99.46271, 15.73202], [99.46329, 15.73151], [99.46311, 15.73078], [99.46389, 15.73079], [99.46474, 15.73158], [99.46442, 15.73189], [99.46431, 15.73285], [99.46487, 15.73301], [99.46476, 15.73384], [99.46269, 15.7357], [99.4616, 15.73555], [99.45984, 15.73752], [99.4587, 15.74023], [99.44961, 15.74495], [99.44862, 15.74635], [99.44768, 15.74707], [99.44738, 15.74785], [99.44686, 15.74812], [99.44654, 15.74899], [99.44729, 15.75066], [99.44741, 15.75316], [99.44706, 15.75384], [99.44723, 15.75637], [99.44601, 15.75827], [99.44592, 15.75957], [99.44623, 15.75985], [99.44715, 15.75982], [99.44716, 15.76053], [99.44803, 15.76133], [99.4486, 15.76111], [99.44916, 15.76204], [99.44921, 15.76334], [99.45088, 15.76366], [99.4518, 15.76339], [99.45337, 15.7646], [99.4552, 15.76493], [99.45602, 15.76448], [99.45686, 15.76497], [99.45818, 15.76484], [99.46183, 15.762], [99.4632, 15.76215], [99.46374, 15.76169], [99.46556, 15.76152], [99.46634, 15.76195], [99.46807, 15.76195], [99.47078, 15.76328], [99.47285, 15.76252], [99.47343, 15.76297], [99.47346, 15.76365], [99.47448, 15.76317], [99.4749, 15.76348], [99.47671, 15.76363], [99.47755, 15.76425], [99.4781, 15.76364], [99.47857, 15.76409], [99.47926, 15.76394], [99.47941, 15.76438], [99.47991, 15.7644], [99.4798, 15.76502], [99.48181, 15.76638], [99.4838, 15.77102], [99.4844, 15.77152], [99.48654, 15.77218], [99.4912, 15.7723], [99.4938, 15.77324], [99.49622, 15.77541], [99.49709, 15.77674], [99.49931, 15.78337], [99.50137, 15.7866], [99.49993, 15.78707], [99.49802, 15.78701], [99.49666, 15.78894], [99.49437, 15.78866], [99.49136, 15.78948], [99.49117, 15.79025], [99.49144, 15.79158], [99.4904, 15.79457], [99.48777, 15.79681], [99.48564, 15.79932], [99.4831, 15.80507], [99.4798, 15.81044], [99.47871, 15.8166], [99.47486, 15.82318], [99.47502, 15.82453], [99.47596, 15.82681], [99.47478, 15.82833], [99.47469, 15.82896], [99.47617, 15.83301], [99.47465, 15.83365], [99.47333, 15.8356], [99.47402, 15.83923], [99.47386, 15.84075], [99.47291, 15.84275], [99.47106, 15.84501], [99.47001, 15.84863], [99.46853, 15.84967], [99.46661, 15.85245], [99.46656, 15.85541], [99.46489, 15.85867], [99.46527, 15.86032], [99.46382, 15.8625], [99.46395, 15.86523], [99.46459, 15.86659], [99.46343, 15.86865], [99.46325, 15.87172], [99.46187, 15.87321], [99.46178, 15.87831], [99.46107, 15.88053], [99.4607, 15.88378], [99.45769, 15.88764], [99.4569, 15.89103], [99.45316, 15.89891], [99.45095, 15.905], [99.44899, 15.90498], [99.44788, 15.90258], [99.4472, 15.90246], [99.44482, 15.90325], [99.44106, 15.90582], [99.43945, 15.90645], [99.43651, 15.9111], [99.4332, 15.91005], [99.4327, 15.90905], [99.43104, 15.90948], [99.43012, 15.91119], [99.42966, 15.91395], [99.42999, 15.91492], [99.42876, 15.91517], [99.42703, 15.91716], [99.42703, 15.91937], [99.42664, 15.91993], [99.42548, 15.92034], [99.4246, 15.92007], [99.42346, 15.91766], [99.422, 15.91772], [99.42149, 15.91725], [99.42045, 15.9146], [99.41968, 15.91444], [99.41869, 15.91527], [99.41787, 15.91508], [99.41688, 15.91293], [99.41612, 15.91235], [99.41578, 15.91125], [99.4151, 15.91051], [99.41283, 15.91088], [99.41072, 15.91016], [99.40973, 15.91037], [99.40927, 15.91094], [99.40843, 15.91124], [99.40737, 15.91053], [99.40543, 15.91126], [99.40434, 15.91057], [99.40353, 15.91124], [99.40248, 15.91341], [99.40172, 15.91396], [99.40068, 15.91429], [99.39885, 15.91389], [99.39711, 15.91452], [99.3965, 15.91432], [99.39459, 15.91461], [99.39316, 15.91547], [99.39299, 15.91605], [99.39213, 15.91656], [99.39175, 15.91722], [99.39079, 15.91692], [99.39051, 15.91626], [99.38693, 15.91627], [99.38424, 15.91706], [99.38274, 15.91709], [99.38036, 15.91656], [99.37867, 15.91665], [99.37683, 15.9151], [99.37355, 15.91542], [99.36951, 15.91782], [99.36816, 15.91925], [99.36414, 15.92099], [99.36204, 15.92302], [99.3604, 15.92355], [99.35903, 15.92559], [99.35805, 15.92598], [99.3564, 15.92585], [99.35439, 15.92506], [99.35164, 15.92457], [99.34989, 15.9231], [99.34345, 15.92004], [99.34037, 15.91721], [99.33582, 15.9143], [99.33499, 15.91255], [99.33425, 15.91175], [99.33291, 15.91142], [99.33005, 15.91149], [99.32899, 15.91177], [99.32813, 15.91252], [99.32575, 15.91611], [99.32587, 15.9168], [99.32798, 15.91967], [99.32761, 15.92066], [99.32645, 15.9219], [99.32313, 15.92429], [99.32108, 15.92707], [99.3198, 15.92747], [99.31917, 15.92691], [99.3188, 15.92506], [99.32038, 15.91966], [99.32011, 15.91777], [99.31914, 15.91685], [99.3186, 15.91676], [99.31621, 15.91737], [99.31452, 15.91848], [99.31298, 15.91904], [99.31102, 15.91855], [99.31058, 15.91788], [99.31029, 15.91603], [99.31067, 15.91077], [99.31177, 15.90845], [99.3118, 15.90733], [99.31, 15.90439], [99.30899, 15.90372], [99.30753, 15.90341], [99.30433, 15.90369], [99.30337, 15.90446], [99.30278, 15.90648], [99.30197, 15.90784], [99.29734, 15.90893], [99.2963, 15.9086], [99.29511, 15.90719], [99.29539, 15.90413], [99.29443, 15.90292], [99.29314, 15.90285], [99.29115, 15.90502], [99.28997, 15.90506], [99.28909, 15.9033], [99.2889, 15.90175], [99.29212, 15.9002], [99.29171, 15.89649], [99.29226, 15.89572], [99.29231, 15.8937], [99.29114, 15.89211], [99.28958, 15.8916], [99.28891, 15.89237], [99.28835, 15.8946], [99.28657, 15.8969], [99.28567, 15.89741], [99.28416, 15.89736], [99.28121, 15.89809], [99.27929, 15.90133], [99.27861, 15.90309], [99.27707, 15.90379], [99.27578, 15.90354], [99.27388, 15.90379], [99.27354, 15.90466], [99.27365, 15.90743], [99.27293, 15.91003], [99.27103, 15.91213], [99.26951, 15.91266], [99.26811, 15.91206], [99.26777, 15.90993], [99.26798, 15.9073], [99.26757, 15.90699], [99.26695, 15.90711], [99.26505, 15.9083], [99.26497, 15.90895], [99.26429, 15.90978], [99.26114, 15.91205], [99.26023, 15.91363], [99.25839, 15.91512], [99.2569, 15.9159], [99.25195, 15.917], [99.25125, 15.9177], [99.24853, 15.91891], [99.24617, 15.92056], [99.24252, 15.92222], [99.24021, 15.92424], [99.23882, 15.92629], [99.23428, 15.92824], [99.23253, 15.93002], [99.2319, 15.93241], [99.23126, 15.93327], [99.22552, 15.93675], [99.22393, 15.94337], [99.22275, 15.94454], [99.22112, 15.94502], [99.22074, 15.9446], [99.22065, 15.93764], [99.21944, 15.93668], [99.21696, 15.93806], [99.21353, 15.93915], [99.21393, 15.94016], [99.21648, 15.94112], [99.21707, 15.94166], [99.21766, 15.943], [99.21743, 15.94377], [99.2165, 15.94438], [99.21492, 15.94399], [99.21262, 15.94409]]]}}, {"type": "Feature", "properties": {"code": "TH601304", "name": "วังซ่าน", "name_en": "Wang San", "district": "แม่วงก์", "district_en": "Mae Wong", "area_km2": 140.7}, "geometry": {"type": "Polygon", "coordinates": [[[99.58716, 15.90651], [99.5854, 15.90671], [99.5812, 15.90333], [99.58314, 15.90307], [99.58418, 15.90244], [99.58288, 15.89937], [99.58269, 15.89805], [99.58184, 15.89767], [99.58114, 15.89373], [99.58021, 15.89413], [99.57995, 15.89108], [99.5783, 15.8891], [99.57825, 15.88844], [99.57781, 15.88835], [99.57804, 15.88769], [99.57771, 15.88722], [99.57963, 15.88576], [99.57928, 15.88508], [99.57966, 15.88453], [99.58013, 15.88455], [99.5803, 15.88381], [99.58104, 15.88344], [99.58177, 15.88237], [99.58243, 15.8823], [99.58252, 15.88192], [99.58218, 15.88156], [99.58262, 15.88138], [99.58276, 15.88076], [99.58326, 15.88093], [99.58349, 15.88038], [99.58301, 15.88019], [99.58369, 15.87915], [99.58488, 15.87852], [99.58673, 15.8781], [99.5869, 15.87766], [99.58784, 15.87728], [99.58844, 15.87775], [99.58894, 15.8774], [99.58923, 15.8782], [99.5904, 15.8782], [99.59057, 15.87781], [99.58987, 15.87702], [99.59014, 15.87634], [99.58999, 15.87567], [99.59033, 15.87524], [99.59153, 15.87536], [99.59213, 15.87466], [99.5931, 15.87459], [99.59377, 15.87307], [99.59428, 15.87313], [99.59486, 15.87388], [99.59557, 15.87384], [99.596, 15.87346], [99.59622, 15.8739], [99.59668, 15.87396], [99.59647, 15.87337], [99.59718, 15.87275], [99.59776, 15.87145], [99.59772, 15.87085], [99.59851, 15.86986], [99.59876, 15.86892], [99.59519, 15.85497], [99.5873, 15.85698], [99.58577, 15.85636], [99.58594, 15.85559], [99.58065, 15.85319], [99.57094, 15.85442], [99.56816, 15.85551], [99.56699, 15.85543], [99.56515, 15.85446], [99.56428, 15.85226], [99.56302, 15.85298], [99.56234, 15.85294], [99.55806, 15.85109], [99.55381, 15.85149], [99.55327, 15.85269], [99.55146, 15.85494], [99.54828, 15.85312], [99.53121, 15.85093], [99.5301, 15.84901], [99.52848, 15.849], [99.52357, 15.84993], [99.5209, 15.85001], [99.51962, 15.84983], [99.51277, 15.84693], [99.51107, 15.84745], [99.51088, 15.84786], [99.50954, 15.84767], [99.50905, 15.84801], [99.50894, 15.84739], [99.50741, 15.84718], [99.50707, 15.84761], [99.50709, 15.84826], [99.50744, 15.84821], [99.50721, 15.8487], [99.50767, 15.84866], [99.50773, 15.84904], [99.5072, 15.84911], [99.5071, 15.84964], [99.50735, 15.84987], [99.50599, 15.85026], [99.50617, 15.85047], [99.50584, 15.85059], [99.50579, 15.85117], [99.50561, 15.85088], [99.50552, 15.85116], [99.50483, 15.85125], [99.50396, 15.85087], [99.50347, 15.85149], [99.50323, 15.85125], [99.50284, 15.85151], [99.50169, 15.85022], [99.50115, 15.85002], [99.501, 15.8503], [99.4999, 15.84944], [99.49831, 15.85026], [99.49733, 15.85056], [99.49655, 15.85029], [99.49629, 15.85064], [99.49556, 15.84977], [99.49565, 15.84931], [99.49496, 15.84813], [99.49416, 15.84763], [99.49412, 15.84649], [99.49347, 15.84679], [99.49321, 15.84647], [99.49275, 15.84663], [99.49254, 15.84601], [99.49202, 15.84589], [99.49202, 15.84539], [99.49128, 15.84554], [99.48956, 15.84407], [99.48866, 15.8443], [99.48659, 15.84365], [99.48635, 15.84326], [99.48471, 15.8432], [99.48358, 15.84261], [99.48258, 15.84177], [99.4814, 15.83979], [99.47881, 15.83758], [99.4775, 15.83703], [99.4753, 15.83527], [99.47465, 15.83365], [99.47583, 15.83336], [99.47617, 15.83276], [99.47469, 15.82896], [99.47478, 15.82833], [99.47596, 15.82681], [99.47502, 15.82453], [99.47493, 15.82284], [99.47871, 15.8166], [99.4798, 15.81044], [99.48384, 15.80365], [99.48526, 15.79995], [99.48748, 15.7971], [99.4904, 15.79457], [99.49144, 15.79158], [99.49117, 15.79025], [99.49136, 15.78948], [99.49437, 15.78866], [99.49677, 15.7889], [99.49789, 15.78711], [99.49834, 15.7869], [99.49993, 15.78707], [99.50137, 15.7866], [99.50545, 15.78655], [99.51065, 15.78588], [99.51249, 15.78675], [99.51307, 15.78789], [99.5139, 15.78829], [99.51577, 15.78848], [99.51646, 15.78897], [99.51728, 15.79019], [99.5174, 15.79132], [99.5179, 15.79192], [99.51834, 15.79188], [99.51835, 15.79249], [99.51872, 15.79282], [99.51862, 15.79353], [99.51941, 15.79595], [99.51924, 15.79716], [99.52066, 15.79948], [99.52161, 15.79949], [99.52185, 15.79978], [99.52133, 15.80045], [99.52151, 15.80121], [99.52268, 15.80139], [99.52307, 15.80175], [99.52401, 15.8014], [99.52479, 15.80173], [99.5254, 15.80162], [99.52561, 15.80203], [99.52591, 15.80189], [99.52638, 15.80298], [99.52686, 15.80286], [99.52718, 15.80359], [99.5277, 15.80362], [99.52768, 15.80392], [99.52967, 15.80533], [99.53024, 15.80698], [99.5308, 15.80756], [99.53031, 15.80814], [99.53049, 15.8085], [99.53024, 15.80863], [99.53053, 15.80892], [99.53014, 15.80894], [99.5297, 15.80979], [99.52998, 15.81077], [99.52964, 15.81097], [99.53006, 15.81108], [99.53085, 15.81231], [99.53174, 15.81298], [99.53143, 15.8132], [99.5317, 15.81352], [99.53129, 15.81368], [99.53146, 15.81469], [99.53078, 15.81597], [99.53092, 15.81628], [99.53012, 15.81716], [99.53036, 15.81741], [99.52998, 15.81785], [99.53093, 15.81862], [99.53069, 15.81929], [99.53108, 15.81998], [99.53191, 15.82006], [99.5318, 15.81954], [99.53278, 15.81975], [99.53271, 15.82024], [99.53392, 15.82013], [99.53388, 15.82047], [99.53426, 15.82049], [99.53393, 15.82074], [99.53481, 15.82106], [99.53466, 15.82153], [99.53754, 15.82391], [99.53725, 15.82417], [99.53804, 15.8256], [99.53981, 15.82597], [99.53975, 15.82686], [99.54032, 15.82698], [99.54063, 15.82785], [99.5416, 15.82869], [99.54348, 15.8292], [99.54364, 15.82883], [99.54465, 15.82906], [99.54416, 15.83029], [99.54467, 15.83042], [99.54556, 15.83136], [99.54558, 15.8324], [99.54614, 15.83232], [99.54662, 15.83307], [99.54742, 15.83333], [99.54784, 15.83417], [99.54895, 15.83466], [99.54894, 15.83412], [99.54954, 15.83434], [99.54975, 15.83383], [99.55018, 15.83371], [99.55007, 15.83326], [99.55071, 15.83388], [99.55065, 15.83431], [99.55137, 15.83448], [99.55153, 15.83427], [99.55103, 15.83371], [99.55199, 15.83392], [99.55216, 15.833], [99.55345, 15.83377], [99.55318, 15.83319], [99.55382, 15.83311], [99.55395, 15.83257], [99.55434, 15.83297], [99.555, 15.83246], [99.55493, 15.83197], [99.55535, 15.8323], [99.55569, 15.83218], [99.55531, 15.8302], [99.55629, 15.82998], [99.55626, 15.83063], [99.5566, 15.83063], [99.5567, 15.83021], [99.55745, 15.83061], [99.55754, 15.83018], [99.55804, 15.83023], [99.55812, 15.82981], [99.55859, 15.82984], [99.55849, 15.8295], [99.55933, 15.82917], [99.55973, 15.82823], [99.56052, 15.82776], [99.56064, 15.82719], [99.56111, 15.82741], [99.5611, 15.82799], [99.56134, 15.82807], [99.56182, 15.82756], [99.5615, 15.82726], [99.56204, 15.82733], [99.56234, 15.827], [99.56276, 15.82751], [99.56393, 15.82669], [99.56355, 15.82633], [99.56385, 15.82614], [99.56458, 15.82651], [99.56516, 15.82601], [99.56575, 15.82625], [99.56564, 15.82691], [99.5669, 15.8268], [99.56681, 15.82615], [99.56777, 15.82523], [99.56717, 15.82526], [99.56775, 15.82459], [99.56736, 15.8243], [99.56791, 15.82433], [99.56817, 15.82484], [99.56852, 15.82451], [99.56848, 15.82385], [99.56889, 15.82393], [99.56871, 15.82351], [99.56938, 15.8236], [99.5693, 15.82315], [99.56986, 15.8234], [99.56945, 15.82279], [99.57029, 15.82286], [99.57039, 15.82241], [99.5708, 15.82251], [99.5707, 15.82203], [99.5711, 15.8224], [99.57181, 15.82229], [99.57202, 15.82197], [99.57319, 15.82273], [99.5738, 15.82265], [99.57436, 15.82178], [99.57483, 15.82199], [99.57514, 15.8216], [99.57526, 15.82226], [99.57557, 15.82159], [99.57618, 15.82223], [99.57675, 15.82211], [99.57704, 15.82143], [99.57678, 15.82005], [99.57777, 15.82006], [99.57777, 15.81927], [99.57749, 15.81908], [99.57864, 15.8184], [99.57879, 15.8178], [99.5794, 15.81732], [99.58013, 15.81712], [99.58066, 15.81634], [99.58114, 15.81651], [99.58141, 15.81726], [99.58179, 15.81693], [99.58199, 15.81746], [99.58226, 15.81711], [99.58215, 15.81653], [99.58251, 15.81677], [99.5827, 15.81647], [99.58354, 15.81662], [99.58297, 15.81602], [99.58362, 15.81598], [99.58375, 15.8156], [99.58414, 15.81654], [99.58476, 15.81646], [99.58491, 15.81676], [99.58556, 15.8157], [99.58707, 15.81559], [99.58751, 15.81603], [99.58799, 15.81589], [99.58919, 15.81631], [99.5894, 15.81686], [99.59018, 15.81726], [99.59104, 15.81714], [99.59108, 15.81747], [99.5914, 15.81721], [99.5915, 15.8178], [99.59201, 15.81806], [99.59231, 15.81873], [99.59292, 15.81863], [99.59296, 15.81901], [99.59335, 15.8191], [99.59363, 15.82009], [99.59463, 15.81997], [99.59421, 15.81945], [99.59487, 15.8191], [99.59663, 15.82032], [99.59751, 15.81958], [99.59929, 15.81961], [99.59966, 15.81907], [99.60038, 15.81972], [99.60106, 15.81974], [99.60206, 15.8189], [99.60211, 15.81967], [99.60366, 15.81947], [99.60389, 15.81864], [99.60323, 15.81861], [99.60332, 15.81784], [99.60405, 15.81782], [99.60428, 15.81822], [99.60543, 15.81778], [99.60565, 15.81816], [99.60542, 15.81742], [99.60579, 15.81719], [99.6056, 15.81682], [99.60674, 15.81685], [99.60702, 15.8166], [99.60689, 15.81617], [99.60721, 15.81602], [99.60671, 15.81592], [99.60683, 15.81492], [99.60743, 15.81494], [99.60701, 15.81444], [99.60776, 15.81395], [99.6077, 15.81343], [99.60731, 15.81364], [99.60758, 15.81291], [99.60818, 15.8131], [99.60755, 15.81249], [99.60817, 15.81233], [99.60854, 15.81297], [99.60886, 15.81264], [99.60845, 15.81247], [99.60821, 15.81175], [99.60868, 15.8114], [99.609, 15.81177], [99.60992, 15.81128], [99.60989, 15.81062], [99.61036, 15.81066], [99.61032, 15.8103], [99.61095, 15.81064], [99.61083, 15.80947], [99.61034, 15.80946], [99.61028, 15.80884], [99.61092, 15.809], [99.61132, 15.80816], [99.61071, 15.808], [99.61063, 15.80769], [99.61166, 15.80625], [99.61258, 15.80602], [99.61253, 15.80546], [99.613, 15.80515], [99.61283, 15.80473], [99.6132, 15.8045], [99.61404, 15.80518], [99.61439, 15.80493], [99.61507, 15.80504], [99.61594, 15.80442], [99.61667, 15.80443], [99.6175, 15.80559], [99.61812, 15.80581], [99.61775, 15.80525], [99.6183, 15.80476], [99.61789, 15.80438], [99.61866, 15.80413], [99.61858, 15.8036], [99.61929, 15.80334], [99.61946, 15.80258], [99.62003, 15.80387], [99.62003, 15.80223], [99.62051, 15.80188], [99.61951, 15.79907], [99.62075, 15.7985], [99.61967, 15.79526], [99.62681, 15.7919], [99.62977, 15.78988], [99.62821, 15.78659], [99.63436, 15.78456], [99.63537, 15.78657], [99.63613, 15.78991], [99.6371, 15.79207], [99.63673, 15.79295], [99.63978, 15.79962], [99.63978, 15.80092], [99.64045, 15.80265], [99.64126, 15.80777], [99.64401, 15.80859], [99.64592, 15.80972], [99.65275, 15.81003], [99.65797, 15.81397], [99.65931, 15.81536], [99.66037, 15.81562], [99.66285, 15.81704], [99.66346, 15.81824], [99.6658, 15.81689], [99.66614, 15.81739], [99.66816, 15.81714], [99.67166, 15.81595], [99.67207, 15.81536], [99.67322, 15.81543], [99.674, 15.8149], [99.6761, 15.81191], [99.67765, 15.81256], [99.68144, 15.81304], [99.68317, 15.81383], [99.6865, 15.81625], [99.68945, 15.81903], [99.69173, 15.82238], [99.6937, 15.82384], [99.6947, 15.82347], [99.69761, 15.82846], [99.69793, 15.83055], [99.69753, 15.83435], [99.69602, 15.83666], [99.69246, 15.84525], [99.69102, 15.84617], [99.68739, 15.8515], [99.68561, 15.85472], [99.68625, 15.85558], [99.68532, 15.85827], [99.68657, 15.86049], [99.68291, 15.86317], [99.68174, 15.86276], [99.67878, 15.86245], [99.67521, 15.86134], [99.67331, 15.85993], [99.66875, 15.85809], [99.66556, 15.856], [99.66361, 15.85531], [99.66214, 15.85901], [99.66243, 15.85984], [99.65895, 15.86113], [99.65918, 15.86216], [99.65788, 15.86215], [99.65847, 15.86458], [99.66083, 15.86776], [99.66241, 15.87332], [99.66172, 15.87515], [99.65817, 15.87893], [99.65739, 15.8787], [99.65598, 15.88029], [99.65373, 15.88148], [99.65299, 15.88148], [99.6515, 15.88215], [99.64936, 15.88387], [99.64739, 15.88446], [99.64625, 15.88585], [99.64542, 15.88628], [99.64211, 15.88423], [99.63942, 15.88404], [99.63778, 15.88338], [99.63573, 15.88544], [99.63379, 15.88496], [99.63391, 15.88425], [99.63336, 15.88351], [99.63219, 15.88321], [99.63044, 15.88114], [99.62904, 15.87611], [99.62806, 15.87832], [99.62651, 15.87956], [99.62673, 15.88129], [99.62583, 15.88133], [99.62523, 15.88187], [99.62518, 15.88341], [99.62471, 15.88425], [99.62479, 15.88548], [99.62415, 15.88633], [99.62412, 15.8873], [99.62338, 15.88745], [99.62239, 15.88665], [99.62175, 15.88728], [99.62186, 15.88781], [99.6213, 15.88762], [99.62039, 15.88793], [99.62001, 15.88848], [99.61913, 15.88884], [99.6195, 15.88922], [99.61929, 15.88965], [99.61867, 15.88961], [99.61892, 15.89039], [99.61842, 15.89016], [99.6177, 15.89123], [99.61623, 15.89146], [99.61681, 15.89216], [99.61659, 15.89246], [99.61604, 15.89251], [99.61608, 15.892], [99.61526, 15.89217], [99.61501, 15.89268], [99.6143, 15.89248], [99.61385, 15.89297], [99.61334, 15.89283], [99.61344, 15.89332], [99.61272, 15.89358], [99.61254, 15.89273], [99.61196, 15.89262], [99.61209, 15.89327], [99.6116, 15.89363], [99.61109, 15.89394], [99.60989, 15.89398], [99.61034, 15.89451], [99.61012, 15.89487], [99.6097, 15.89471], [99.60949, 15.89523], [99.61, 15.89541], [99.61021, 15.89594], [99.60914, 15.89702], [99.60786, 15.89737], [99.60726, 15.8981], [99.60685, 15.89791], [99.60618, 15.89864], [99.60572, 15.89862], [99.60596, 15.8981], [99.6052, 15.8978], [99.60511, 15.89869], [99.60417, 15.89875], [99.60392, 15.89806], [99.60286, 15.89823], [99.60242, 15.89865], [99.60045, 15.89833], [99.59955, 15.89763], [99.59882, 15.89757], [99.59784, 15.90142], [99.59734, 15.90214], [99.59776, 15.90293], [99.59738, 15.90366], [99.59696, 15.90367], [99.59424, 15.90571], [99.59378, 15.90565], [99.59259, 15.9064], [99.59205, 15.90609], [99.5913, 15.90636], [99.58936, 15.90619], [99.5889, 15.90579], [99.58716, 15.90651]]]}}, {"type": "Feature", "properties": {"code": "TH601305", "name": "เขาชนกัน", "name_en": "Khao Chon Kan", "district": "แม่วงก์", "district_en": "Mae Wong", "area_km2": 99.7}, "geometry": {"type": "Polygon", "coordinates": [[[99.50468, 15.92721], [99.50213, 15.92836], [99.50029, 15.92795], [99.49657, 15.92566], [99.49475, 15.9252], [99.49311, 15.92428], [99.49061, 15.92402], [99.48944, 15.92338], [99.48421, 15.92217], [99.47957, 15.92234], [99.47844, 15.92187], [99.4777, 15.92074], [99.47836, 15.91755], [99.47979, 15.91541], [99.4814, 15.91194], [99.48156, 15.9108], [99.48119, 15.90986], [99.47991, 15.9083], [99.47842, 15.90742], [99.47668, 15.90701], [99.47576, 15.90623], [99.47583, 15.90567], [99.47656, 15.90497], [99.47695, 15.90358], [99.47681, 15.90225], [99.47467, 15.90217], [99.47346, 15.90244], [99.46987, 15.90197], [99.46623, 15.90068], [99.46447, 15.90248], [99.4633, 15.90288], [99.46194, 15.90441], [99.46054, 15.90538], [99.45878, 15.90559], [99.45667, 15.905], [99.45625, 15.90438], [99.45563, 15.90417], [99.45095, 15.905], [99.45316, 15.89891], [99.4569, 15.89103], [99.45769, 15.88764], [99.4607, 15.88378], [99.46107, 15.88053], [99.46178, 15.87831], [99.46187, 15.87321], [99.46325, 15.87172], [99.46343, 15.86865], [99.46459, 15.86659], [99.46395, 15.86523], [99.46382, 15.8625], [99.46527, 15.86032], [99.46489, 15.85867], [99.46656, 15.85541], [99.46644, 15.85299], [99.46853, 15.84967], [99.47001, 15.84863], [99.47106, 15.84501], [99.47356, 15.84166], [99.47402, 15.83923], [99.47333, 15.8356], [99.47465, 15.83365], [99.4753, 15.83527], [99.47588, 15.8359], [99.47864, 15.83746], [99.4814, 15.83979], [99.48258, 15.84177], [99.48358, 15.84261], [99.48471, 15.8432], [99.48635, 15.84326], [99.48659, 15.84365], [99.48866, 15.8443], [99.48956, 15.84407], [99.49128, 15.84554], [99.49202, 15.84539], [99.49202, 15.84589], [99.49254, 15.84601], [99.49275, 15.84663], [99.49321, 15.84647], [99.49347, 15.84679], [99.49412, 15.84649], [99.49416, 15.84763], [99.49496, 15.84813], [99.49565, 15.84931], [99.49556, 15.84977], [99.49629, 15.85064], [99.49655, 15.85029], [99.49733, 15.85056], [99.49831, 15.85026], [99.4999, 15.84944], [99.501, 15.8503], [99.50115, 15.85002], [99.50169, 15.85022], [99.50284, 15.85151], [99.50323, 15.85125], [99.50347, 15.85149], [99.50396, 15.85087], [99.50483, 15.85125], [99.50552, 15.85116], [99.50561, 15.85088], [99.50579, 15.85117], [99.50584, 15.85059], [99.50617, 15.85047], [99.50599, 15.85026], [99.50735, 15.84987], [99.5071, 15.84964], [99.5072, 15.84911], [99.50773, 15.84904], [99.50767, 15.84866], [99.50721, 15.8487], [99.50744, 15.84821], [99.50709, 15.84826], [99.50707, 15.84761], [99.50741, 15.84718], [99.50894, 15.84739], [99.50905, 15.84801], [99.50954, 15.84767], [99.51088, 15.84786], [99.51107, 15.84745], [99.51277, 15.84693], [99.51962, 15.84983], [99.5209, 15.85001], [99.52357, 15.84993], [99.52848, 15.849], [99.5301, 15.84901], [99.53121, 15.85093], [99.54828, 15.85312], [99.55146, 15.85494], [99.55327, 15.85269], [99.55381, 15.85149], [99.55806, 15.85109], [99.56234, 15.85294], [99.56302, 15.85298], [99.56428, 15.85226], [99.56515, 15.85446], [99.56699, 15.85543], [99.56816, 15.85551], [99.57094, 15.85442], [99.58065, 15.85319], [99.58594, 15.85559], [99.58577, 15.85636], [99.5873, 15.85698], [99.59519, 15.85497], [99.59876, 15.86892], [99.59851, 15.86986], [99.59772, 15.87085], [99.59776, 15.87145], [99.59718, 15.87275], [99.59647, 15.87337], [99.59668, 15.87396], [99.59622, 15.8739], [99.596, 15.87346], [99.59557, 15.87384], [99.59486, 15.87388], [99.59428, 15.87313], [99.59377, 15.87307], [99.5931, 15.87459], [99.59213, 15.87466], [99.59153, 15.87536], [99.59033, 15.87524], [99.58999, 15.87567], [99.59014, 15.87634], [99.58987, 15.87702], [99.59057, 15.87781], [99.5904, 15.8782], [99.58923, 15.8782], [99.58894, 15.8774], [99.58844, 15.87775], [99.58784, 15.87728], [99.5869, 15.87766], [99.58673, 15.8781], [99.58488, 15.87852], [99.58369, 15.87915], [99.58301, 15.88019], [99.58349, 15.88038], [99.58326, 15.88093], [99.58276, 15.88076], [99.58262, 15.88138], [99.58218, 15.88156], [99.58252, 15.88192], [99.58243, 15.8823], [99.58177, 15.88237], [99.58104, 15.88344], [99.5803, 15.88381], [99.58013, 15.88455], [99.57966, 15.88453], [99.57928, 15.88508], [99.57963, 15.88576], [99.57771, 15.88722], [99.57804, 15.88769], [99.57781, 15.88835], [99.57825, 15.88844], [99.5783, 15.8891], [99.57995, 15.89108], [99.58021, 15.89413], [99.58118, 15.89381], [99.58184, 15.89767], [99.58245, 15.89774], [99.58276, 15.89819], [99.58288, 15.89937], [99.58418, 15.90244], [99.5839, 15.90276], [99.58145, 15.90319], [99.57972, 15.9042], [99.57871, 15.90418], [99.57818, 15.9047], [99.57824, 15.90538], [99.578, 15.90552], [99.57733, 15.90561], [99.57713, 15.90459], [99.57643, 15.90457], [99.57588, 15.90597], [99.57537, 15.90534], [99.57511, 15.90572], [99.57468, 15.90545], [99.57434, 15.90589], [99.57345, 15.90586], [99.57274, 15.90526], [99.57303, 15.90475], [99.57267, 15.90427], [99.57205, 15.90451], [99.57235, 15.90483], [99.57219, 15.90516], [99.57152, 15.90517], [99.57102, 15.90576], [99.5705, 15.90441], [99.56912, 15.90593], [99.56856, 15.90548], [99.56771, 15.90555], [99.5673, 15.90603], [99.56648, 15.90544], [99.56527, 15.90573], [99.56462, 15.9054], [99.56413, 15.90666], [99.56345, 15.9066], [99.56222, 15.90715], [99.56037, 15.90682], [99.55909, 15.90612], [99.55765, 15.90621], [99.55621, 15.90721], [99.55516, 15.90705], [99.55534, 15.90763], [99.55594, 15.90802], [99.55593, 15.90874], [99.55516, 15.90961], [99.555, 15.91111], [99.55392, 15.91131], [99.55343, 15.91184], [99.55373, 15.91305], [99.55342, 15.91482], [99.55425, 15.91527], [99.55418, 15.91579], [99.55282, 15.91625], [99.54905, 15.9165], [99.54898, 15.91693], [99.54995, 15.91815], [99.5498, 15.91878], [99.54855, 15.91862], [99.5475, 15.91913], [99.54674, 15.91895], [99.5463, 15.92094], [99.54472, 15.92069], [99.5437, 15.92212], [99.54171, 15.92234], [99.54132, 15.92345], [99.53954, 15.92372], [99.53855, 15.92482], [99.53508, 15.92497], [99.53257, 15.92451], [99.53164, 15.92201], [99.53176, 15.92068], [99.5312, 15.92034], [99.52978, 15.92101], [99.5263, 15.92178], [99.52502, 15.92307], [99.52423, 15.92342], [99.5241, 15.92507], [99.52377, 15.92554], [99.5232, 15.92555], [99.52218, 15.92492], [99.52108, 15.9249], [99.51947, 15.92388], [99.5175, 15.92432], [99.51572, 15.92367], [99.51277, 15.92338], [99.51045, 15.92382], [99.50973, 15.92543], [99.5087, 15.92621], [99.50468, 15.92721]]]}}, {"type": "Feature", "properties": {"code": "TH601401", "name": "แม่เปิน", "name_en": "Mae Poen", "district": "แม่เปิน", "district_en": "Mae Poen", "area_km2": 329.4}, "geometry": {"type": "Polygon", "coordinates": [[[99.25044, 15.78418], [99.24878, 15.78571], [99.24076, 15.78928], [99.23448, 15.79355], [99.23067, 15.79536], [99.22803, 15.79732], [99.22702, 15.79676], [99.22626, 15.7951], [99.22511, 15.79432], [99.22408, 15.79412], [99.22385, 15.79374], [99.22346, 15.79223], [99.22148, 15.7881], [99.22166, 15.78617], [99.21938, 15.77994], [99.21349, 15.77977], [99.21416, 15.77349], [99.21518, 15.76958], [99.21693, 15.76618], [99.21924, 15.76555], [99.22041, 15.76482], [99.22296, 15.76106], [99.2233, 15.75882], [99.22566, 15.75696], [99.22804, 15.75249], [99.22786, 15.75135], [99.22702, 15.75013], [99.22714, 15.74879], [99.22888, 15.74739], [99.23087, 15.74703], [99.23189, 15.74689], [99.23397, 15.74776], [99.23503, 15.74749], [99.23943, 15.74078], [99.2403, 15.73697], [99.23927, 15.7322], [99.24349, 15.72783], [99.24436, 15.72401], [99.24515, 15.7226], [99.24598, 15.72206], [99.25123, 15.72033], [99.26177, 15.718], [99.26307, 15.71806], [99.26716, 15.71941], [99.26945, 15.71729], [99.27045, 15.71681], [99.27573, 15.71689], [99.27683, 15.71654], [99.27845, 15.71358], [99.28098, 15.71187], [99.28194, 15.71055], [99.28336, 15.70731], [99.28436, 15.70652], [99.28732, 15.70524], [99.28855, 15.7038], [99.28928, 15.69989], [99.29034, 15.69784], [99.29559, 15.69357], [99.29682, 15.6929], [99.29784, 15.69293], [99.29974, 15.6936], [99.30347, 15.6935], [99.30539, 15.69411], [99.30666, 15.69312], [99.30876, 15.69283], [99.3121, 15.69399], [99.31334, 15.69393], [99.31974, 15.68934], [99.32108, 15.68892], [99.32218, 15.68901], [99.32694, 15.69117], [99.33309, 15.69152], [99.33486, 15.69059], [99.33822, 15.6863], [99.33992, 15.68497], [99.3414, 15.68476], [99.34362, 15.68593], [99.34494, 15.68596], [99.34601, 15.68558], [99.34941, 15.68227], [99.35454, 15.68211], [99.3565, 15.67842], [99.35936, 15.67747], [99.3604, 15.67646], [99.36269, 15.67095], [99.36403, 15.6688], [99.36782, 15.66465], [99.36955, 15.66344], [99.37201, 15.66357], [99.37192, 15.66014], [99.36974, 15.65992], [99.37001, 15.6569], [99.36724, 15.65494], [99.368, 15.64989], [99.37036, 15.6461], [99.37166, 15.64294], [99.37422, 15.63954], [99.37625, 15.63619], [99.37636, 15.63497], [99.37528, 15.63396], [99.37422, 15.63349], [99.37417, 15.63288], [99.37536, 15.6309], [99.37687, 15.62944], [99.37799, 15.62692], [99.37932, 15.6255], [99.38063, 15.62507], [99.38405, 15.62473], [99.39249, 15.62442], [99.39596, 15.62232], [99.40296, 15.62116], [99.41073, 15.61742], [99.41594, 15.61604], [99.41773, 15.614], [99.41977, 15.61375], [99.42188, 15.61446], [99.42281, 15.61428], [99.42343, 15.6137], [99.42431, 15.61202], [99.42563, 15.61115], [99.42587, 15.61024], [99.42694, 15.61051], [99.42732, 15.60916], [99.42852, 15.6089], [99.42886, 15.60832], [99.42837, 15.60769], [99.42873, 15.60732], [99.42845, 15.60679], [99.42884, 15.60612], [99.42624, 15.60617], [99.42595, 15.60589], [99.42625, 15.60501], [99.42711, 15.60506], [99.42793, 15.60436], [99.4285, 15.60461], [99.42878, 15.60439], [99.42937, 15.60541], [99.42965, 15.60543], [99.43074, 15.60407], [99.43215, 15.60381], [99.43306, 15.6027], [99.43309, 15.60208], [99.43372, 15.602], [99.4346, 15.6012], [99.43412, 15.60015], [99.43523, 15.5997], [99.43546, 15.59889], [99.43642, 15.59921], [99.43706, 15.5991], [99.43742, 15.59867], [99.4393, 15.59899], [99.43978, 15.59837], [99.44061, 15.59811], [99.44072, 15.59757], [99.44153, 15.59699], [99.44109, 15.59654], [99.44152, 15.59534], [99.44134, 15.59477], [99.44179, 15.59409], [99.44269, 15.59371], [99.44302, 15.59304], [99.44409, 15.59274], [99.44445, 15.59198], [99.445, 15.59172], [99.44557, 15.59212], [99.44596, 15.59181], [99.44683, 15.59256], [99.44722, 15.59177], [99.44811, 15.59152], [99.44904, 15.59078], [99.44969, 15.59132], [99.45006, 15.59126], [99.4503, 15.59073], [99.45013, 15.59035], [99.45099, 15.58953], [99.45163, 15.58995], [99.45152, 15.5893], [99.45256, 15.58809], [99.45211, 15.58711], [99.45288, 15.58625], [99.45249, 15.58546], [99.45352, 15.58539], [99.45307, 15.58485], [99.45321, 15.58301], [99.45429, 15.58217], [99.45489, 15.58213], [99.45478, 15.5815], [99.45681, 15.58242], [99.45698, 15.58299], [99.45867, 15.58276], [99.4591, 15.58208], [99.45929, 15.5828], [99.45984, 15.58213], [99.46054, 15.58282], [99.46097, 15.58238], [99.46164, 15.58228], [99.4616, 15.58106], [99.46251, 15.58088], [99.46227, 15.5794], [99.46384, 15.57841], [99.46412, 15.57759], [99.46451, 15.57756], [99.46512, 15.57676], [99.46504, 15.576], [99.46573, 15.57551], [99.46576, 15.57504], [99.46632, 15.57495], [99.46657, 15.57413], [99.46638, 15.57371], [99.46689, 15.57343], [99.46609, 15.57279], [99.46675, 15.57248], [99.46679, 15.57183], [99.4674, 15.57112], [99.46701, 15.57089], [99.46765, 15.57053], [99.46732, 15.56999], [99.46834, 15.57], [99.46798, 15.56932], [99.46868, 15.56929], [99.46856, 15.56821], [99.46804, 15.56757], [99.46891, 15.56702], [99.46851, 15.56553], [99.47015, 15.5655], [99.46964, 15.56455], [99.47162, 15.56396], [99.47371, 15.56475], [99.47436, 15.56536], [99.4749, 15.56455], [99.47601, 15.56474], [99.47646, 15.56395], [99.47695, 15.56476], [99.47799, 15.56494], [99.47858, 15.5644], [99.479, 15.56467], [99.47938, 15.56399], [99.48077, 15.56393], [99.48081, 15.56448], [99.48134, 15.564], [99.48162, 15.5642], [99.48169, 15.56537], [99.48292, 15.56582], [99.48371, 15.56514], [99.48366, 15.56571], [99.48426, 15.56555], [99.48446, 15.56602], [99.48498, 15.56621], [99.48508, 15.5671], [99.48555, 15.56727], [99.48602, 15.56695], [99.48603, 15.56759], [99.48705, 15.56882], [99.48811, 15.56883], [99.48867, 15.56835], [99.48957, 15.56855], [99.48914, 15.56922], [99.48989, 15.57004], [99.49087, 15.57036], [99.49146, 15.57005], [99.49202, 15.57021], [99.49293, 15.56921], [99.49327, 15.57004], [99.49427, 15.56958], [99.49481, 15.57017], [99.4954, 15.57008], [99.49583, 15.56938], [99.49642, 15.56962], [99.49694, 15.5693], [99.49797, 15.58053], [99.49888, 15.58612], [99.49959, 15.58938], [99.50157, 15.59236], [99.50289, 15.60021], [99.50401, 15.60241], [99.50325, 15.60687], [99.50352, 15.6081], [99.50325, 15.60881], [99.50421, 15.60966], [99.50472, 15.6129], [99.50476, 15.61731], [99.50647, 15.61892], [99.5098, 15.62035], [99.51264, 15.6227], [99.51001, 15.62641], [99.51107, 15.6281], [99.50948, 15.63479], [99.5098, 15.63484], [99.50957, 15.63644], [99.50918, 15.63701], [99.50959, 15.6407], [99.50859, 15.64163], [99.50776, 15.64186], [99.5077, 15.64253], [99.50571, 15.64568], [99.50471, 15.64566], [99.5032, 15.64624], [99.50096, 15.64613], [99.50063, 15.64762], [99.4994, 15.64749], [99.49769, 15.64823], [99.49721, 15.64908], [99.49718, 15.65072], [99.49624, 15.65066], [99.49584, 15.65117], [99.49467, 15.65118], [99.49216, 15.65212], [99.49182, 15.65461], [99.4906, 15.65865], [99.49247, 15.65951], [99.4932, 15.66009], [99.49342, 15.66077], [99.49324, 15.66183], [99.49185, 15.66313], [99.49161, 15.66409], [99.49088, 15.6651], [99.491, 15.66621], [99.49178, 15.66662], [99.49175, 15.66785], [99.49049, 15.66783], [99.48877, 15.66933], [99.48888, 15.67009], [99.48975, 15.67093], [99.48973, 15.67207], [99.49043, 15.67271], [99.491, 15.67391], [99.49095, 15.67525], [99.49165, 15.6784], [99.49148, 15.67887], [99.48829, 15.68109], [99.48819, 15.68184], [99.48866, 15.68242], [99.48819, 15.68305], [99.48877, 15.68335], [99.48925, 15.68429], [99.48829, 15.68486], [99.48832, 15.68555], [99.48941, 15.68668], [99.48917, 15.68773], [99.48984, 15.6884], [99.49021, 15.68965], [99.48962, 15.69169], [99.48844, 15.69112], [99.48756, 15.69235], [99.48925, 15.69345], [99.48871, 15.69412], [99.48778, 15.69449], [99.48871, 15.69529], [99.48843, 15.6964], [99.48811, 15.69689], [99.48721, 15.69719], [99.48664, 15.6994], [99.48549, 15.69983], [99.48553, 15.69923], [99.48503, 15.6991], [99.48475, 15.69938], [99.48482, 15.69998], [99.48398, 15.70039], [99.48327, 15.69993], [99.48307, 15.699], [99.48271, 15.69907], [99.48265, 15.69997], [99.48112, 15.69981], [99.48115, 15.70029], [99.48229, 15.70069], [99.48196, 15.70163], [99.481, 15.7014], [99.48089, 15.70212], [99.48048, 15.70232], [99.47981, 15.70154], [99.4789, 15.702], [99.47823, 15.70309], [99.47727, 15.70267], [99.47621, 15.70359], [99.4762, 15.70437], [99.47692, 15.7043], [99.47703, 15.70522], [99.47647, 15.70512], [99.4726, 15.70707], [99.47276, 15.70749], [99.47382, 15.70778], [99.4732, 15.70915], [99.47343, 15.71051], [99.47272, 15.71066], [99.47302, 15.71104], [99.47218, 15.71159], [99.47276, 15.71196], [99.4715, 15.7129], [99.47165, 15.71338], [99.47075, 15.71351], [99.47085, 15.71384], [99.47152, 15.71396], [99.47123, 15.71451], [99.47147, 15.71513], [99.47067, 15.71513], [99.47127, 15.71567], [99.47114, 15.716], [99.47045, 15.7161], [99.47108, 15.71711], [99.47084, 15.71801], [99.47008, 15.71828], [99.47019, 15.71881], [99.46961, 15.72008], [99.46972, 15.72111], [99.46768, 15.72167], [99.46722, 15.72335], [99.4658, 15.72479], [99.46534, 15.72639], [99.46411, 15.72707], [99.46401, 15.72747], [99.46462, 15.72874], [99.4635, 15.72944], [99.46401, 15.73062], [99.46311, 15.73078], [99.46316, 15.73172], [99.46267, 15.73203], [99.46089, 15.7322], [99.45977, 15.73345], [99.45852, 15.73358], [99.45649, 15.73444], [99.45609, 15.73266], [99.4557, 15.73214], [99.45505, 15.73243], [99.45405, 15.73212], [99.45318, 15.73254], [99.45216, 15.73228], [99.45147, 15.73272], [99.44979, 15.7328], [99.44956, 15.73328], [99.45024, 15.73339], [99.45031, 15.73375], [99.44894, 15.73442], [99.44822, 15.73364], [99.44654, 15.73411], [99.44456, 15.73324], [99.44452, 15.73449], [99.44338, 15.73409], [99.44286, 15.73448], [99.44353, 15.73497], [99.44218, 15.73719], [99.44241, 15.73802], [99.44191, 15.73892], [99.44059, 15.73941], [99.44018, 15.73995], [99.44035, 15.7404], [99.4397, 15.74067], [99.43917, 15.74196], [99.4379, 15.74304], [99.43737, 15.74549], [99.43673, 15.74584], [99.43673, 15.74658], [99.43421, 15.74683], [99.43316, 15.74968], [99.43245, 15.74997], [99.43191, 15.75076], [99.4306, 15.75126], [99.42975, 15.75261], [99.42875, 15.7531], [99.42801, 15.75411], [99.427, 15.75368], [99.42612, 15.75285], [99.4257, 15.75166], [99.42644, 15.75149], [99.42651, 15.75106], [99.42572, 15.75076], [99.42547, 15.74995], [99.42388, 15.7498], [99.42331, 15.74896], [99.42298, 15.7476], [99.42077, 15.74565], [99.4195, 15.7462], [99.41793, 15.74631], [99.41729, 15.74696], [99.41693, 15.74694], [99.41642, 15.74775], [99.41493, 15.74797], [99.41382, 15.74727], [99.41373, 15.74626], [99.41268, 15.74445], [99.4104, 15.74282], [99.41055, 15.74233], [99.40979, 15.74132], [99.40857, 15.74108], [99.4076, 15.74127], [99.40661, 15.74232], [99.40511, 15.74314], [99.40452, 15.744], [99.40378, 15.74394], [99.4023, 15.74233], [99.40052, 15.74202], [99.3999, 15.74065], [99.39985, 15.73763], [99.40024, 15.73713], [99.40276, 15.73593], [99.40285, 15.73549], [99.40244, 15.73538], [99.40214, 15.73481], [99.3983, 15.73415], [99.39712, 15.73339], [99.39674, 15.73299], [99.39633, 15.73038], [99.39449, 15.73103], [99.39385, 15.73237], [99.39352, 15.73252], [99.39301, 15.73192], [99.39255, 15.73224], [99.39064, 15.73206], [99.38994, 15.73236], [99.38894, 15.73204], [99.3837, 15.73327], [99.38223, 15.73286], [99.38148, 15.73411], [99.38081, 15.73399], [99.37847, 15.73474], [99.37828, 15.7351], [99.37492, 15.73602], [99.37302, 15.73708], [99.37227, 15.73712], [99.37215, 15.73665], [99.37171, 15.73659], [99.37081, 15.73719], [99.37065, 15.73778], [99.36772, 15.73803], [99.36591, 15.74254], [99.36643, 15.74556], [99.36611, 15.74605], [99.36605, 15.74749], [99.36659, 15.74969], [99.36448, 15.75022], [99.36083, 15.75174], [99.36038, 15.75239], [99.36072, 15.75517], [99.36049, 15.75791], [99.36092, 15.7594], [99.36197, 15.76091], [99.36179, 15.76226], [99.35889, 15.76465], [99.35778, 15.76518], [99.35249, 15.76587], [99.35044, 15.76683], [99.34742, 15.76957], [99.34611, 15.77325], [99.34515, 15.77366], [99.34253, 15.7735], [99.34217, 15.77389], [99.34216, 15.77496], [99.34159, 15.77543], [99.3366, 15.77722], [99.33106, 15.77869], [99.32389, 15.78163], [99.30864, 15.78483], [99.30394, 15.78537], [99.30228, 15.78516], [99.29878, 15.78392], [99.29491, 15.78403], [99.29365, 15.78326], [99.29169, 15.77862], [99.28861, 15.76266], [99.28791, 15.7611], [99.28702, 15.76096], [99.28647, 15.76122], [99.28426, 15.76447], [99.28353, 15.76489], [99.28124, 15.76522], [99.28053, 15.76581], [99.27938, 15.76725], [99.2789, 15.76893], [99.27829, 15.76959], [99.2752, 15.77008], [99.27355, 15.77089], [99.26951, 15.7718], [99.2685, 15.77249], [99.268, 15.774], [99.26563, 15.77422], [99.26551, 15.77468], [99.26628, 15.77607], [99.26605, 15.77807], [99.26548, 15.77874], [99.26398, 15.77916], [99.26329, 15.78104], [99.26249, 15.78116], [99.26215, 15.78034], [99.26109, 15.78011], [99.25997, 15.78145], [99.25934, 15.78169], [99.25721, 15.78055], [99.25624, 15.78138], [99.25542, 15.78432], [99.2544, 15.7847], [99.2535, 15.78427], [99.25209, 15.78449], [99.25044, 15.78418]]]}}, {"type": "Feature", "properties": {"code": "TH601501", "name": "ชุมตาบง", "name_en": "Chum Ta Bong", "district": "ชุมตาบง", "district_en": "Chum Ta Bong", "area_km2": 88.3}, "geometry": {"type": "Polygon", "coordinates": [[[99.64281, 15.67384], [99.64178, 15.67468], [99.64025, 15.67427], [99.63871, 15.67468], [99.63808, 15.67374], [99.63686, 15.67376], [99.63631, 15.67298], [99.63546, 15.67347], [99.63472, 15.67333], [99.63422, 15.67284], [99.63392, 15.6716], [99.63235, 15.67111], [99.63171, 15.66984], [99.63036, 15.66986], [99.6289, 15.66865], [99.62842, 15.66776], [99.62907, 15.66682], [99.62887, 15.66607], [99.6279, 15.66567], [99.62512, 15.66361], [99.62382, 15.66439], [99.62265, 15.66402], [99.62147, 15.66406], [99.62002, 15.66535], [99.61961, 15.66537], [99.61941, 15.665], [99.62015, 15.66458], [99.61985, 15.66382], [99.61903, 15.6637], [99.61826, 15.66292], [99.61691, 15.66251], [99.61644, 15.66257], [99.61581, 15.6632], [99.61386, 15.66193], [99.61291, 15.66284], [99.6129, 15.66425], [99.6126, 15.66467], [99.6105, 15.66406], [99.60904, 15.66408], [99.60844, 15.66315], [99.60719, 15.66255], [99.60822, 15.6615], [99.60865, 15.66056], [99.60966, 15.66083], [99.60995, 15.66063], [99.60945, 15.65979], [99.6083, 15.65916], [99.60664, 15.65934], [99.60582, 15.66007], [99.60483, 15.66024], [99.60256, 15.65839], [99.59922, 15.65895], [99.59797, 15.65837], [99.59625, 15.65941], [99.59511, 15.65842], [99.59384, 15.65892], [99.59281, 15.65855], [99.59188, 15.65961], [99.59112, 15.65982], [99.58815, 15.65938], [99.58599, 15.65988], [99.58528, 15.65916], [99.5847, 15.65903], [99.58533, 15.6582], [99.58513, 15.65718], [99.5839, 15.65728], [99.58364, 15.65778], [99.58319, 15.65788], [99.58292, 15.65732], [99.58332, 15.6562], [99.58287, 15.65563], [99.58089, 15.65466], [99.57868, 15.65491], [99.57844, 15.65411], [99.57865, 15.65305], [99.57785, 15.6512], [99.57569, 15.65126], [99.57524, 15.65055], [99.57397, 15.6499], [99.57358, 15.64879], [99.57261, 15.64818], [99.57189, 15.64814], [99.57015, 15.64975], [99.5695, 15.64992], [99.567, 15.64841], [99.56608, 15.64902], [99.56519, 15.6478], [99.56456, 15.64809], [99.56387, 15.64772], [99.5629, 15.64805], [99.56128, 15.64711], [99.56042, 15.64754], [99.5587, 15.64925], [99.55857, 15.64974], [99.55898, 15.65075], [99.55805, 15.65233], [99.55742, 15.6528], [99.55637, 15.65271], [99.55508, 15.65183], [99.55385, 15.65171], [99.55215, 15.64984], [99.55241, 15.64793], [99.5513, 15.64681], [99.55086, 15.64515], [99.55101, 15.64472], [99.55202, 15.64417], [99.55188, 15.64126], [99.55062, 15.64049], [99.54937, 15.64042], [99.54802, 15.63953], [99.54711, 15.64022], [99.54626, 15.64018], [99.54536, 15.64103], [99.54413, 15.64146], [99.54359, 15.64112], [99.54362, 15.64029], [99.54194, 15.63964], [99.54064, 15.63999], [99.53868, 15.64137], [99.53665, 15.64152], [99.53462, 15.63925], [99.53335, 15.63952], [99.53314, 15.64007], [99.53222, 15.64016], [99.53065, 15.63932], [99.5305, 15.63855], [99.52926, 15.63831], [99.5268, 15.63944], [99.52503, 15.6398], [99.52294, 15.63822], [99.51987, 15.63751], [99.51857, 15.63821], [99.51781, 15.63731], [99.51655, 15.637], [99.51594, 15.63742], [99.5159, 15.63818], [99.51531, 15.63837], [99.51523, 15.63944], [99.51461, 15.63915], [99.51154, 15.63938], [99.51034, 15.63891], [99.50945, 15.63949], [99.50918, 15.63701], [99.50957, 15.63644], [99.5098, 15.63484], [99.50948, 15.63479], [99.51107, 15.6281], [99.51001, 15.62641], [99.51264, 15.6227], [99.5098, 15.62035], [99.50647, 15.61892], [99.50476, 15.61731], [99.50472, 15.6129], [99.50421, 15.60966], [99.50325, 15.60881], [99.50352, 15.6081], [99.50325, 15.60687], [99.50401, 15.60241], [99.50289, 15.60021], [99.50157, 15.59236], [99.49959, 15.58938], [99.49888, 15.58612], [99.49797, 15.58053], [99.49694, 15.5693], [99.4971, 15.56864], [99.49816, 15.56825], [99.49867, 15.56706], [99.49936, 15.56637], [99.49976, 15.5666], [99.50053, 15.56573], [99.5014, 15.56539], [99.50195, 15.56487], [99.50194, 15.56437], [99.50344, 15.56398], [99.50339, 15.56326], [99.50381, 15.56312], [99.50375, 15.5622], [99.50431, 15.56179], [99.50508, 15.56186], [99.50524, 15.56227], [99.50578, 15.56201], [99.50635, 15.56239], [99.50743, 15.56251], [99.51104, 15.56204], [99.51169, 15.56266], [99.51317, 15.5628], [99.51396, 15.56256], [99.51531, 15.56307], [99.51718, 15.56274], [99.5185, 15.56345], [99.51899, 15.56466], [99.51971, 15.56484], [99.52061, 15.56666], [99.52174, 15.56681], [99.52229, 15.56767], [99.52284, 15.56752], [99.52473, 15.56807], [99.52459, 15.56903], [99.525, 15.56971], [99.52456, 15.57029], [99.5256, 15.57146], [99.52593, 15.57126], [99.52635, 15.57173], [99.52828, 15.57181], [99.53302, 15.57358], [99.53526, 15.57342], [99.53673, 15.57365], [99.53842, 15.57496], [99.54092, 15.57424], [99.54419, 15.5746], [99.54529, 15.57557], [99.54603, 15.57555], [99.54669, 15.57594], [99.54787, 15.57538], [99.5489, 15.57576], [99.54913, 15.57734], [99.5506, 15.57851], [99.55189, 15.57831], [99.55268, 15.57896], [99.55328, 15.57893], [99.55423, 15.57987], [99.55467, 15.57945], [99.55504, 15.58003], [99.55547, 15.5798], [99.55606, 15.58155], [99.55645, 15.58219], [99.55693, 15.58226], [99.55787, 15.58405], [99.55828, 15.58392], [99.55835, 15.58447], [99.55995, 15.58581], [99.55974, 15.58634], [99.56049, 15.58629], [99.56028, 15.58688], [99.56068, 15.58692], [99.56104, 15.58754], [99.56072, 15.58888], [99.5612, 15.58921], [99.56156, 15.58908], [99.56165, 15.58967], [99.56345, 15.59059], [99.56357, 15.59121], [99.56438, 15.59134], [99.56483, 15.59273], [99.56525, 15.5926], [99.56545, 15.59284], [99.56575, 15.59473], [99.56707, 15.59485], [99.56783, 15.5961], [99.56833, 15.59634], [99.56828, 15.59679], [99.56869, 15.59697], [99.56824, 15.59743], [99.56867, 15.59789], [99.56936, 15.59801], [99.56972, 15.59893], [99.56941, 15.60026], [99.56984, 15.60047], [99.56974, 15.6009], [99.57023, 15.60103], [99.57026, 15.60153], [99.57076, 15.60163], [99.57034, 15.6024], [99.57114, 15.60247], [99.5705, 15.60356], [99.57088, 15.60334], [99.57139, 15.60359], [99.57106, 15.60415], [99.57146, 15.60399], [99.57176, 15.60468], [99.57243, 15.60477], [99.57252, 15.60437], [99.57286, 15.60452], [99.57366, 15.60584], [99.57506, 15.60599], [99.57683, 15.60678], [99.57753, 15.60864], [99.57799, 15.60865], [99.57858, 15.60937], [99.57905, 15.60932], [99.57957, 15.61001], [99.5802, 15.60963], [99.5806, 15.61051], [99.58119, 15.61037], [99.5818, 15.61209], [99.58175, 15.61279], [99.58271, 15.61442], [99.58436, 15.61544], [99.58507, 15.6163], [99.58534, 15.61773], [99.58506, 15.61842], [99.58556, 15.61913], [99.58599, 15.61937], [99.5864, 15.61916], [99.58715, 15.61977], [99.58796, 15.61966], [99.58816, 15.61997], [99.58924, 15.61959], [99.59032, 15.62177], [99.59128, 15.62219], [99.59165, 15.6227], [99.59216, 15.62246], [99.59241, 15.62282], [99.59316, 15.62291], [99.59279, 15.62389], [99.59315, 15.62432], [99.59283, 15.62451], [99.59354, 15.62581], [99.59447, 15.6263], [99.59477, 15.62701], [99.5964, 15.62848], [99.6009, 15.62926], [99.60119, 15.62968], [99.60226, 15.62988], [99.60253, 15.63081], [99.60375, 15.63067], [99.60451, 15.63146], [99.60476, 15.63099], [99.60493, 15.63127], [99.60639, 15.6316], [99.60653, 15.63218], [99.60707, 15.63233], [99.60705, 15.63283], [99.60785, 15.6324], [99.60804, 15.63379], [99.60936, 15.63335], [99.61002, 15.6338], [99.61025, 15.63352], [99.6101, 15.63302], [99.61144, 15.63344], [99.61161, 15.63298], [99.61213, 15.63291], [99.61395, 15.63391], [99.61481, 15.63334], [99.61657, 15.63367], [99.61788, 15.63443], [99.61679, 15.6359], [99.61709, 15.63737], [99.6191, 15.6377], [99.62026, 15.63743], [99.62051, 15.63814], [99.6233, 15.63866], [99.62327, 15.63914], [99.62395, 15.63911], [99.62341, 15.63956], [99.62417, 15.63962], [99.62427, 15.63918], [99.62452, 15.63962], [99.62418, 15.64027], [99.62515, 15.64085], [99.62473, 15.64094], [99.62454, 15.64139], [99.62508, 15.64139], [99.62512, 15.64178], [99.62568, 15.64174], [99.62687, 15.64257], [99.62712, 15.6423], [99.62669, 15.64197], [99.62721, 15.64202], [99.62766, 15.64252], [99.62782, 15.64164], [99.62873, 15.64236], [99.62874, 15.64271], [99.62973, 15.64272], [99.62946, 15.64226], [99.63046, 15.64161], [99.63111, 15.64188], [99.63102, 15.64269], [99.63234, 15.64344], [99.63419, 15.64309], [99.63591, 15.64317], [99.63769, 15.64265], [99.63878, 15.64274], [99.639, 15.64311], [99.63923, 15.64271], [99.63962, 15.64286], [99.64019, 15.64203], [99.64082, 15.6421], [99.64171, 15.64238], [99.64162, 15.64311], [99.64252, 15.64281], [99.6431, 15.64389], [99.64424, 15.64396], [99.64498, 15.64452], [99.64709, 15.6452], [99.64732, 15.64552], [99.64715, 15.64602], [99.64848, 15.64623], [99.64853, 15.64564], [99.64887, 15.64566], [99.64971, 15.64718], [99.65027, 15.64674], [99.65123, 15.64699], [99.65189, 15.64673], [99.6528, 15.64749], [99.65369, 15.64767], [99.65428, 15.64733], [99.65499, 15.64803], [99.65616, 15.64827], [99.65708, 15.64885], [99.66017, 15.64901], [99.66074, 15.65057], [99.6616, 15.65088], [99.66088, 15.6515], [99.66182, 15.65152], [99.66191, 15.65214], [99.66264, 15.65292], [99.66252, 15.65371], [99.66332, 15.65407], [99.66305, 15.65516], [99.66429, 15.65627], [99.66407, 15.65672], [99.66429, 15.65721], [99.66388, 15.65724], [99.66388, 15.65754], [99.66504, 15.65741], [99.66475, 15.6581], [99.66525, 15.65854], [99.6655, 15.66019], [99.66662, 15.65986], [99.66678, 15.66025], [99.66708, 15.65988], [99.66801, 15.66086], [99.66862, 15.6609], [99.66932, 15.66231], [99.66937, 15.66317], [99.6692, 15.66388], [99.66876, 15.66403], [99.66876, 15.66489], [99.66817, 15.66568], [99.66711, 15.66614], [99.66706, 15.66636], [99.66765, 15.66661], [99.66672, 15.6668], [99.66708, 15.66777], [99.66673, 15.66756], [99.66563, 15.66825], [99.66648, 15.66974], [99.66527, 15.66953], [99.66442, 15.67062], [99.66347, 15.66985], [99.66316, 15.6707], [99.66134, 15.6724], [99.65805, 15.67291], [99.65578, 15.67203], [99.65553, 15.67235], [99.65491, 15.6722], [99.65426, 15.67251], [99.65403, 15.67343], [99.65359, 15.6733], [99.65295, 15.67192], [99.65183, 15.67069], [99.65077, 15.67077], [99.6497, 15.67162], [99.64848, 15.67124], [99.64709, 15.67145], [99.64612, 15.67201], [99.64552, 15.67306], [99.64452, 15.67379], [99.64281, 15.67384]]]}}, {"type": "Feature", "properties": {"code": "TH601502", "name": "ปางสวรรค์", "name_en": "Pang Sawan", "district": "ชุมตาบง", "district_en": "Chum Ta Bong", "area_km2": 170.6}, "geometry": {"type": "Polygon", "coordinates": [[[99.51333, 15.73457], [99.51398, 15.73521], [99.51431, 15.7361], [99.51438, 15.7373], [99.51398, 15.73828], [99.51187, 15.73917], [99.51084, 15.74079], [99.50715, 15.74121], [99.50634, 15.74181], [99.50425, 15.74532], [99.50416, 15.74608], [99.50487, 15.74724], [99.50534, 15.74994], [99.50507, 15.75433], [99.5061, 15.7561], [99.50726, 15.76197], [99.50731, 15.76393], [99.50085, 15.76736], [99.4994, 15.76761], [99.49644, 15.76749], [99.49199, 15.76633], [99.48865, 15.76629], [99.48634, 15.76548], [99.48575, 15.76564], [99.48524, 15.76634], [99.48397, 15.76662], [99.48317, 15.76652], [99.48185, 15.76534], [99.48181, 15.76638], [99.4798, 15.76502], [99.47991, 15.7644], [99.47941, 15.76438], [99.47926, 15.76394], [99.47857, 15.76409], [99.4781, 15.76364], [99.47755, 15.76425], [99.47671, 15.76363], [99.4749, 15.76348], [99.47448, 15.76317], [99.47346, 15.76365], [99.47343, 15.76297], [99.47285, 15.76252], [99.47078, 15.76328], [99.46807, 15.76195], [99.46634, 15.76195], [99.46556, 15.76152], [99.46374, 15.76169], [99.4632, 15.76215], [99.46183, 15.762], [99.45818, 15.76484], [99.45686, 15.76497], [99.45602, 15.76448], [99.4552, 15.76493], [99.45337, 15.7646], [99.4518, 15.76339], [99.45088, 15.76366], [99.44921, 15.76334], [99.44916, 15.76204], [99.4486, 15.76111], [99.44803, 15.76133], [99.44716, 15.76053], [99.44715, 15.75982], [99.44623, 15.75985], [99.44588, 15.75951], [99.44601, 15.75827], [99.44723, 15.75637], [99.44706, 15.75384], [99.44741, 15.75316], [99.44729, 15.75066], [99.44654, 15.74899], [99.44686, 15.74812], [99.44738, 15.74785], [99.44768, 15.74707], [99.44862, 15.74635], [99.44961, 15.74495], [99.45862, 15.74031], [99.45984, 15.73752], [99.4616, 15.73555], [99.46269, 15.7357], [99.46476, 15.73384], [99.46487, 15.73301], [99.46431, 15.73285], [99.46442, 15.73189], [99.46474, 15.73158], [99.46389, 15.73079], [99.46401, 15.73047], [99.46349, 15.72956], [99.46462, 15.72874], [99.46401, 15.72732], [99.46534, 15.72639], [99.4658, 15.72479], [99.46722, 15.72335], [99.46768, 15.72167], [99.46972, 15.72111], [99.46961, 15.72008], [99.47019, 15.71881], [99.47008, 15.71828], [99.47084, 15.71801], [99.47108, 15.71711], [99.47045, 15.7161], [99.47114, 15.716], [99.47127, 15.71567], [99.47067, 15.71513], [99.47147, 15.71513], [99.47123, 15.71451], [99.47152, 15.71396], [99.47085, 15.71384], [99.47075, 15.71351], [99.47165, 15.71338], [99.4715, 15.7129], [99.47276, 15.71196], [99.47218, 15.71159], [99.47302, 15.71104], [99.47272, 15.71066], [99.47343, 15.71051], [99.4732, 15.70915], [99.47382, 15.70778], [99.47276, 15.70749], [99.4726, 15.70707], [99.47647, 15.70512], [99.47703, 15.70522], [99.47692, 15.7043], [99.4762, 15.70437], [99.47621, 15.70359], [99.47727, 15.70267], [99.47823, 15.70309], [99.4789, 15.702], [99.47981, 15.70154], [99.48048, 15.70232], [99.48089, 15.70212], [99.481, 15.7014], [99.48196, 15.70163], [99.48229, 15.70069], [99.48115, 15.70029], [99.48112, 15.69981], [99.48265, 15.69997], [99.48271, 15.69907], [99.48307, 15.699], [99.48327, 15.69993], [99.48398, 15.70039], [99.48482, 15.69998], [99.48475, 15.69938], [99.48503, 15.6991], [99.48553, 15.69923], [99.48549, 15.69983], [99.48659, 15.69944], [99.48721, 15.69719], [99.48834, 15.69663], [99.48871, 15.69529], [99.48778, 15.69449], [99.48871, 15.69412], [99.48925, 15.69345], [99.48756, 15.69235], [99.48844, 15.69112], [99.48962, 15.69169], [99.49021, 15.68965], [99.48984, 15.6884], [99.48917, 15.68773], [99.48941, 15.68668], [99.48832, 15.68555], [99.48829, 15.68486], [99.48925, 15.68429], [99.48877, 15.68335], [99.48819, 15.68305], [99.48866, 15.68242], [99.48819, 15.68184], [99.48829, 15.68109], [99.49148, 15.67887], [99.49165, 15.6784], [99.49095, 15.67525], [99.491, 15.67391], [99.49043, 15.67271], [99.48973, 15.67207], [99.48975, 15.67093], [99.48888, 15.67009], [99.48877, 15.66933], [99.49049, 15.66783], [99.49175, 15.66785], [99.49178, 15.66662], [99.491, 15.66621], [99.49088, 15.6651], [99.49161, 15.66409], [99.49185, 15.66313], [99.49324, 15.66183], [99.49342, 15.66077], [99.4932, 15.66009], [99.49247, 15.65951], [99.4906, 15.65865], [99.49182, 15.65461], [99.49185, 15.65291], [99.49217, 15.65209], [99.49467, 15.65118], [99.49584, 15.65117], [99.49624, 15.65066], [99.49718, 15.65072], [99.49721, 15.64908], [99.49769, 15.64823], [99.4994, 15.64749], [99.50063, 15.64762], [99.50096, 15.64613], [99.5032, 15.64624], [99.50471, 15.64566], [99.50571, 15.64568], [99.5077, 15.64253], [99.50776, 15.64186], [99.50949, 15.64091], [99.50945, 15.63949], [99.50989, 15.63907], [99.51054, 15.63892], [99.51143, 15.63936], [99.51268, 15.63944], [99.51466, 15.63916], [99.51518, 15.63946], [99.51544, 15.63914], [99.51531, 15.63837], [99.51596, 15.63811], [99.51593, 15.63745], [99.51635, 15.63703], [99.51777, 15.63728], [99.51857, 15.63821], [99.51987, 15.63751], [99.52294, 15.63822], [99.52503, 15.6398], [99.5268, 15.63944], [99.52926, 15.63831], [99.5305, 15.63855], [99.53065, 15.63932], [99.53222, 15.64016], [99.53314, 15.64007], [99.53335, 15.63952], [99.53462, 15.63925], [99.53665, 15.64152], [99.53868, 15.64137], [99.54064, 15.63999], [99.54194, 15.63964], [99.54362, 15.64029], [99.54359, 15.64112], [99.54413, 15.64146], [99.54536, 15.64103], [99.54626, 15.64018], [99.54711, 15.64022], [99.54802, 15.63953], [99.54937, 15.64042], [99.55062, 15.64049], [99.55188, 15.64126], [99.55202, 15.64417], [99.55101, 15.64472], [99.55086, 15.64515], [99.5513, 15.64681], [99.55241, 15.64793], [99.55215, 15.64984], [99.55385, 15.65171], [99.55508, 15.65183], [99.55637, 15.65271], [99.55742, 15.6528], [99.55805, 15.65233], [99.55898, 15.65075], [99.55857, 15.64974], [99.5587, 15.64925], [99.56042, 15.64754], [99.56128, 15.64711], [99.5629, 15.64805], [99.56387, 15.64772], [99.56456, 15.64809], [99.56519, 15.6478], [99.56608, 15.64902], [99.567, 15.64841], [99.5695, 15.64992], [99.57015, 15.64975], [99.57187, 15.64815], [99.57225, 15.64811], [99.57355, 15.64876], [99.57397, 15.6499], [99.57524, 15.65055], [99.57569, 15.65126], [99.57785, 15.6512], [99.57865, 15.65305], [99.57844, 15.65411], [99.57868, 15.65491], [99.58089, 15.65466], [99.58287, 15.65563], [99.58332, 15.6562], [99.58292, 15.65732], [99.58319, 15.65788], [99.58364, 15.65778], [99.5839, 15.65728], [99.58513, 15.65718], [99.58533, 15.6582], [99.5847, 15.65903], [99.58528, 15.65916], [99.58599, 15.65988], [99.58815, 15.65938], [99.58959, 15.65977], [99.59157, 15.65974], [99.59288, 15.65854], [99.59384, 15.65892], [99.5953, 15.65843], [99.59625, 15.65941], [99.59797, 15.65837], [99.59922, 15.65895], [99.60256, 15.65839], [99.60475, 15.66023], [99.60576, 15.66011], [99.60664, 15.65934], [99.608, 15.65913], [99.60945, 15.65979], [99.60988, 15.66074], [99.60865, 15.66056], [99.60822, 15.6615], [99.60719, 15.66251], [99.60844, 15.66315], [99.60913, 15.66411], [99.6105, 15.66406], [99.6126, 15.66467], [99.6129, 15.66425], [99.61291, 15.66284], [99.61386, 15.66193], [99.61581, 15.6632], [99.61644, 15.66257], [99.61691, 15.66251], [99.61826, 15.66292], [99.61903, 15.6637], [99.61985, 15.66382], [99.62015, 15.66458], [99.61941, 15.665], [99.61961, 15.66537], [99.62002, 15.66535], [99.62147, 15.66406], [99.62294, 15.66407], [99.62343, 15.66433], [99.62314, 15.66491], [99.62706, 15.66761], [99.62806, 15.67102], [99.63018, 15.67514], [99.63086, 15.67771], [99.63188, 15.6791], [99.62892, 15.68105], [99.63055, 15.68163], [99.63376, 15.68509], [99.63928, 15.68472], [99.64197, 15.68491], [99.64273, 15.68562], [99.64299, 15.68724], [99.64425, 15.68825], [99.64778, 15.68761], [99.64848, 15.68983], [99.6506, 15.69193], [99.65237, 15.69284], [99.65434, 15.6952], [99.65827, 15.69733], [99.6599, 15.69999], [99.66033, 15.70139], [99.65837, 15.70415], [99.65568, 15.70644], [99.65119, 15.70875], [99.64863, 15.70937], [99.64562, 15.71078], [99.64464, 15.71084], [99.64498, 15.7101], [99.64438, 15.70982], [99.64397, 15.71033], [99.64415, 15.70958], [99.64333, 15.70954], [99.64351, 15.70914], [99.64315, 15.70884], [99.64385, 15.70859], [99.64311, 15.70788], [99.64301, 15.70735], [99.64234, 15.70795], [99.64167, 15.70766], [99.64187, 15.708], [99.64154, 15.70821], [99.64109, 15.70799], [99.6406, 15.70817], [99.64104, 15.70762], [99.64137, 15.70786], [99.64147, 15.70741], [99.64087, 15.70727], [99.64058, 15.70754], [99.64008, 15.7069], [99.63961, 15.70751], [99.63902, 15.70729], [99.63901, 15.70785], [99.63866, 15.70731], [99.6385, 15.70763], [99.63805, 15.70764], [99.63779, 15.70728], [99.63757, 15.70753], [99.63796, 15.70798], [99.63716, 15.70781], [99.63751, 15.70818], [99.63678, 15.70854], [99.63723, 15.70866], [99.63699, 15.709], [99.63727, 15.70997], [99.63682, 15.70951], [99.63655, 15.70994], [99.63597, 15.70979], [99.63601, 15.70932], [99.63557, 15.70975], [99.63462, 15.70933], [99.63507, 15.70977], [99.63477, 15.70984], [99.63484, 15.71017], [99.63363, 15.70976], [99.63393, 15.71072], [99.63344, 15.71046], [99.63276, 15.71147], [99.63254, 15.7114], [99.63284, 15.71092], [99.63213, 15.71129], [99.63204, 15.71064], [99.63158, 15.7113], [99.6305, 15.71108], [99.63042, 15.7118], [99.63, 15.71127], [99.62985, 15.71175], [99.62932, 15.71137], [99.62944, 15.71181], [99.62897, 15.71205], [99.62873, 15.71175], [99.62846, 15.71229], [99.62733, 15.71166], [99.62753, 15.71077], [99.62685, 15.71078], [99.62673, 15.71028], [99.62636, 15.71071], [99.62608, 15.71036], [99.62592, 15.71115], [99.62514, 15.71094], [99.62493, 15.71173], [99.62322, 15.71191], [99.62368, 15.71241], [99.62328, 15.71246], [99.62333, 15.71306], [99.62189, 15.71363], [99.62154, 15.7134], [99.62112, 15.71438], [99.62088, 15.71435], [99.62081, 15.71349], [99.62041, 15.71338], [99.61893, 15.71524], [99.6161, 15.71554], [99.61605, 15.71637], [99.61419, 15.71687], [99.6137, 15.71665], [99.61351, 15.71753], [99.61308, 15.71772], [99.61356, 15.71802], [99.61315, 15.71858], [99.61365, 15.71858], [99.61308, 15.71959], [99.6136, 15.7195], [99.61383, 15.72013], [99.61345, 15.72036], [99.61247, 15.7202], [99.61214, 15.72096], [99.6127, 15.72063], [99.61261, 15.72145], [99.61213, 15.72148], [99.61184, 15.72201], [99.61119, 15.72183], [99.61052, 15.7221], [99.60969, 15.72182], [99.60933, 15.72244], [99.6086, 15.72252], [99.60867, 15.72292], [99.60815, 15.72247], [99.60831, 15.72307], [99.6078, 15.7234], [99.60774, 15.72425], [99.60746, 15.72391], [99.60675, 15.72443], [99.60719, 15.72491], [99.607, 15.72514], [99.60651, 15.72543], [99.60532, 15.72512], [99.60474, 15.72581], [99.60441, 15.72573], [99.60418, 15.72668], [99.60395, 15.72609], [99.60309, 15.72652], [99.6025, 15.72639], [99.60268, 15.72673], [99.60132, 15.72748], [99.60143, 15.7281], [99.6009, 15.72833], [99.60128, 15.72928], [99.60026, 15.73029], [99.6001, 15.73005], [99.59892, 15.73037], [99.59865, 15.73122], [99.59817, 15.73102], [99.59779, 15.73154], [99.59806, 15.73174], [99.59744, 15.73178], [99.59782, 15.73225], [99.59707, 15.73225], [99.59682, 15.73281], [99.5962, 15.73289], [99.59556, 15.73412], [99.59574, 15.73435], [99.59508, 15.73457], [99.59391, 15.73412], [99.59321, 15.73454], [99.59249, 15.7339], [99.59227, 15.73431], [99.5917, 15.73397], [99.59143, 15.73456], [99.59104, 15.73396], [99.59051, 15.73387], [99.59006, 15.73503], [99.58922, 15.73477], [99.58835, 15.73499], [99.58786, 15.73592], [99.58682, 15.73535], [99.58594, 15.73554], [99.586, 15.735], [99.58559, 15.73483], [99.58519, 15.73528], [99.58385, 15.73544], [99.58304, 15.7353], [99.58285, 15.73459], [99.58184, 15.73499], [99.58174, 15.73444], [99.58051, 15.73517], [99.58042, 15.73462], [99.57999, 15.73488], [99.57911, 15.73425], [99.57907, 15.7353], [99.57856, 15.7354], [99.57788, 15.73469], [99.57743, 15.73506], [99.57667, 15.73481], [99.57649, 15.7343], [99.57522, 15.7356], [99.57474, 15.73673], [99.5735, 15.73685], [99.57327, 15.73672], [99.5735, 15.73643], [99.57212, 15.73595], [99.56978, 15.73547], [99.56868, 15.73592], [99.56841, 15.73544], [99.5668, 15.73583], [99.5671, 15.73621], [99.56684, 15.73649], [99.56616, 15.73617], [99.56647, 15.73668], [99.56612, 15.73693], [99.56624, 15.73737], [99.5657, 15.7381], [99.56575, 15.73848], [99.56494, 15.73896], [99.56416, 15.73882], [99.56438, 15.73957], [99.56402, 15.73948], [99.56377, 15.74011], [99.56394, 15.74061], [99.56351, 15.74048], [99.56358, 15.74079], [99.56307, 15.74096], [99.56349, 15.74126], [99.56313, 15.74131], [99.56127, 15.74067], [99.56118, 15.73924], [99.56089, 15.73909], [99.55845, 15.73899], [99.55771, 15.73932], [99.55721, 15.73898], [99.557, 15.73938], [99.5563, 15.73917], [99.55599, 15.73847], [99.55566, 15.73894], [99.55462, 15.73874], [99.55484, 15.73918], [99.55422, 15.73941], [99.5542, 15.73913], [99.55364, 15.73922], [99.5535, 15.73964], [99.55273, 15.74003], [99.55193, 15.73939], [99.55145, 15.73956], [99.55153, 15.73916], [99.5506, 15.73859], [99.55067, 15.73829], [99.54997, 15.73846], [99.55012, 15.73821], [99.54926, 15.73786], [99.54923, 15.73717], [99.54736, 15.73762], [99.54694, 15.73691], [99.54629, 15.73656], [99.54516, 15.73669], [99.54426, 15.73617], [99.5434, 15.73645], [99.54255, 15.73605], [99.5412, 15.7368], [99.53947, 15.73497], [99.53835, 15.73604], [99.53762, 15.73588], [99.53699, 15.73626], [99.53621, 15.736], [99.53445, 15.73693], [99.53354, 15.73695], [99.53338, 15.73649], [99.53244, 15.73633], [99.53021, 15.73731], [99.52922, 15.73654], [99.52764, 15.73632], [99.52716, 15.73657], [99.52721, 15.73686], [99.52643, 15.73687], [99.52605, 15.73725], [99.52477, 15.73715], [99.5247, 15.73776], [99.52384, 15.73808], [99.52318, 15.73769], [99.52167, 15.73801], [99.52115, 15.73776], [99.52061, 15.73619], [99.52007, 15.73605], [99.51998, 15.73534], [99.51871, 15.73576], [99.51659, 15.73426], [99.51596, 15.73428], [99.51577, 15.7347], [99.51496, 15.73431], [99.51333, 15.73457]]]}}]}