{"type":"FeatureCollection","features":[{"type":"Feature","properties":{"k":0,"name":"ปากน้ำโพ","district":"เมืองนครสวรรค์"},"geometry":{"type":"Polygon","coordinates":[[[100.1352,15.7278],[100.1211,15.73],[100.1131,15.7296],[100.1151,15.7213],[100.1025,15.7158],[100.098,15.7125],[100.0951,15.7072],[100.0857,15.7073],[100.101,15.6839],[100.1,15.671],[100.1057,15.668],[100.1075,15.6699],[100.11,15.676],[100.1098,15.6826],[100.115,15.6798],[100.1157,15.6813],[100.1168,15.6812],[100.1172,15.6792],[100.121,15.6833],[100.1252,15.6806],[100.1269,15.6809],[100.1316,15.6825],[100.1528,15.6938],[100.152,15.6989],[100.1586,15.7063],[100.1469,15.7157],[100.1446,15.715],[100.1352,15.7278]]]}},{"type":"Feature","properties":{"k":1,"name":"กลางแดด","district":"เมืองนครสวรรค์"},"geometry":{"type":"Polygon","coordinates":[[[100.1357,15.6433],[100.1309,15.6426],[100.1264,15.6462],[100.1137,15.6435],[100.1121,15.6451],[100.1033,15.646],[100.104,15.6418],[100.1035,15.6379],[100.094,15.6268],[100.0908,15.6193],[100.0914,15.613],[100.097,15.6145],[100.0998,15.6175],[100.1046,15.6191],[100.1194,15.6154],[100.1292,15.6168],[100.1287,15.6197],[100.1366,15.6196],[100.1394,15.6176],[100.1413,15.6095],[100.1439,15.6136],[100.1455,15.6217],[100.1449,15.6241],[100.1466,15.6254],[100.147,15.6301],[100.1489,15.632],[100.1483,15.6341],[100.146,15.6348],[100.1416,15.6402],[100.1416,15.6415],[100.1364,15.6421],[100.1357,15.6433]]]}},{"type":"Feature","properties":{"k":2,"name":"เกรียงไกร","district":"เมืองนครสวรรค์"},"geometry":{"type":"Polygon","coordinates":[[[100.1511,15.7765],[100.1505,15.7805],[100.149,15.7799],[100.1459,15.7845],[100.142,15.7822],[100.1385,15.7815],[100.1367,15.783],[100.1367,15.787],[100.1357,15.7873],[100.132,15.7827],[100.1322,15.7798],[100.1335,15.7779],[100.14,15.7747],[100.1411,15.7695],[100.1483,15.7667],[100.1463,15.7658],[100.1408,15.7669],[100.1396,15.7587],[100.1373,15.7535],[100.1379,15.7517],[100.1427,15.7478],[100.1443,15.7431],[100.15,15.7418],[100.1515,15.7407],[100.1514,15.7359],[100.1551,15.7323],[100.1533,15.7287],[100.1547,15.7281],[100.1589,15.7306],[100.1624,15.7312],[100.1631,15.7278],[100.1716,15.7201],[100.1736,15.7227],[100.1798,15.7249],[100.1834,15.7273],[100.1875,15.7269],[100.1904,15.7252],[100.1914,15.7207],[100.1988,15.7223],[100.1988,15.7172],[100.1971,15.7165],[100.1948,15.7197],[100.1929,15.7196],[100.1917,15.7138],[100.1932,15.7129],[100.1932,15.7112],[100.1889,15.7093],[100.1875,15.7077],[100.188,15.7047],[100.1909,15.6996],[100.2474,15.6982],[100.2398,15.7123],[100.2359,15.7171],[100.2285,15.7214],[100.2221,15.7302],[100.2157,15.7459],[100.213,15.7497],[100.2055,15.7484],[100.2047,15.7468],[100.2025,15.7458],[100.1922,15.7467],[100.1881,15.7457],[100.1823,15.7546],[100.1807,15.7549],[100.1783,15.7536],[100.1754,15.7596],[100.1737,15.7599],[100.1723,15.7654],[100.1707,15.7667],[100.1619,15.7681],[100.1605,15.7701],[100.156,15.7709],[100.1566,15.7741],[100.1528,15.7749],[100.1511,15.7765]]]}},{"type":"Feature","properties":{"k":3,"name":"แควใหญ่","district":"เมืองนครสวรรค์"},"geometry":{"type":"Polygon","coordinates":[[[100.1831,15.7272],[100.1798,15.7249],[100.1736,15.7227],[100.1716,15.7201],[100.1631,15.7278],[100.1624,15.7312],[100.1589,15.7306],[100.1547,15.7281],[100.1533,15.7287],[100.1499,15.7248],[100.15,15.7156],[100.1492,15.7138],[100.1586,15.7063],[100.1535,15.6999],[100.1578,15.6972],[100.1615,15.698],[100.1616,15.6999],[100.1688,15.6999],[100.1728,15.6984],[100.1753,15.6995],[100.1759,15.7019],[100.177,15.7024],[100.1809,15.7007],[100.1824,15.702],[100.184,15.702],[100.1882,15.6998],[100.1909,15.6996],[100.188,15.7047],[100.1875,15.7077],[100.1889,15.7093],[100.1932,15.7112],[100.1932,15.7129],[100.1917,15.7138],[100.1926,15.7193],[100.1946,15.7199],[100.1969,15.7166],[100.1979,15.7165],[100.1992,15.7181],[100.1989,15.722],[100.1914,15.7207],[100.1904,15.7252],[100.1875,15.7269],[100.1831,15.7272]]]}},{"type":"Feature","properties":{"k":4,"name":"ตะเคียนเลื่อน","district":"เมืองนครสวรรค์"},"geometry":{"type":"Polygon","coordinates":[[[100.0599,15.6499],[100.0608,15.6488],[100.0601,15.6466],[100.0624,15.6389],[100.0623,15.6361],[100.0587,15.6334],[100.0529,15.6336],[100.0493,15.6361],[100.0468,15.6403],[100.0433,15.6549],[100.0412,15.6565],[100.0397,15.6557],[100.037,15.6464],[100.0322,15.6374],[100.0333,15.628],[100.038,15.6204],[100.0403,15.6183],[100.0457,15.6164],[100.0533,15.6163],[100.0577,15.6173],[100.0643,15.6205],[100.0662,15.623],[100.0733,15.6245],[100.0773,15.6225],[100.079,15.62],[100.0816,15.6104],[100.0845,15.6087],[100.088,15.6103],[100.0923,15.6085],[100.0906,15.6152],[100.0908,15.6193],[100.0947,15.6281],[100.1033,15.6373],[100.104,15.6405],[100.1033,15.646],[100.1003,15.646],[100.099,15.6498],[100.0929,15.6473],[100.0891,15.6475],[100.0886,15.6496],[100.0852,15.6515],[100.0859,15.6531],[100.0847,15.6539],[100.0787,15.6524],[100.0777,15.6533],[100.0731,15.6504],[100.0674,15.6522],[100.0666,15.6501],[100.0599,15.6499]]]}},{"type":"Feature","properties":{"k":5,"name":"นครสวรรค์ตก","district":"เมืองนครสวรรค์"},"geometry":{"type":"Polygon","coordinates":[[[100.06,15.7167],[100.0513,15.7193],[100.0508,15.7174],[100.0482,15.7162],[100.0456,15.7095],[100.0487,15.7065],[100.0474,15.7024],[100.049,15.6977],[100.0485,15.694],[100.0465,15.6908],[100.0426,15.6917],[100.0395,15.6873],[100.0414,15.6844],[100.0448,15.6829],[100.0471,15.6829],[100.048,15.6795],[100.0451,15.6771],[100.0443,15.6752],[100.0451,15.6742],[100.0469,15.6741],[100.0484,15.676],[100.053,15.671],[100.0543,15.6681],[100.0586,15.6691],[100.0605,15.6667],[100.0592,15.665],[100.0583,15.6599],[100.0599,15.6499],[100.0666,15.6501],[100.0674,15.6522],[100.0731,15.6504],[100.0777,15.6533],[100.0787,15.6524],[100.0847,15.6539],[100.0859,15.6531],[100.0852,15.6515],[100.0886,15.6496],[100.0891,15.6475],[100.0929,15.6473],[100.099,15.6498],[100.1003,15.646],[100.1033,15.646],[100.1003,15.6547],[100.1001,15.6588],[100.1021,15.6637],[100.1057,15.668],[100.1,15.671],[100.101,15.6839],[100.0857,15.7073],[100.0767,15.7081],[100.06,15.7167]]]}},{"type":"Feature","properties":{"k":6,"name":"นครสวรรค์ออก","district":"เมืองนครสวรรค์"},"geometry":{"type":"Polygon","coordinates":[[[100.1746,15.6994],[100.1728,15.6984],[100.1688,15.6999],[100.1616,15.6999],[100.1615,15.698],[100.1578,15.6972],[100.1532,15.7003],[100.1518,15.6983],[100.1528,15.6938],[100.1314,15.6824],[100.1252,15.6806],[100.1222,15.6832],[100.1208,15.6833],[100.1172,15.6792],[100.1168,15.6812],[100.1157,15.6813],[100.115,15.6798],[100.1098,15.6826],[100.1092,15.6734],[100.1075,15.6699],[100.1021,15.6637],[100.1001,15.6588],[100.1003,15.6547],[100.1033,15.646],[100.1121,15.6451],[100.1137,15.6435],[100.1254,15.6462],[100.1282,15.6455],[100.1309,15.6426],[100.1372,15.6439],[100.1379,15.6524],[100.1398,15.6536],[100.1416,15.6534],[100.1432,15.6563],[100.1419,15.6596],[100.1429,15.663],[100.1416,15.6663],[100.1428,15.6692],[100.14,15.6697],[100.1405,15.6736],[100.143,15.6754],[100.1418,15.6773],[100.1425,15.6789],[100.1446,15.6801],[100.1445,15.6815],[100.1474,15.6815],[100.1476,15.685],[100.1565,15.687],[100.1566,15.6885],[100.1665,15.6909],[100.1746,15.6994]]]}},{"type":"Feature","properties":{"k":7,"name":"บางพระหลวง","district":"เมืองนครสวรรค์"},"geometry":{"type":"Polygon","coordinates":[[[100.2174,15.786],[100.2156,15.7895],[100.2156,15.7921],[100.1985,15.789],[100.1909,15.7904],[100.1866,15.7883],[100.1854,15.7886],[100.1849,15.7909],[100.1823,15.791],[100.1762,15.7879],[100.1744,15.7829],[100.1707,15.7847],[100.1666,15.784],[100.1649,15.7847],[100.1636,15.7833],[100.1603,15.7845],[100.1587,15.7837],[100.156,15.7856],[100.1554,15.7837],[100.158,15.7792],[100.1557,15.7753],[100.1566,15.774],[100.1559,15.7709],[100.1605,15.7701],[100.1619,15.7681],[100.1707,15.7667],[100.1723,15.7654],[100.1737,15.7599],[100.1754,15.7596],[100.1783,15.7536],[100.1807,15.7549],[100.1823,15.7546],[100.1881,15.7457],[100.1922,15.7467],[100.2025,15.7458],[100.2047,15.7468],[100.2055,15.7484],[100.213,15.7497],[100.2126,15.751],[100.2063,15.7526],[100.204,15.7576],[100.2077,15.7652],[100.2078,15.7703],[100.2174,15.786]]]}},{"type":"Feature","properties":{"k":8,"name":"บางม่วง","district":"เมืองนครสวรรค์"},"geometry":{"type":"Polygon","coordinates":[[[100.1269,15.782],[100.1263,15.7874],[100.1174,15.7894],[100.1111,15.789],[100.1128,15.782],[100.1061,15.7776],[100.1047,15.7758],[100.1004,15.7746],[100.1009,15.7709],[100.0932,15.771],[100.0897,15.7728],[100.0913,15.7697],[100.0913,15.7647],[100.09,15.763],[100.0854,15.7604],[100.0841,15.7571],[100.086,15.7536],[100.0921,15.7483],[100.1006,15.7478],[100.1032,15.7463],[100.1042,15.7432],[100.1028,15.7365],[100.1061,15.7321],[100.1131,15.7296],[100.1211,15.73],[100.1352,15.7278],[100.1357,15.7308],[100.1338,15.7358],[100.1307,15.7353],[100.1305,15.7376],[100.128,15.7386],[100.1288,15.7407],[100.127,15.7431],[100.1298,15.7476],[100.1347,15.7496],[100.1357,15.7509],[100.1345,15.7528],[100.1312,15.7551],[100.1324,15.7568],[100.1323,15.7612],[100.1344,15.7624],[100.1346,15.7637],[100.1275,15.7647],[100.1248,15.7687],[100.1253,15.7718],[100.1274,15.772],[100.1285,15.7732],[100.1258,15.7814],[100.1269,15.782]]]}},{"type":"Feature","properties":{"k":9,"name":"บ้านมะเกลือ","district":"เมืองนครสวรรค์"},"geometry":{"type":"Polygon","coordinates":[[[100.1698,15.8102],[100.1685,15.8123],[100.1656,15.8124],[100.1653,15.8133],[100.1612,15.8134],[100.1597,15.8117],[100.1565,15.813],[100.1545,15.8125],[100.1523,15.8134],[100.1507,15.8159],[100.1482,15.8153],[100.1421,15.8161],[100.1358,15.8172],[100.1331,15.8191],[100.1259,15.8199],[100.1265,15.8141],[100.1238,15.815],[100.1237,15.8168],[100.1178,15.8165],[100.1056,15.8132],[100.1017,15.8133],[100.1008,15.8115],[100.0982,15.8108],[100.0878,15.8103],[100.081,15.8079],[100.0817,15.8018],[100.0789,15.7965],[100.0785,15.7941],[100.0808,15.7832],[100.0828,15.7796],[100.0897,15.7728],[100.0932,15.771],[100.1009,15.7709],[100.1004,15.7746],[100.1047,15.7758],[100.1061,15.7776],[100.1128,15.782],[100.1111,15.789],[100.1174,15.7894],[100.1286,15.7862],[100.132,15.7881],[100.1367,15.7871],[100.1367,15.7832],[100.1385,15.7815],[100.142,15.7822],[100.1459,15.7845],[100.149,15.7799],[100.1505,15.7805],[100.151,15.7766],[100.1527,15.7749],[100.1556,15.7741],[100.158,15.7792],[100.1554,15.7835],[100.1554,15.7853],[100.1565,15.7855],[100.1587,15.7837],[100.1603,15.7845],[100.1612,15.794],[100.1657,15.7929],[100.1671,15.7937],[100.1672,15.7948],[100.1653,15.797],[100.1656,15.8031],[100.1664,15.8044],[100.1704,15.8048],[100.1698,15.8102]]]}},{"type":"Feature","properties":{"k":10,"name":"บ้านแก่ง","district":"เมืองนครสวรรค์"},"geometry":{"type":"Polygon","coordinates":[[[100.0789,15.8156],[100.0555,15.8117],[100.052,15.8162],[100.0469,15.8169],[100.029,15.8154],[100.0285,15.8181],[100.0252,15.8205],[100.0212,15.8183],[100.0252,15.8127],[100.0255,15.8093],[100.0336,15.7984],[100.0323,15.7973],[100.0343,15.7948],[100.0356,15.7899],[100.0394,15.7896],[100.0385,15.7889],[100.0393,15.784],[100.0291,15.7766],[100.0311,15.776],[100.0322,15.7727],[100.0304,15.7663],[100.0306,15.7621],[100.035,15.7629],[100.0394,15.765],[100.0408,15.7629],[100.0451,15.7638],[100.0482,15.7663],[100.0476,15.7674],[100.0514,15.7688],[100.0522,15.768],[100.0528,15.7704],[100.0547,15.7693],[100.0572,15.77],[100.0588,15.7681],[100.0626,15.7684],[100.0672,15.7655],[100.0688,15.7659],[100.07,15.7633],[100.0786,15.7573],[100.0797,15.7582],[100.0813,15.7571],[100.0841,15.7577],[100.0858,15.7608],[100.0908,15.7637],[100.0917,15.7669],[100.0909,15.7709],[100.0817,15.7812],[100.0794,15.7891],[100.0786,15.7954],[100.0815,15.8009],[100.0818,15.804],[100.0789,15.8156]]]}},{"type":"Feature","properties":{"k":11,"name":"พระนอน","district":"เมืองนครสวรรค์"},"geometry":{"type":"Polygon","coordinates":[[[100.2705,15.697],[100.1882,15.6998],[100.184,15.702],[100.1824,15.702],[100.1809,15.7007],[100.177,15.7024],[100.1759,15.7019],[100.1753,15.6995],[100.1746,15.6994],[100.1919,15.6555],[100.191,15.6517],[100.1977,15.6498],[100.1977,15.6406],[100.1991,15.6328],[100.1969,15.6246],[100.2024,15.6236],[100.2024,15.6191],[100.2043,15.6202],[100.2073,15.619],[100.2093,15.62],[100.2099,15.6228],[100.2139,15.6249],[100.2157,15.6289],[100.2191,15.6319],[100.2262,15.6315],[100.2281,15.6331],[100.2321,15.6333],[100.2336,15.6347],[100.2334,15.636],[100.2349,15.6356],[100.2399,15.6371],[100.2449,15.6353],[100.2522,15.6359],[100.2504,15.6333],[100.2571,15.6291],[100.2681,15.627],[100.2701,15.6168],[100.272,15.6135],[100.2728,15.6001],[100.2718,15.5999],[100.2711,15.5914],[100.2722,15.5863],[100.2746,15.5813],[100.2751,15.5747],[100.2902,15.5754],[100.2896,15.5712],[100.2908,15.5651],[100.2943,15.5615],[100.2963,15.5604],[100.2979,15.561],[100.3031,15.5648],[100.3105,15.5673],[100.3109,15.5679],[100.3093,15.5695],[100.3094,15.5736],[100.3121,15.5729],[100.3159,15.5747],[100.3201,15.5807],[100.3243,15.5819],[100.3287,15.5863],[100.3342,15.5953],[100.3385,15.5984],[100.3089,15.6329],[100.2964,15.6342],[100.2974,15.6426],[100.2964,15.6429],[100.2968,15.645],[100.2945,15.6455],[100.2954,15.6553],[100.2868,15.6561],[100.2895,15.665],[100.2898,15.6722],[100.289,15.6767],[100.2882,15.6769],[100.2895,15.6829],[100.289,15.6943],[100.2705,15.697]]]}},{"type":"Feature","properties":{"k":12,"name":"วัดไทร","district":"เมืองนครสวรรค์"},"geometry":{"type":"Polygon","coordinates":[[[100.0841,15.7577],[100.0813,15.7571],[100.0797,15.7582],[100.0786,15.7573],[100.0771,15.7579],[100.07,15.7633],[100.0688,15.7659],[100.0672,15.7655],[100.0626,15.7684],[100.0588,15.7681],[100.057,15.7701],[100.0547,15.7693],[100.0528,15.7704],[100.0522,15.768],[100.0514,15.7688],[100.0476,15.7674],[100.0482,15.7663],[100.0452,15.7639],[100.045,15.7626],[100.0467,15.7612],[100.0459,15.759],[100.0476,15.7569],[100.0518,15.7537],[100.0512,15.7529],[100.0529,15.7491],[100.0518,15.7481],[100.0554,15.7422],[100.0531,15.7413],[100.0547,15.7403],[100.0604,15.7398],[100.0615,15.7389],[100.0624,15.736],[100.061,15.73],[100.0614,15.7292],[100.0645,15.7284],[100.065,15.7229],[100.0673,15.72],[100.0657,15.7139],[100.078,15.7077],[100.0951,15.7072],[100.098,15.7125],[100.1025,15.7158],[100.1151,15.7213],[100.1131,15.7296],[100.1061,15.7321],[100.1032,15.7352],[100.1028,15.7371],[100.1042,15.7432],[100.1032,15.7463],[100.1006,15.7478],[100.0918,15.7484],[100.086,15.7536],[100.0841,15.7577]]]}},{"type":"Feature","properties":{"k":13,"name":"หนองกรด","district":"เมืองนครสวรรค์"},"geometry":{"type":"Polygon","coordinates":[[[100.0306,15.7621],[100.0304,15.7663],[100.0322,15.7727],[100.0311,15.776],[100.0291,15.7766],[100.0231,15.7758],[100.0182,15.7738],[100.017,15.773],[100.0187,15.7709],[100.0156,15.7691],[100.0149,15.7677],[100.0125,15.7685],[100.011,15.7671],[100.0027,15.769],[99.9912,15.7689],[99.9909,15.766],[99.9899,15.7654],[99.9805,15.7677],[99.9805,15.7662],[99.9666,15.7674],[99.9652,15.7645],[99.9638,15.7638],[99.9577,15.7648],[99.9567,15.7639],[99.956,15.7648],[99.9545,15.7642],[99.9537,15.7649],[99.9534,15.7634],[99.9513,15.762],[99.9506,15.763],[99.9461,15.7638],[99.944,15.7656],[99.9378,15.7667],[99.938,15.7618],[99.9352,15.7586],[99.9333,15.7477],[99.9338,15.7458],[99.9361,15.7449],[99.9372,15.74],[99.9416,15.7347],[99.9426,15.7293],[99.9458,15.7212],[99.944,15.7176],[99.9369,15.7163],[99.9318,15.7132],[99.9297,15.7069],[99.93,15.7013],[99.9321,15.6947],[99.9287,15.6901],[99.9272,15.6855],[99.9314,15.681],[99.9325,15.6723],[99.9364,15.676],[99.9382,15.6763],[99.9476,15.6756],[99.95,15.6735],[99.9594,15.6755],[99.969,15.6751],[99.9722,15.682],[99.9755,15.6811],[99.976,15.6801],[99.9782,15.6801],[99.9787,15.6784],[99.9799,15.6786],[99.9855,15.6752],[99.9965,15.6787],[100.0045,15.6799],[100.0227,15.6735],[100.0228,15.6756],[100.0261,15.6749],[100.0269,15.6761],[100.0306,15.676],[100.0313,15.6779],[100.0395,15.678],[100.0404,15.6809],[100.0418,15.6813],[100.0461,15.6781],[100.0474,15.6788],[100.048,15.6796],[100.047,15.6831],[100.0449,15.6829],[100.0414,15.6844],[100.0395,15.6873],[100.0426,15.6917],[100.0465,15.6908],[100.0486,15.6942],[100.049,15.6977],[100.0474,15.7024],[100.0487,15.7065],[100.0456,15.7095],[100.0482,15.7162],[100.0508,15.7174],[100.0514,15.7193],[100.0599,15.7168],[100.0657,15.7139],[100.0673,15.72],[100.065,15.7229],[100.0645,15.7284],[100.0614,15.7292],[100.061,15.73],[100.0624,15.736],[100.0615,15.7389],[100.0604,15.7398],[100.0547,15.7403],[100.0531,15.7413],[100.0554,15.7422],[100.0518,15.7481],[100.0529,15.7491],[100.0512,15.7529],[100.0518,15.7537],[100.0459,15.759],[100.0467,15.7612],[100.045,15.7624],[100.0452,15.7639],[100.0408,15.7629],[100.0394,15.765],[100.035,15.7629],[100.0306,15.7621]]]}},{"type":"Feature","properties":{"k":14,"name":"หนองกระโดน","district":"เมืองนครสวรรค์"},"geometry":{"type":"Polygon","coordinates":[[[99.9932,15.8464],[99.9899,15.8475],[99.9888,15.8469],[99.989,15.8459],[99.9873,15.8464],[99.9859,15.8448],[99.9849,15.8465],[99.9834,15.8465],[99.9817,15.8482],[99.9803,15.8473],[99.9759,15.8488],[99.9698,15.8441],[99.9684,15.8419],[99.9653,15.8434],[99.963,15.8423],[99.9613,15.8434],[99.9579,15.8432],[99.9569,15.8444],[99.9569,15.8478],[99.9547,15.8472],[99.9542,15.8458],[99.9478,15.8466],[99.9428,15.8459],[99.9348,15.8431],[99.9337,15.8412],[99.9278,15.8369],[99.9194,15.8365],[99.9061,15.8308],[99.9016,15.8258],[99.8989,15.8251],[99.8986,15.8236],[99.8956,15.821],[99.8941,15.8161],[99.8915,15.813],[99.8988,15.8116],[99.9008,15.8057],[99.9,15.7985],[99.9071,15.799],[99.9046,15.7963],[99.9039,15.7932],[99.9055,15.7843],[99.904,15.7803],[99.9041,15.7776],[99.9225,15.7827],[99.9294,15.7784],[99.9342,15.7773],[99.9335,15.7686],[99.9347,15.7691],[99.9372,15.7684],[99.9384,15.7663],[99.9439,15.7656],[99.9461,15.7638],[99.9506,15.763],[99.9513,15.762],[99.9534,15.7634],[99.9537,15.7649],[99.9545,15.7642],[99.956,15.7648],[99.9567,15.7639],[99.9577,15.7648],[99.9638,15.7638],[99.9652,15.7645],[99.9666,15.7674],[99.9805,15.7662],[99.9805,15.7677],[99.9899,15.7654],[99.9909,15.766],[99.9916,15.7689],[100.0032,15.769],[100.0108,15.7671],[100.0125,15.7685],[100.0149,15.7677],[100.0156,15.7691],[100.0187,15.7709],[100.0171,15.7731],[100.0231,15.7758],[100.0291,15.7766],[100.0383,15.7831],[100.0397,15.7847],[100.0385,15.7888],[100.0394,15.7897],[100.0356,15.7899],[100.0343,15.7948],[100.0323,15.7973],[100.0336,15.7984],[100.0255,15.8093],[100.0253,15.8125],[100.0233,15.8155],[100.011,15.8304],[100.008,15.8321],[100.0056,15.8307],[100.0037,15.8326],[100.0022,15.8347],[100.0029,15.8356],[100.0026,15.8374],[100.0009,15.839],[99.9979,15.8398],[99.9932,15.8464]]]}},{"type":"Feature","properties":{"k":15,"name":"หนองปลิง","district":"เมืองนครสวรรค์"},"geometry":{"type":"Polygon","coordinates":[[[100.2024,15.6191],[100.2024,15.6236],[100.1969,15.6246],[100.1991,15.6328],[100.1977,15.6406],[100.1977,15.6498],[100.191,15.6517],[100.1919,15.6555],[100.1746,15.6994],[100.1656,15.6903],[100.1567,15.6885],[100.1565,15.687],[100.1475,15.685],[100.1477,15.6821],[100.1445,15.6815],[100.1446,15.6801],[100.1425,15.6789],[100.1418,15.6773],[100.143,15.6753],[100.1405,15.6738],[100.1402,15.6722],[100.14,15.6696],[100.1428,15.6692],[100.1416,15.6663],[100.1429,15.663],[100.1419,15.6596],[100.143,15.6554],[100.1416,15.6534],[100.1398,15.6536],[100.1379,15.6524],[100.1372,15.6439],[100.1357,15.6433],[100.1364,15.6421],[100.1416,15.6415],[100.1416,15.6402],[100.146,15.6348],[100.1483,15.6341],[100.1489,15.632],[100.147,15.6301],[100.1466,15.6254],[100.1449,15.6241],[100.1455,15.6217],[100.1439,15.6136],[100.1407,15.6079],[100.1413,15.6049],[100.1438,15.6032],[100.1507,15.6041],[100.1535,15.6027],[100.1534,15.6012],[100.1585,15.5982],[100.1609,15.5987],[100.1641,15.5967],[100.1711,15.5953],[100.1746,15.5968],[100.1793,15.5937],[100.1831,15.5943],[100.1889,15.5911],[100.191,15.5939],[100.1923,15.5935],[100.193,15.5952],[100.1945,15.5958],[100.1955,15.6001],[100.1946,15.6004],[100.1948,15.6035],[100.1936,15.6055],[100.1935,15.6084],[100.2008,15.6151],[100.2024,15.6191]]]}},{"type":"Feature","properties":{"k":16,"name":"บึงเสนาท","district":"เมืองนครสวรรค์"},"geometry":{"type":"Polygon","coordinates":[[[100.1357,15.7873],[100.132,15.7881],[100.1289,15.7862],[100.1262,15.7863],[100.1269,15.782],[100.1258,15.7814],[100.1285,15.7732],[100.1274,15.772],[100.1253,15.7718],[100.1248,15.7687],[100.1275,15.7647],[100.1346,15.7637],[100.1344,15.7624],[100.1323,15.7612],[100.1324,15.7568],[100.1312,15.7551],[100.1345,15.7528],[100.1357,15.7509],[100.1347,15.7496],[100.1298,15.7476],[100.127,15.7431],[100.1288,15.7407],[100.128,15.7386],[100.1305,15.7376],[100.1307,15.7353],[100.1338,15.7358],[100.1357,15.7308],[100.1352,15.7278],[100.1425,15.7173],[100.1446,15.715],[100.1469,15.7157],[100.1492,15.7138],[100.15,15.7156],[100.1499,15.7248],[100.1542,15.7298],[100.155,15.7325],[100.1514,15.7359],[100.1521,15.7392],[100.1514,15.7408],[100.1443,15.7431],[100.1426,15.748],[100.1376,15.7522],[100.1373,15.7543],[100.1396,15.7587],[100.1408,15.7669],[100.1463,15.7658],[100.1483,15.7665],[100.1411,15.7695],[100.14,15.7747],[100.1324,15.7792],[100.132,15.7827],[100.1357,15.7873]]]}},{"type":"Feature","properties":{"k":17,"name":"โกรกพระ","district":"โกรกพระ"},"geometry":{"type":"Polygon","coordinates":[[[100.0698,15.5868],[100.0671,15.5918],[100.062,15.591],[100.0593,15.5879],[100.0593,15.5849],[100.0493,15.5809],[100.0441,15.577],[100.0382,15.5761],[100.0361,15.5746],[100.038,15.5568],[100.043,15.5407],[100.0422,15.5343],[100.0413,15.5329],[100.0437,15.5306],[100.0436,15.5283],[100.0454,15.5264],[100.051,15.531],[100.0515,15.5328],[100.0563,15.534],[100.0575,15.533],[100.0652,15.5364],[100.0697,15.5371],[100.0733,15.5397],[100.0858,15.5414],[100.089,15.5389],[100.0912,15.5386],[100.1041,15.5475],[100.1061,15.5505],[100.111,15.554],[100.0946,15.555],[100.0854,15.5514],[100.0819,15.5515],[100.0805,15.5539],[100.0811,15.5575],[100.0868,15.571],[100.0908,15.5749],[100.0862,15.5755],[100.0826,15.5775],[100.0752,15.5762],[100.0731,15.5783],[100.0748,15.5829],[100.0735,15.5873],[100.0698,15.5868]]]}},{"type":"Feature","properties":{"k":18,"name":"ยางตาล","district":"โกรกพระ"},"geometry":{"type":"Polygon","coordinates":[[[100.1366,15.6196],[100.1287,15.6197],[100.1292,15.6168],[100.1194,15.6154],[100.1046,15.6191],[100.0998,15.6175],[100.097,15.6145],[100.0914,15.613],[100.0923,15.6085],[100.103,15.6004],[100.1046,15.5976],[100.1051,15.5935],[100.1038,15.59],[100.0963,15.5814],[100.0938,15.5761],[100.0908,15.5749],[100.0868,15.571],[100.0806,15.5556],[100.0807,15.5531],[100.0819,15.5515],[100.0854,15.5514],[100.0946,15.555],[100.111,15.554],[100.1162,15.5582],[100.1195,15.5668],[100.1395,15.5709],[100.139,15.5802],[100.1393,15.5822],[100.1409,15.5838],[100.139,15.5855],[100.1395,15.5913],[100.1348,15.6013],[100.1366,15.6057],[100.1413,15.6095],[100.1413,15.6118],[100.139,15.6181],[100.1366,15.6196]]]}},{"type":"Feature","properties":{"k":19,"name":"บางมะฝ่อ","district":"โกรกพระ"},"geometry":{"type":"Polygon","coordinates":[[[100.1024,15.6012],[100.0893,15.6101],[100.0866,15.6102],[100.0845,15.6087],[100.0817,15.6104],[100.0804,15.6166],[100.0774,15.6224],[100.0733,15.6245],[100.0688,15.6241],[100.0602,15.6186],[100.063,15.6166],[100.0633,15.6143],[100.0623,15.6122],[100.058,15.6096],[100.0569,15.6033],[100.057,15.5954],[100.062,15.5968],[100.0705,15.596],[100.0668,15.5914],[100.0698,15.5868],[100.0735,15.5873],[100.0748,15.5829],[100.0731,15.5783],[100.0752,15.5762],[100.0826,15.5775],[100.0862,15.5755],[100.0922,15.5751],[100.0938,15.5761],[100.0963,15.5814],[100.1038,15.59],[100.1052,15.5945],[100.1045,15.5979],[100.1024,15.6012]]]}},{"type":"Feature","properties":{"k":20,"name":"บางประมุง","district":"โกรกพระ"},"geometry":{"type":"Polygon","coordinates":[[[99.9782,15.6801],[99.9721,15.682],[99.969,15.6751],[99.9594,15.6755],[99.95,15.6735],[99.9476,15.6756],[99.9364,15.676],[99.9325,15.6723],[99.9341,15.6662],[99.9333,15.659],[99.9345,15.6479],[99.9383,15.6476],[99.9425,15.6495],[99.9438,15.6462],[99.945,15.6456],[99.9536,15.6486],[99.9595,15.6477],[99.9658,15.6492],[99.974,15.6469],[99.9756,15.646],[99.9757,15.6442],[99.9821,15.6445],[99.9836,15.6432],[99.9878,15.6446],[99.9929,15.6438],[99.9945,15.6458],[99.9978,15.6453],[99.9993,15.6467],[100.002,15.6472],[100.0039,15.6461],[100.0089,15.6473],[100.0141,15.6448],[100.023,15.6492],[100.0223,15.646],[100.0172,15.6414],[100.0194,15.6236],[100.026,15.6112],[100.0269,15.6046],[100.0322,15.6005],[100.034,15.6006],[100.0404,15.6028],[100.0447,15.6067],[100.0475,15.6047],[100.0475,15.6027],[100.0496,15.5999],[100.0496,15.5958],[100.0518,15.5963],[100.0517,15.5931],[100.057,15.5954],[100.0569,15.6033],[100.058,15.6096],[100.063,15.6131],[100.063,15.6166],[100.0602,15.6186],[100.055,15.6166],[100.0471,15.6161],[100.0399,15.6186],[100.0333,15.628],[100.0322,15.6374],[100.037,15.6464],[100.039,15.6543],[100.0412,15.6565],[100.0437,15.6542],[100.0463,15.6415],[100.0493,15.6361],[100.0519,15.6341],[100.0551,15.6332],[100.0587,15.6334],[100.062,15.6357],[100.0624,15.6389],[100.0601,15.6466],[100.0608,15.6488],[100.0599,15.6499],[100.0584,15.658],[100.0592,15.665],[100.0606,15.6664],[100.0592,15.6687],[100.0571,15.6693],[100.0545,15.6679],[100.053,15.671],[100.0484,15.676],[100.0471,15.6743],[100.0455,15.674],[100.0443,15.6753],[100.0458,15.6788],[100.0418,15.6813],[100.0404,15.6809],[100.0395,15.678],[100.0313,15.6779],[100.0306,15.676],[100.0269,15.6761],[100.0261,15.6749],[100.0228,15.6756],[100.0227,15.6735],[100.0045,15.6799],[99.9965,15.6787],[99.9855,15.6752],[99.9799,15.6786],[99.9787,15.6784],[99.9782,15.6801]]]}},{"type":"Feature","properties":{"k":21,"name":"นากลาง","district":"โกรกพระ"},"geometry":{"type":"Polygon","coordinates":[[[100.0172,15.6416],[100.0228,15.6468],[100.023,15.6492],[100.0141,15.6448],[100.0089,15.6473],[100.0039,15.6461],[100.002,15.6472],[99.9993,15.6467],[99.9978,15.6453],[99.9945,15.6458],[99.9929,15.6438],[99.9878,15.6446],[99.9836,15.6432],[99.9821,15.6445],[99.9757,15.6442],[99.9756,15.646],[99.974,15.6469],[99.9658,15.6492],[99.9595,15.6477],[99.9536,15.6486],[99.945,15.6456],[99.9438,15.6462],[99.9425,15.6495],[99.9383,15.6476],[99.9345,15.6479],[99.9415,15.625],[99.942,15.6189],[99.9399,15.6083],[99.9429,15.6007],[99.9434,15.5968],[99.9504,15.5919],[99.9645,15.5943],[99.9708,15.5929],[99.9779,15.595],[99.9885,15.5962],[100.003,15.5936],[100.0042,15.5943],[100.0102,15.594],[100.0182,15.591],[100.0283,15.5936],[100.0319,15.5978],[100.0322,15.6005],[100.0269,15.6046],[100.026,15.6112],[100.0194,15.6236],[100.0172,15.6416]]]}},{"type":"Feature","properties":{"k":22,"name":"ศาลาแดง","district":"โกรกพระ"},"geometry":{"type":"Polygon","coordinates":[[[100.0493,15.6006],[100.0475,15.6027],[100.0474,15.6048],[100.0445,15.6066],[100.0396,15.6023],[100.0322,15.6005],[100.0318,15.5976],[100.0277,15.5932],[100.0182,15.591],[100.0102,15.594],[100.0042,15.5943],[100.003,15.5936],[99.9885,15.5962],[99.9779,15.595],[99.9708,15.5929],[99.9645,15.5943],[99.9504,15.5919],[99.9436,15.5965],[99.9428,15.6012],[99.9408,15.6045],[99.9391,15.6031],[99.9374,15.5996],[99.9382,15.5852],[99.9409,15.581],[99.9425,15.5724],[99.9617,15.5717],[99.9716,15.5686],[99.9742,15.57],[99.9764,15.5686],[99.9781,15.5688],[99.9789,15.5683],[99.9768,15.5643],[99.9759,15.5538],[99.9856,15.5515],[99.9896,15.5517],[99.9935,15.5531],[99.9955,15.5514],[99.9987,15.5546],[100.0015,15.555],[100.0011,15.5593],[100.0028,15.5666],[100.0022,15.5695],[100.0036,15.573],[100.0062,15.5761],[100.01,15.575],[100.0105,15.5772],[100.0126,15.5776],[100.0124,15.5813],[100.0155,15.5817],[100.0175,15.5778],[100.0201,15.5762],[100.0284,15.5754],[100.03,15.5739],[100.0361,15.5746],[100.0382,15.5761],[100.0441,15.577],[100.0493,15.5809],[100.0593,15.5849],[100.0593,15.5879],[100.0606,15.59],[100.0671,15.5918],[100.0706,15.5955],[100.0667,15.5968],[100.0597,15.5967],[100.0517,15.5931],[100.0518,15.5963],[100.0496,15.5958],[100.0493,15.6006]]]}},{"type":"Feature","properties":{"k":23,"name":"เนินกว้าว","district":"โกรกพระ"},"geometry":{"type":"Polygon","coordinates":[[[100.0228,15.5757],[100.0178,15.5776],[100.0155,15.5817],[100.0124,15.5813],[100.0126,15.5776],[100.0105,15.5772],[100.01,15.575],[100.0061,15.576],[100.0035,15.5728],[100.0022,15.5695],[100.0028,15.5666],[100.0011,15.5593],[100.0014,15.5548],[99.9987,15.5546],[99.9964,15.5519],[99.9949,15.5514],[99.9935,15.5531],[99.9896,15.5517],[99.9856,15.5515],[99.9763,15.5541],[99.9761,15.5408],[99.9782,15.5398],[99.9844,15.5429],[99.9877,15.5429],[99.9888,15.542],[99.9896,15.5403],[99.9887,15.5382],[99.9892,15.5305],[99.9868,15.5215],[99.9892,15.5193],[99.9917,15.5197],[100.0045,15.5142],[100.0139,15.5169],[100.0139,15.5125],[100.016,15.5092],[100.019,15.5108],[100.0191,15.5099],[100.0214,15.5087],[100.0261,15.5073],[100.0378,15.5116],[100.0409,15.5144],[100.0439,15.5214],[100.0468,15.5223],[100.0473,15.5244],[100.0441,15.5275],[100.0437,15.5306],[100.0413,15.5328],[100.0422,15.5343],[100.043,15.5407],[100.038,15.5568],[100.0361,15.5746],[100.03,15.5739],[100.0284,15.5754],[100.0256,15.5754],[100.0241,15.5763],[100.0228,15.5757]]]}},{"type":"Feature","properties":{"k":24,"name":"เนินศาลา","district":"โกรกพระ"},"geometry":{"type":"Polygon","coordinates":[[[99.9617,15.5717],[99.9425,15.5724],[99.9403,15.5588],[99.9403,15.5333],[99.9439,15.5269],[99.9438,15.5202],[99.947,15.5141],[99.9453,15.5053],[99.9477,15.5008],[99.9566,15.5049],[99.959,15.5071],[99.9609,15.5117],[99.962,15.511],[99.9634,15.5133],[99.9701,15.5187],[99.9747,15.5207],[99.9773,15.5203],[99.9853,15.5221],[99.9868,15.5215],[99.9892,15.5305],[99.9887,15.5382],[99.9896,15.5403],[99.9882,15.5426],[99.9838,15.5428],[99.9777,15.5397],[99.9762,15.5405],[99.9757,15.5514],[99.9768,15.564],[99.9789,15.5684],[99.9742,15.57],[99.9712,15.5687],[99.9617,15.5717]]]}},{"type":"Feature","properties":{"k":25,"name":"หาดสูง","district":"โกรกพระ"},"geometry":{"type":"Polygon","coordinates":[[[99.9893,15.5192],[99.9853,15.5221],[99.9773,15.5203],[99.9747,15.5207],[99.9701,15.5187],[99.9634,15.5133],[99.962,15.511],[99.9609,15.5117],[99.9589,15.507],[99.9621,15.5037],[99.9668,15.5032],[99.9677,15.4994],[99.9711,15.5014],[99.9738,15.4988],[99.9772,15.4994],[99.9796,15.4961],[99.9849,15.4963],[99.9856,15.4952],[99.9838,15.4933],[99.9839,15.4918],[99.987,15.4922],[99.9889,15.4901],[99.9932,15.4918],[99.9947,15.4903],[99.9947,15.4878],[99.9958,15.486],[99.9995,15.4852],[100.0005,15.4837],[100.0066,15.4862],[100.0098,15.4919],[100.0091,15.4987],[100.007,15.5005],[100.0071,15.5014],[100.0159,15.5035],[100.0261,15.5073],[100.0214,15.5087],[100.0191,15.5099],[100.019,15.5108],[100.016,15.5092],[100.0139,15.5125],[100.0141,15.5168],[100.0045,15.5142],[99.9917,15.5197],[99.9893,15.5192]]]}},{"type":"Feature","properties":{"k":26,"name":"ชุมแสง","district":"ชุมแสง"},"geometry":{"type":"Polygon","coordinates":[[[100.3192,15.8962],[100.3136,15.9021],[100.3037,15.9073],[100.3045,15.9025],[100.3081,15.8992],[100.3083,15.8959],[100.3066,15.8937],[100.3035,15.8919],[100.2982,15.8921],[100.2983,15.8883],[100.3052,15.8836],[100.3151,15.8885],[100.3192,15.8962]]]}},{"type":"Feature","properties":{"k":27,"name":"ทับกฤช","district":"ชุมแสง"},"geometry":{"type":"Polygon","coordinates":[[[100.3429,15.7807],[100.3418,15.7873],[100.3411,15.8089],[100.3331,15.8088],[100.3212,15.8184],[100.3136,15.8226],[100.3127,15.8206],[100.3098,15.8192],[100.3077,15.8192],[100.3051,15.8215],[100.3029,15.8213],[100.3002,15.8195],[100.2952,15.8217],[100.2918,15.8216],[100.2897,15.8192],[100.2822,15.8182],[100.2804,15.8144],[100.2724,15.8137],[100.2704,15.8159],[100.2648,15.8158],[100.2645,15.8117],[100.2612,15.8107],[100.2626,15.8091],[100.2622,15.808],[100.2592,15.8082],[100.2591,15.8051],[100.257,15.8031],[100.2547,15.803],[100.2549,15.8013],[100.2527,15.7939],[100.253,15.7928],[100.256,15.7923],[100.2567,15.7913],[100.2549,15.7865],[100.2574,15.7765],[100.2577,15.771],[100.2541,15.7636],[100.2551,15.7533],[100.2536,15.7527],[100.2495,15.7541],[100.2474,15.7533],[100.2466,15.7517],[100.2471,15.7461],[100.244,15.7435],[100.2357,15.7424],[100.2286,15.7396],[100.2228,15.7292],[100.2285,15.7214],[100.2359,15.7171],[100.2398,15.7123],[100.2474,15.6982],[100.2746,15.6966],[100.2963,15.6929],[100.3006,15.6935],[100.2996,15.6987],[100.3024,15.7035],[100.311,15.7072],[100.3157,15.7216],[100.32,15.7255],[100.3284,15.7421],[100.3276,15.7502],[100.3239,15.7547],[100.3153,15.762],[100.3134,15.7663],[100.3135,15.7703],[100.318,15.7722],[100.3318,15.774],[100.3383,15.7768],[100.3429,15.7807]]]}},{"type":"Feature","properties":{"k":28,"name":"พิกุล","district":"ชุมแสง"},"geometry":{"type":"Polygon","coordinates":[[[100.3312,15.9406],[100.3275,15.9396],[100.3178,15.931],[100.3172,15.9294],[100.3191,15.925],[100.3073,15.913],[100.2986,15.913],[100.2994,15.918],[100.2987,15.9213],[100.2951,15.9195],[100.2874,15.921],[100.2866,15.9191],[100.2898,15.9174],[100.2903,15.9149],[100.2895,15.9123],[100.2877,15.9115],[100.288,15.9091],[100.2854,15.9058],[100.2863,15.903],[100.2874,15.9024],[100.2866,15.8994],[100.2988,15.8941],[100.3024,15.8941],[100.3035,15.8919],[100.3074,15.8944],[100.3085,15.8974],[100.3081,15.8992],[100.3045,15.9025],[100.3037,15.9073],[100.3136,15.9021],[100.3192,15.8962],[100.3151,15.8885],[100.3096,15.8858],[100.3106,15.8837],[100.3201,15.8701],[100.3334,15.8651],[100.3386,15.8722],[100.3431,15.8764],[100.3477,15.8732],[100.3531,15.8716],[100.354,15.8907],[100.3555,15.8949],[100.3559,15.8999],[100.3481,15.901],[100.3483,15.9023],[100.3389,15.903],[100.3384,15.9039],[100.3396,15.9055],[100.3432,15.9067],[100.3434,15.9097],[100.3475,15.9144],[100.3505,15.9128],[100.3532,15.9139],[100.3527,15.9183],[100.3546,15.9192],[100.3529,15.9218],[100.3548,15.9325],[100.3567,15.9377],[100.3566,15.9389],[100.3538,15.9361],[100.3496,15.9349],[100.3382,15.9378],[100.3312,15.9406]]]}},{"type":"Feature","properties":{"k":29,"name":"เกยไชย","district":"ชุมแสง"},"geometry":{"type":"Polygon","coordinates":[[[100.3035,15.8919],[100.3024,15.8941],[100.2988,15.8941],[100.2866,15.8994],[100.2851,15.8987],[100.2842,15.8961],[100.2869,15.8923],[100.2853,15.8904],[100.2799,15.8926],[100.2733,15.887],[100.2681,15.8792],[100.2645,15.8768],[100.258,15.875],[100.2508,15.8744],[100.2435,15.8695],[100.2483,15.8614],[100.2517,15.8623],[100.2636,15.8551],[100.3161,15.8393],[100.3163,15.8567],[100.3212,15.8559],[100.3236,15.8574],[100.3296,15.8565],[100.3321,15.8588],[100.3334,15.8651],[100.3201,15.8701],[100.3096,15.8858],[100.3052,15.8836],[100.2983,15.8883],[100.2982,15.8921],[100.3035,15.8919]]]}},{"type":"Feature","properties":{"k":30,"name":"ท่าไม้","district":"ชุมแสง"},"geometry":{"type":"Polygon","coordinates":[[[100.2686,15.9396],[100.2625,15.9421],[100.2635,15.9496],[100.2647,15.9506],[100.2622,15.9575],[100.2579,15.961],[100.2526,15.9609],[100.2477,15.9583],[100.2458,15.9527],[100.2415,15.9467],[100.2414,15.9457],[100.2475,15.9384],[100.2454,15.9362],[100.2411,15.9341],[100.2363,15.9337],[100.2342,15.9306],[100.2305,15.9289],[100.229,15.927],[100.2236,15.9283],[100.2167,15.9279],[100.2175,15.9227],[100.2238,15.9212],[100.2251,15.92],[100.2212,15.9148],[100.2218,15.908],[100.2204,15.9074],[100.2202,15.9062],[100.2229,15.9043],[100.2229,15.9022],[100.2285,15.8999],[100.2355,15.8988],[100.2353,15.8943],[100.2325,15.8893],[100.2331,15.8827],[100.2394,15.8788],[100.2385,15.8749],[100.2408,15.8749],[100.2435,15.8695],[100.2508,15.8744],[100.258,15.875],[100.2645,15.8768],[100.2681,15.8792],[100.2733,15.887],[100.2799,15.8926],[100.2853,15.8904],[100.2869,15.8922],[100.2842,15.8959],[100.2874,15.9022],[100.2863,15.903],[100.2854,15.906],[100.2877,15.9086],[100.2877,15.9115],[100.2895,15.9123],[100.2903,15.9151],[100.2898,15.9174],[100.2866,15.9191],[100.2874,15.9209],[100.2866,15.9224],[100.2887,15.9222],[100.2877,15.9277],[100.2851,15.9298],[100.283,15.9298],[100.2826,15.9309],[100.2803,15.9298],[100.2776,15.9351],[100.2786,15.9371],[100.2769,15.9389],[100.2775,15.9406],[100.2759,15.941],[100.2768,15.9423],[100.2759,15.9435],[100.2718,15.9433],[100.2691,15.9412],[100.2686,15.9396]]]}},{"type":"Feature","properties":{"k":31,"name":"บางเคียน","district":"ชุมแสง"},"geometry":{"type":"Polygon","coordinates":[[[100.2016,15.9341],[100.2006,15.9349],[100.199,15.9339],[100.1989,15.9327],[100.1933,15.934],[100.1845,15.9338],[100.1826,15.9291],[100.1818,15.929],[100.1799,15.9294],[100.1755,15.9334],[100.1685,15.9316],[100.1697,15.9288],[100.1729,15.9254],[100.1701,15.9226],[100.1702,15.9199],[100.1691,15.9194],[100.1689,15.9181],[100.1711,15.9069],[100.1705,15.905],[100.172,15.9017],[100.1712,15.8959],[100.1745,15.8863],[100.1719,15.8842],[100.1735,15.8827],[100.1734,15.881],[100.1722,15.8805],[100.1705,15.8815],[100.1699,15.8802],[100.1724,15.8771],[100.1749,15.8767],[100.175,15.8725],[100.1782,15.8726],[100.1782,15.8718],[100.1766,15.8712],[100.1767,15.8703],[100.1804,15.8695],[100.1817,15.8703],[100.1838,15.868],[100.1805,15.8633],[100.177,15.8646],[100.1741,15.8637],[100.1744,15.8591],[100.1776,15.8591],[100.1778,15.8548],[100.1877,15.8543],[100.1882,15.8534],[100.1845,15.8497],[100.1848,15.8481],[100.1867,15.8465],[100.1843,15.8436],[100.1848,15.8373],[100.1834,15.837],[100.1837,15.839],[100.1827,15.8395],[100.1795,15.8366],[100.1801,15.8354],[100.1821,15.8354],[100.1808,15.8337],[100.183,15.8319],[100.1779,15.8305],[100.1769,15.8256],[100.175,15.8221],[100.1766,15.8216],[100.1769,15.8203],[100.1763,15.8194],[100.1747,15.8202],[100.173,15.8192],[100.1728,15.8161],[100.1697,15.8097],[100.1705,15.8049],[100.1664,15.8044],[100.1657,15.8035],[100.1653,15.797],[100.1672,15.7948],[100.1671,15.7937],[100.1657,15.7929],[100.1621,15.7943],[100.1609,15.7935],[100.1603,15.7851],[100.1611,15.7838],[100.1637,15.7833],[100.1649,15.7847],[100.1666,15.784],[100.1707,15.7847],[100.1744,15.7829],[100.1762,15.7879],[100.1831,15.7912],[100.1851,15.7907],[100.1854,15.7886],[100.1866,15.7883],[100.1909,15.7904],[100.1985,15.789],[100.2156,15.7921],[100.2146,15.7975],[100.2153,15.8004],[100.2181,15.804],[100.22,15.8033],[100.2207,15.8047],[100.2261,15.807],[100.2273,15.8091],[100.2271,15.8114],[100.2246,15.815],[100.2267,15.8195],[100.2188,15.8203],[100.2161,15.824],[100.216,15.8283],[100.2175,15.8306],[100.2195,15.8316],[100.2193,15.8356],[100.2208,15.8401],[100.219,15.8423],[100.2208,15.8467],[100.22,15.8478],[100.2169,15.8476],[100.2184,15.8492],[100.2215,15.85],[100.222,15.851],[100.2236,15.8509],[100.2237,15.8521],[100.2223,15.8528],[100.2226,15.8545],[100.2254,15.8573],[100.2285,15.8574],[100.2274,15.8632],[100.2259,15.8657],[100.231,15.8664],[100.234,15.8702],[100.2369,15.8686],[100.2435,15.8695],[100.2408,15.8749],[100.2385,15.8749],[100.2394,15.8788],[100.2331,15.8827],[100.2325,15.8893],[100.2353,15.8943],[100.2355,15.8988],[100.2285,15.8999],[100.2229,15.9022],[100.2229,15.9043],[100.2202,15.9062],[100.2204,15.9074],[100.2218,15.908],[100.2211,15.9146],[100.2251,15.9202],[100.2175,15.9227],[100.2166,15.9285],[100.2154,15.9281],[100.2108,15.9306],[100.2042,15.9314],[100.2031,15.9345],[100.2016,15.9341]]]}},{"type":"Feature","properties":{"k":32,"name":"หนองกระเจา","district":"ชุมแสง"},"geometry":{"type":"Polygon","coordinates":[[[100.3818,15.9404],[100.3627,15.9406],[100.3591,15.9403],[100.3566,15.9389],[100.3529,15.9218],[100.3546,15.9192],[100.3527,15.9183],[100.3532,15.9139],[100.3505,15.9128],[100.3475,15.9144],[100.3434,15.9097],[100.3432,15.9067],[100.3396,15.9055],[100.3384,15.9039],[100.3389,15.903],[100.3483,15.9023],[100.3481,15.901],[100.3559,15.8999],[100.3555,15.8949],[100.354,15.8907],[100.3531,15.8716],[100.3477,15.8732],[100.3431,15.8764],[100.3386,15.8722],[100.3334,15.8651],[100.3382,15.866],[100.3452,15.8653],[100.3603,15.8612],[100.3606,15.8621],[100.3634,15.8614],[100.3638,15.8629],[100.3682,15.8623],[100.3731,15.8557],[100.3735,15.8532],[100.3777,15.8538],[100.3856,15.8527],[100.4033,15.8452],[100.4069,15.8476],[100.4081,15.8498],[100.4085,15.8672],[100.4106,15.8673],[100.4136,15.8692],[100.4135,15.8733],[100.4178,15.8777],[100.4314,15.8869],[100.4366,15.8969],[100.4394,15.9096],[100.4499,15.9223],[100.4608,15.927],[100.4612,15.9306],[100.4601,15.9319],[100.4607,15.9384],[100.4511,15.9373],[100.4485,15.9361],[100.4488,15.9309],[100.4454,15.9302],[100.4434,15.9307],[100.4448,15.9336],[100.4372,15.9369],[100.4267,15.9385],[100.4269,15.9346],[100.4211,15.9318],[100.4114,15.9299],[100.3915,15.9347],[100.3877,15.9387],[100.3843,15.939],[100.3818,15.9404]]]}},{"type":"Feature","properties":{"k":33,"name":"พันลาน","district":"ชุมแสง"},"geometry":{"type":"Polygon","coordinates":[[[100.3161,15.8393],[100.2636,15.8551],[100.2517,15.8623],[100.2446,15.8609],[100.2438,15.8599],[100.2442,15.8584],[100.2515,15.8529],[100.2531,15.8495],[100.2495,15.8404],[100.2511,15.8399],[100.2573,15.8431],[100.2591,15.8419],[100.2501,15.8328],[100.2509,15.8291],[100.2563,15.8273],[100.2569,15.8257],[100.2539,15.8214],[100.2511,15.8109],[100.2468,15.8068],[100.2462,15.8049],[100.2507,15.8033],[100.257,15.8031],[100.2592,15.8052],[100.2591,15.8081],[100.2625,15.8084],[100.2612,15.8107],[100.2645,15.8117],[100.2641,15.8147],[100.265,15.8158],[100.2704,15.8159],[100.2724,15.8137],[100.2806,15.8144],[100.2822,15.8182],[100.2882,15.8187],[100.2906,15.8197],[100.2912,15.8213],[100.2936,15.8218],[100.3002,15.8195],[100.3029,15.8213],[100.3051,15.8215],[100.3077,15.8192],[100.3102,15.8192],[100.3127,15.8206],[100.3136,15.8226],[100.3161,15.8393]]]}},{"type":"Feature","properties":{"k":34,"name":"โคกหม้อ","district":"ชุมแสง"},"geometry":{"type":"Polygon","coordinates":[[[100.2435,15.8695],[100.2369,15.8686],[100.234,15.8702],[100.231,15.8664],[100.2259,15.8657],[100.2274,15.8632],[100.2285,15.8574],[100.2254,15.8573],[100.2226,15.8545],[100.2223,15.8528],[100.2237,15.8521],[100.2236,15.8509],[100.222,15.851],[100.2215,15.85],[100.2184,15.8492],[100.2169,15.8476],[100.22,15.8478],[100.2208,15.8467],[100.219,15.8423],[100.2208,15.8401],[100.2193,15.8356],[100.2195,15.8316],[100.2175,15.8306],[100.216,15.8283],[100.2161,15.824],[100.2188,15.8203],[100.2267,15.8195],[100.2246,15.815],[100.2274,15.8098],[100.2261,15.807],[100.2207,15.8047],[100.22,15.8033],[100.2181,15.804],[100.215,15.7999],[100.2154,15.7902],[100.2174,15.786],[100.2259,15.7965],[100.2263,15.7998],[100.2311,15.8028],[100.2344,15.8039],[100.237,15.8018],[100.2421,15.8001],[100.2457,15.8019],[100.2514,15.8006],[100.2547,15.803],[100.2478,15.804],[100.246,15.8053],[100.2511,15.8109],[100.2539,15.8214],[100.2569,15.8257],[100.2563,15.8273],[100.2509,15.8291],[100.2501,15.8328],[100.2591,15.8422],[100.2573,15.8431],[100.2511,15.8399],[100.2495,15.8404],[100.2531,15.8495],[100.2515,15.8529],[100.244,15.8587],[100.2446,15.8609],[100.2483,15.8614],[100.2435,15.8695]]]}},{"type":"Feature","properties":{"k":35,"name":"ไผ่สิงห์","district":"ชุมแสง"},"geometry":{"type":"Polygon","coordinates":[[[100.4033,15.8452],[100.3856,15.8527],[100.3777,15.8538],[100.3735,15.8532],[100.3731,15.8557],[100.3682,15.8623],[100.3638,15.8629],[100.3634,15.8614],[100.3606,15.8621],[100.3603,15.8612],[100.3452,15.8653],[100.3382,15.866],[100.3334,15.8651],[100.3321,15.8588],[100.3296,15.8565],[100.3236,15.8574],[100.3212,15.8559],[100.3163,15.8567],[100.3161,15.8393],[100.3136,15.8226],[100.3212,15.8184],[100.3331,15.8088],[100.3411,15.8089],[100.3418,15.7873],[100.3429,15.7807],[100.3617,15.7976],[100.3694,15.7996],[100.3749,15.7993],[100.3908,15.813],[100.3978,15.8175],[100.4003,15.8176],[100.4022,15.8203],[100.407,15.8227],[100.4034,15.8373],[100.4033,15.8452]]]}},{"type":"Feature","properties":{"k":36,"name":"ฆะมัง","district":"ชุมแสง"},"geometry":{"type":"Polygon","coordinates":[[[100.3263,15.985],[100.3227,15.9878],[100.321,15.9871],[100.3245,15.9818],[100.3235,15.9744],[100.3192,15.9746],[100.3127,15.9771],[100.3093,15.9735],[100.3065,15.9735],[100.3066,15.9701],[100.3091,15.9675],[100.3107,15.967],[100.3107,15.9628],[100.3099,15.9611],[100.3075,15.9607],[100.3039,15.9581],[100.2993,15.9581],[100.2972,15.9558],[100.2955,15.9567],[100.2949,15.9546],[100.2922,15.9538],[100.2913,15.9518],[100.2841,15.9503],[100.2813,15.9463],[100.276,15.9435],[100.2768,15.9422],[100.2759,15.941],[100.2775,15.9406],[100.2769,15.9389],[100.2786,15.9371],[100.2776,15.9351],[100.2803,15.9298],[100.2826,15.9309],[100.283,15.9298],[100.2851,15.9298],[100.2877,15.9277],[100.2888,15.9244],[100.2886,15.9222],[100.2866,15.9224],[100.2874,15.921],[100.2951,15.9195],[100.2988,15.9213],[100.2994,15.918],[100.2986,15.913],[100.3073,15.913],[100.3183,15.9238],[100.3191,15.9253],[100.3174,15.9305],[100.3275,15.9396],[100.3312,15.9406],[100.3464,15.9738],[100.331,15.9846],[100.3263,15.985]]]}},{"type":"Feature","properties":{"k":37,"name":"ทับกฤชใต้","district":"ชุมแสง"},"geometry":{"type":"Polygon","coordinates":[[[100.2344,15.8039],[100.2263,15.7998],[100.2259,15.7965],[100.2174,15.786],[100.2078,15.7703],[100.2077,15.7652],[100.204,15.7576],[100.2043,15.7554],[100.2065,15.7524],[100.2126,15.751],[100.2157,15.7459],[100.2228,15.7292],[100.2286,15.7396],[100.2357,15.7424],[100.244,15.7435],[100.2471,15.7461],[100.2466,15.7517],[100.2474,15.7533],[100.2499,15.7541],[100.2541,15.7527],[100.2552,15.7537],[100.254,15.7628],[100.2575,15.7697],[100.2578,15.7719],[100.2549,15.7865],[100.2566,15.7918],[100.2526,15.7935],[100.2549,15.8025],[100.2508,15.8005],[100.2457,15.8019],[100.2417,15.8001],[100.237,15.8018],[100.2344,15.8039]]]}},{"type":"Feature","properties":{"k":38,"name":"หนองบัว","district":"หนองบัว"},"geometry":{"type":"Polygon","coordinates":[[[100.5525,15.8979],[100.55,15.8977],[100.5487,15.8963],[100.547,15.8966],[100.5456,15.8937],[100.5432,15.8922],[100.5421,15.8933],[100.5407,15.892],[100.54,15.8926],[100.5402,15.8914],[100.5383,15.8909],[100.5386,15.8895],[100.5371,15.8868],[100.5323,15.888],[100.5303,15.8854],[100.5308,15.8847],[100.53,15.8852],[100.5285,15.883],[100.5272,15.8827],[100.5269,15.8838],[100.5262,15.8838],[100.5246,15.8823],[100.5242,15.8802],[100.5215,15.8799],[100.5219,15.8767],[100.519,15.8716],[100.5191,15.8672],[100.5196,15.8634],[100.5226,15.8628],[100.5221,15.8572],[100.5171,15.8519],[100.517,15.8498],[100.5159,15.8493],[100.5157,15.8451],[100.5135,15.8443],[100.5155,15.8396],[100.5167,15.8387],[100.5104,15.8347],[100.5068,15.8344],[100.5063,15.8332],[100.5045,15.8329],[100.5025,15.8307],[100.5035,15.8293],[100.4989,15.8254],[100.4988,15.8236],[100.5001,15.8233],[100.5023,15.8262],[100.5071,15.8273],[100.5085,15.8269],[100.5089,15.8247],[100.5103,15.8235],[100.5119,15.8249],[100.5122,15.8271],[100.5205,15.8301],[100.5236,15.8289],[100.5279,15.8239],[100.5298,15.8231],[100.5309,15.8236],[100.5313,15.8225],[100.5328,15.8223],[100.5332,15.8204],[100.5358,15.8192],[100.5371,15.8173],[100.5375,15.8148],[100.5385,15.815],[100.5395,15.8138],[100.5435,15.8148],[100.5436,15.8134],[100.5449,15.8132],[100.5452,15.8143],[100.5462,15.8136],[100.547,15.8144],[100.5523,15.809],[100.5526,15.8098],[100.5549,15.8087],[100.5555,15.8096],[100.5567,15.8087],[100.5617,15.8084],[100.562,15.8071],[100.564,15.8062],[100.5631,15.8034],[100.5652,15.805],[100.5654,15.8041],[100.5665,15.8041],[100.5663,15.8056],[100.568,15.8053],[100.5677,15.8062],[100.5696,15.8074],[100.5697,15.8063],[100.5708,15.8066],[100.5715,15.8052],[100.5736,15.8057],[100.5742,15.805],[100.5746,15.8057],[100.5755,15.8049],[100.5762,15.8054],[100.5764,15.8044],[100.5789,15.8048],[100.5787,15.806],[100.5792,15.805],[100.58,15.8058],[100.5801,15.8049],[100.5812,15.8061],[100.5818,15.8042],[100.5832,15.8043],[100.5846,15.8027],[100.5848,15.8037],[100.5867,15.803],[100.5873,15.8045],[100.5884,15.8046],[100.5889,15.804],[100.5898,15.8046],[100.5898,15.8037],[100.5904,15.8046],[100.5917,15.8033],[100.5939,15.8063],[100.5935,15.8073],[100.5969,15.8065],[100.5995,15.8071],[100.5991,15.8084],[100.6034,15.8071],[100.6043,15.8082],[100.6045,15.8063],[100.6068,15.8065],[100.6089,15.8055],[100.6084,15.8068],[100.6098,15.8074],[100.6099,15.8088],[100.6126,15.8097],[100.6128,15.809],[100.6136,15.8096],[100.6132,15.8087],[100.6145,15.8086],[100.6147,15.8074],[100.6152,15.8081],[100.6157,15.8072],[100.6183,15.8075],[100.6178,15.8085],[100.6194,15.8081],[100.6197,15.8088],[100.6231,15.8073],[100.6229,15.8084],[100.6252,15.808],[100.6256,15.8065],[100.6265,15.807],[100.627,15.8057],[100.629,15.8067],[100.6298,15.8059],[100.6301,15.8069],[100.6313,15.8057],[100.6315,15.8072],[100.6347,15.8054],[100.6351,15.8064],[100.6378,15.8068],[100.6375,15.8076],[100.6394,15.8091],[100.6406,15.8081],[100.6431,15.8101],[100.6455,15.8094],[100.6454,15.8108],[100.6486,15.8114],[100.6497,15.8127],[100.6516,15.8121],[100.6536,15.814],[100.6562,15.8142],[100.6561,15.8153],[100.6577,15.815],[100.6586,15.8157],[100.6586,15.8149],[100.6611,15.8139],[100.6615,15.8153],[100.6625,15.8141],[100.6679,15.8178],[100.6736,15.8175],[100.6736,15.8183],[100.6761,15.8189],[100.6761,15.82],[100.6775,15.8196],[100.6773,15.8206],[100.6807,15.8238],[100.6844,15.8226],[100.6844,15.8242],[100.6869,15.8268],[100.693,15.8296],[100.6942,15.8321],[100.6957,15.8322],[100.6967,15.8346],[100.6989,15.835],[100.6994,15.8369],[100.7015,15.8382],[100.704,15.8374],[100.7049,15.8358],[100.7056,15.8365],[100.7067,15.8353],[100.7075,15.8361],[100.7081,15.8351],[100.7087,15.8358],[100.7091,15.8346],[100.71,15.8353],[100.7118,15.8329],[100.713,15.8334],[100.7145,15.8322],[100.7163,15.8329],[100.7163,15.8318],[100.7175,15.8312],[100.7177,15.8331],[100.7211,15.8325],[100.7233,15.8309],[100.7238,15.8318],[100.7285,15.8294],[100.7325,15.8308],[100.7339,15.8297],[100.7337,15.8287],[100.7346,15.829],[100.7371,15.826],[100.7386,15.8269],[100.7396,15.8253],[100.7413,15.826],[100.7416,15.8249],[100.7428,15.8266],[100.7441,15.8261],[100.7437,15.827],[100.7446,15.8266],[100.7462,15.8283],[100.7471,15.8272],[100.7476,15.8282],[100.7469,15.8297],[100.7485,15.8304],[100.7493,15.8298],[100.7518,15.832],[100.7534,15.8309],[100.7542,15.8316],[100.7547,15.8295],[100.7554,15.8305],[100.7586,15.8298],[100.7602,15.8303],[100.7612,15.8293],[100.7631,15.8297],[100.7638,15.8293],[100.7632,15.8284],[100.7646,15.8275],[100.7662,15.8291],[100.7703,15.8292],[100.7713,15.8303],[100.7735,15.8306],[100.774,15.8292],[100.7745,15.8302],[100.7787,15.8298],[100.7794,15.8279],[100.7813,15.8273],[100.782,15.8285],[100.7851,15.8278],[100.7876,15.8301],[100.7897,15.8285],[100.7958,15.8279],[100.7993,15.8291],[100.7987,15.8301],[100.7998,15.83],[100.8001,15.8309],[100.8011,15.8299],[100.8037,15.8313],[100.8034,15.8348],[100.808,15.8348],[100.8074,15.8368],[100.8092,15.8387],[100.8067,15.8407],[100.8072,15.8417],[100.8066,15.8432],[100.809,15.8459],[100.8083,15.8492],[100.8093,15.8529],[100.8086,15.8534],[100.8094,15.8553],[100.8112,15.8556],[100.8115,15.8581],[100.8097,15.86],[100.8097,15.8632],[100.8079,15.8667],[100.8052,15.868],[100.7944,15.8684],[100.7768,15.8748],[100.7718,15.8746],[100.7601,15.8771],[100.7518,15.8798],[100.7461,15.8849],[100.7418,15.8853],[100.7374,15.8877],[100.7311,15.8893],[100.7202,15.89],[100.7204,15.8865],[100.7126,15.885],[100.7122,15.8821],[100.7098,15.8834],[100.7014,15.8824],[100.6953,15.8848],[100.6927,15.8844],[100.6917,15.8833],[100.6838,15.8828],[100.6673,15.885],[100.6632,15.8844],[100.6588,15.8853],[100.6584,15.8843],[100.6561,15.8836],[100.6525,15.8844],[100.6506,15.8792],[100.6459,15.8807],[100.643,15.8798],[100.6409,15.8781],[100.6411,15.8768],[100.6388,15.8744],[100.6368,15.8738],[100.6377,15.8727],[100.6373,15.8713],[100.6251,15.8627],[100.6213,15.8623],[100.6109,15.868],[100.6029,15.8657],[100.6027,15.863],[100.5993,15.863],[100.593,15.865],[100.582,15.8637],[100.5803,15.8641],[100.5816,15.8699],[100.5795,15.8707],[100.5789,15.8774],[100.5752,15.8777],[100.5697,15.8813],[100.5683,15.8812],[100.567,15.8848],[100.5651,15.8866],[100.5617,15.8865],[100.5531,15.8907],[100.5533,15.8955],[100.5525,15.8979]]]}},{"type":"Feature","properties":{"k":39,"name":"หนองกลับ","district":"หนองบัว"},"geometry":{"type":"Polygon","coordinates":[[[100.6517,16.0145],[100.6542,16.0269],[100.653,16.0249],[100.6429,16.0177],[100.6421,16.0156],[100.6393,16.0139],[100.6371,16.0102],[100.6379,16.0082],[100.6373,16.006],[100.6283,16.0043],[100.6255,16.0025],[100.6254,15.9995],[100.6242,15.9982],[100.6257,15.9965],[100.6252,15.995],[100.623,15.994],[100.6232,15.9933],[100.6224,15.9937],[100.6222,15.9922],[100.6213,15.9924],[100.6216,15.9913],[100.6196,15.9895],[100.6188,15.9859],[100.6169,15.9834],[100.6114,15.9822],[100.6116,15.9792],[100.6103,15.9799],[100.609,15.9792],[100.6072,15.9756],[100.605,15.975],[100.604,15.9733],[100.6029,15.9731],[100.6015,15.97],[100.6006,15.9703],[100.5999,15.9692],[100.5996,15.97],[100.5977,15.9701],[100.5966,15.968],[100.5959,15.9688],[100.5957,15.968],[100.5939,15.9683],[100.5932,15.9668],[100.5923,15.967],[100.5929,15.9662],[100.5912,15.9654],[100.5913,15.9644],[100.5902,15.9648],[100.5898,15.9633],[100.5884,15.9634],[100.5892,15.9619],[100.588,15.9614],[100.5884,15.9604],[100.5867,15.9604],[100.5857,15.9591],[100.5865,15.9578],[100.5853,15.9574],[100.586,15.9571],[100.5849,15.9558],[100.5854,15.954],[100.5845,15.953],[100.5833,15.9535],[100.584,15.9524],[100.5818,15.9511],[100.5815,15.9492],[100.58,15.9495],[100.5811,15.9476],[100.5799,15.9472],[100.5805,15.9452],[100.5792,15.946],[100.5784,15.9448],[100.5779,15.9455],[100.5758,15.9444],[100.5713,15.9463],[100.5699,15.9434],[100.5689,15.9432],[100.5688,15.9445],[100.5675,15.9446],[100.5665,15.9432],[100.5648,15.9444],[100.564,15.9435],[100.5632,15.9443],[100.561,15.94],[100.5602,15.9401],[100.5606,15.9387],[100.5596,15.9388],[100.558,15.9352],[100.5569,15.9348],[100.5574,15.9339],[100.5546,15.9319],[100.5504,15.9338],[100.5494,15.9311],[100.5502,15.9298],[100.5469,15.9273],[100.5482,15.9264],[100.5462,15.9198],[100.547,15.9174],[100.5452,15.9142],[100.5489,15.9129],[100.5471,15.909],[100.5486,15.9085],[100.5482,15.9048],[100.5504,15.904],[100.55,15.8977],[100.5524,15.898],[100.5529,15.897],[100.5529,15.8909],[100.5617,15.8865],[100.5651,15.8866],[100.567,15.8848],[100.5683,15.8812],[100.5697,15.8813],[100.5752,15.8777],[100.5789,15.8775],[100.5795,15.8707],[100.5816,15.8699],[100.5803,15.8641],[100.593,15.865],[100.5993,15.863],[100.6027,15.863],[100.6029,15.8657],[100.6109,15.868],[100.6213,15.8623],[100.6251,15.8627],[100.6373,15.8713],[100.6377,15.8727],[100.6368,15.8738],[100.6388,15.8744],[100.6411,15.8768],[100.6409,15.8781],[100.643,15.8798],[100.6459,15.8807],[100.6506,15.8792],[100.6523,15.8843],[100.6561,15.8836],[100.6585,15.8844],[100.6588,15.8853],[100.6572,15.8877],[100.6573,15.8922],[100.6558,15.8984],[100.6497,15.9046],[100.6464,15.9117],[100.6485,15.9175],[100.6547,15.9263],[100.6593,15.9352],[100.6583,15.9368],[100.6598,15.9377],[100.6587,15.9405],[100.6593,15.943],[100.6532,15.9479],[100.6529,15.9505],[100.654,15.9524],[100.6534,15.9541],[100.6596,15.9542],[100.6607,15.9568],[100.6642,15.9575],[100.673,15.956],[100.6746,15.9573],[100.6783,15.9561],[100.6792,15.9607],[100.6788,15.9626],[100.6758,15.9651],[100.6729,15.9711],[100.6714,15.981],[100.669,15.9818],[100.6643,15.9931],[100.6613,15.9976],[100.661,16.004],[100.6624,16.0074],[100.6563,16.0097],[100.6566,16.0119],[100.6517,16.0145]]]}},{"type":"Feature","properties":{"k":40,"name":"ธารทหาร","district":"หนองบัว"},"geometry":{"type":"Polygon","coordinates":[[[100.491,15.8324],[100.4873,15.8327],[100.4862,15.8312],[100.4845,15.8313],[100.4831,15.8301],[100.4778,15.8303],[100.4845,15.8251],[100.4868,15.822],[100.4857,15.8186],[100.4788,15.8156],[100.4846,15.8142],[100.4864,15.8059],[100.4869,15.7953],[100.4886,15.7927],[100.4965,15.7861],[100.5003,15.7868],[100.5047,15.7857],[100.5116,15.7738],[100.517,15.7682],[100.5182,15.7637],[100.5223,15.759],[100.5235,15.7562],[100.5285,15.7531],[100.5302,15.7501],[100.5402,15.7467],[100.5441,15.7497],[100.5455,15.7486],[100.5475,15.7498],[100.5508,15.7501],[100.5504,15.7514],[100.554,15.7522],[100.5554,15.7509],[100.5576,15.7512],[100.5577,15.752],[100.564,15.7499],[100.5666,15.7535],[100.5682,15.7539],[100.568,15.755],[100.5701,15.7555],[100.5699,15.7568],[100.5755,15.7578],[100.5812,15.7563],[100.5862,15.758],[100.5871,15.7602],[100.5883,15.7605],[100.5936,15.7586],[100.5929,15.7564],[100.5906,15.7564],[100.5913,15.7552],[100.5903,15.7544],[100.5902,15.7514],[100.5891,15.75],[100.591,15.7504],[100.5925,15.7496],[100.5917,15.7487],[100.5923,15.7478],[100.5942,15.7468],[100.5941,15.7454],[100.5969,15.7431],[100.6128,15.7971],[100.6132,15.8023],[100.6116,15.8095],[100.6084,15.8069],[100.6089,15.8054],[100.6068,15.8065],[100.6045,15.8063],[100.6043,15.8082],[100.6034,15.8071],[100.5991,15.8084],[100.5995,15.8071],[100.5969,15.8065],[100.5935,15.8073],[100.5939,15.8063],[100.5917,15.8033],[100.5904,15.8046],[100.5898,15.8037],[100.5898,15.8046],[100.5889,15.804],[100.5884,15.8046],[100.5873,15.8045],[100.5867,15.803],[100.5848,15.8037],[100.5846,15.8027],[100.5832,15.8043],[100.5818,15.8042],[100.5812,15.8061],[100.5801,15.8049],[100.58,15.8058],[100.5792,15.805],[100.5787,15.806],[100.5789,15.8048],[100.5764,15.8044],[100.5762,15.8054],[100.5755,15.8049],[100.5746,15.8057],[100.5742,15.805],[100.5736,15.8057],[100.5715,15.8052],[100.5708,15.8066],[100.5697,15.8063],[100.5696,15.8074],[100.5677,15.8062],[100.568,15.8053],[100.5663,15.8056],[100.5665,15.8041],[100.5654,15.8041],[100.5652,15.805],[100.5631,15.8034],[100.564,15.8062],[100.562,15.8071],[100.5617,15.8084],[100.5567,15.8087],[100.5555,15.8096],[100.5549,15.8087],[100.5526,15.8098],[100.5523,15.809],[100.547,15.8144],[100.5462,15.8136],[100.5452,15.8143],[100.5449,15.8132],[100.5436,15.8134],[100.5435,15.8148],[100.5395,15.8138],[100.5385,15.815],[100.5375,15.8148],[100.5371,15.8173],[100.5358,15.8192],[100.5332,15.8204],[100.5328,15.8223],[100.5313,15.8225],[100.5309,15.8236],[100.5298,15.8231],[100.5279,15.8239],[100.5234,15.829],[100.5205,15.8302],[100.517,15.8294],[100.5154,15.8278],[100.5122,15.8271],[100.5119,15.8249],[100.5103,15.8235],[100.5089,15.8247],[100.5084,15.8269],[100.504,15.827],[100.5022,15.8262],[100.4997,15.8232],[100.4982,15.8242],[100.5002,15.8279],[100.4909,15.8316],[100.491,15.8324]]]}},{"type":"Feature","properties":{"k":41,"name":"ห้วยร่วม","district":"หนองบัว"},"geometry":{"type":"Polygon","coordinates":[[[100.5301,15.9373],[100.522,15.939],[100.5199,15.9407],[100.515,15.9378],[100.4946,15.9378],[100.4879,15.935],[100.4789,15.9345],[100.4607,15.9384],[100.4601,15.9319],[100.4612,15.9306],[100.4608,15.927],[100.4502,15.9227],[100.4431,15.9133],[100.4402,15.9109],[100.4356,15.8944],[100.4397,15.8939],[100.4411,15.8934],[100.4411,15.8924],[100.4459,15.8922],[100.4456,15.8849],[100.4479,15.884],[100.4469,15.8818],[100.4561,15.8785],[100.4591,15.882],[100.463,15.8803],[100.4692,15.8807],[100.4798,15.8775],[100.4953,15.8753],[100.4996,15.8807],[100.5036,15.8783],[100.5083,15.8804],[100.5116,15.8801],[100.5129,15.8821],[100.5158,15.8818],[100.5161,15.8801],[100.5191,15.8804],[100.5205,15.8795],[100.5241,15.8802],[100.5246,15.8823],[100.5262,15.8838],[100.5277,15.8826],[100.5293,15.8845],[100.53,15.8843],[100.53,15.8852],[100.5308,15.8847],[100.5303,15.8854],[100.5323,15.888],[100.5371,15.8868],[100.5386,15.8895],[100.5383,15.8909],[100.5402,15.8915],[100.5399,15.8926],[100.5407,15.892],[100.5421,15.8933],[100.5432,15.8922],[100.5456,15.8937],[100.547,15.8966],[100.5488,15.8963],[100.55,15.8977],[100.5506,15.9023],[100.5504,15.904],[100.5482,15.9049],[100.5485,15.9086],[100.5471,15.909],[100.5489,15.9129],[100.5452,15.9142],[100.547,15.9174],[100.5462,15.9198],[100.5481,15.9265],[100.5461,15.9266],[100.5452,15.9253],[100.5436,15.9261],[100.5434,15.9254],[100.5431,15.9274],[100.5426,15.9268],[100.5402,15.9276],[100.538,15.9264],[100.538,15.9248],[100.5369,15.924],[100.5344,15.9257],[100.5332,15.9235],[100.5311,15.9234],[100.5307,15.9219],[100.5291,15.9219],[100.529,15.9228],[100.5264,15.9216],[100.5254,15.9221],[100.5243,15.9212],[100.5245,15.9195],[100.5215,15.9196],[100.5195,15.9251],[100.5211,15.9253],[100.5221,15.9266],[100.521,15.9279],[100.5217,15.9317],[100.5277,15.9327],[100.5293,15.934],[100.5301,15.9373]]]}},{"type":"Feature","properties":{"k":42,"name":"ห้วยถั่วใต้","district":"หนองบัว"},"geometry":{"type":"Polygon","coordinates":[[[100.4894,15.8577],[100.4865,15.8566],[100.4851,15.8592],[100.4824,15.8578],[100.4769,15.8595],[100.4745,15.8579],[100.4679,15.8595],[100.467,15.8586],[100.458,15.8585],[100.4535,15.8607],[100.4511,15.8601],[100.4495,15.8621],[100.4484,15.861],[100.45,15.8571],[100.4494,15.8511],[100.4443,15.8493],[100.4437,15.8475],[100.4383,15.8432],[100.4372,15.8409],[100.4347,15.8405],[100.4333,15.842],[100.4296,15.8401],[100.4254,15.8344],[100.4208,15.8326],[100.4125,15.8263],[100.408,15.8251],[100.4071,15.8231],[100.4131,15.8225],[100.4193,15.8256],[100.4256,15.8243],[100.4275,15.8266],[100.4296,15.8275],[100.432,15.8268],[100.4359,15.8281],[100.441,15.8317],[100.4437,15.8315],[100.4536,15.8289],[100.4696,15.827],[100.4672,15.818],[100.4788,15.8156],[100.4857,15.8186],[100.4868,15.8216],[100.4845,15.8251],[100.4778,15.8303],[100.4831,15.8301],[100.4845,15.8313],[100.4862,15.8312],[100.4873,15.8327],[100.4912,15.8327],[100.4929,15.8445],[100.4937,15.8447],[100.4931,15.8497],[100.4906,15.8524],[100.4894,15.8577]]]}},{"type":"Feature","properties":{"k":43,"name":"ห้วยถั่วเหนือ","district":"หนองบัว"},"geometry":{"type":"Polygon","coordinates":[[[100.5215,15.8799],[100.5161,15.8801],[100.5158,15.8818],[100.5129,15.8821],[100.5116,15.8801],[100.5083,15.8804],[100.5036,15.8783],[100.4996,15.8807],[100.4952,15.8753],[100.4798,15.8775],[100.4692,15.8807],[100.463,15.8803],[100.4591,15.882],[100.4561,15.8785],[100.4469,15.8818],[100.4445,15.8657],[100.4471,15.8613],[100.4484,15.861],[100.4495,15.8621],[100.4511,15.8601],[100.4535,15.8607],[100.4579,15.8585],[100.467,15.8586],[100.4679,15.8595],[100.4745,15.8579],[100.4769,15.8595],[100.4824,15.8578],[100.4851,15.8592],[100.4865,15.8566],[100.4894,15.8577],[100.4906,15.8524],[100.4931,15.8497],[100.4937,15.8447],[100.4929,15.8445],[100.4909,15.8316],[100.5002,15.8279],[100.4997,15.8261],[100.5035,15.8293],[100.5025,15.8307],[100.5045,15.8329],[100.5063,15.8332],[100.5068,15.8344],[100.5104,15.8347],[100.5167,15.8387],[100.5155,15.8396],[100.5135,15.8443],[100.5157,15.8451],[100.5159,15.8493],[100.517,15.8498],[100.5171,15.8519],[100.5221,15.8572],[100.5226,15.8628],[100.5196,15.8634],[100.5191,15.8672],[100.519,15.8716],[100.5219,15.8767],[100.5215,15.8799]]]}},{"type":"Feature","properties":{"k":44,"name":"ห้วยใหญ่","district":"หนองบัว"},"geometry":{"type":"Polygon","coordinates":[[[100.4468,15.8814],[100.4479,15.884],[100.4457,15.8847],[100.4459,15.8922],[100.4411,15.8924],[100.4411,15.8934],[100.4397,15.8939],[100.4356,15.8944],[100.4314,15.8869],[100.4178,15.8777],[100.4135,15.8733],[100.4136,15.8692],[100.4106,15.8673],[100.4085,15.8672],[100.4081,15.8498],[100.4069,15.8476],[100.4033,15.8452],[100.4029,15.8415],[100.4071,15.8231],[100.408,15.8251],[100.4125,15.8263],[100.4208,15.8326],[100.4254,15.8344],[100.4296,15.8401],[100.4333,15.842],[100.4347,15.8405],[100.4372,15.8409],[100.4383,15.8432],[100.4437,15.8475],[100.4443,15.8493],[100.4494,15.8511],[100.45,15.8572],[100.4484,15.861],[100.4465,15.8616],[100.4445,15.8658],[100.4468,15.8814]]]}},{"type":"Feature","properties":{"k":45,"name":"ทุ่งทอง","district":"หนองบัว"},"geometry":{"type":"Polygon","coordinates":[[[100.6826,15.9998],[100.6638,16.013],[100.6587,16.0193],[100.6542,16.0269],[100.6517,16.0145],[100.6566,16.0119],[100.6563,16.0097],[100.6624,16.0074],[100.661,16.004],[100.6613,15.9976],[100.6643,15.9931],[100.669,15.9818],[100.6714,15.981],[100.6729,15.9711],[100.6758,15.9651],[100.6788,15.9626],[100.6792,15.9607],[100.6783,15.9561],[100.6746,15.9573],[100.673,15.956],[100.6642,15.9575],[100.6607,15.9568],[100.6596,15.9542],[100.6534,15.9541],[100.654,15.9524],[100.6529,15.9505],[100.6532,15.9479],[100.6593,15.943],[100.6587,15.9405],[100.6598,15.9377],[100.6583,15.9368],[100.6593,15.9352],[100.6547,15.9263],[100.6485,15.9175],[100.6464,15.9117],[100.6497,15.9046],[100.6557,15.8986],[100.6573,15.8922],[100.6572,15.8877],[100.6588,15.8853],[100.6836,15.8828],[100.6917,15.8833],[100.6927,15.8844],[100.6953,15.8848],[100.7014,15.8824],[100.7098,15.8834],[100.7122,15.8821],[100.7126,15.885],[100.7204,15.8865],[100.7202,15.89],[100.729,15.8896],[100.7374,15.8877],[100.7418,15.8853],[100.7461,15.8849],[100.7518,15.8798],[100.7601,15.8771],[100.7718,15.8746],[100.7801,15.8741],[100.7944,15.8684],[100.8052,15.868],[100.8045,15.8684],[100.8056,15.8734],[100.8098,15.8843],[100.8088,15.8866],[100.8,15.8895],[100.7961,15.8927],[100.7838,15.8953],[100.7821,15.8975],[100.778,15.8971],[100.7737,15.8987],[100.77,15.902],[100.7687,15.9055],[100.7641,15.9109],[100.7625,15.9224],[100.7653,15.9301],[100.7675,15.9324],[100.7678,15.935],[100.7658,15.9377],[100.7631,15.9372],[100.7549,15.9431],[100.7541,15.9509],[100.7501,15.9568],[100.7496,15.9606],[100.7506,15.9683],[100.7456,15.9742],[100.7451,15.9761],[100.7463,15.9801],[100.7438,15.9812],[100.7441,15.9833],[100.7425,15.9858],[100.739,15.9864],[100.738,15.9899],[100.7307,15.9909],[100.7187,15.9888],[100.7098,15.9901],[100.7016,15.9899],[100.6894,15.9938],[100.6826,15.9998]]]}},{"type":"Feature","properties":{"k":46,"name":"วังบ่อ","district":"หนองบัว"},"geometry":{"type":"Polygon","coordinates":[[[100.703,15.8381],[100.6994,15.8369],[100.6989,15.835],[100.6967,15.8346],[100.6958,15.8323],[100.6942,15.8321],[100.6915,15.8284],[100.6869,15.8268],[100.6844,15.8242],[100.6844,15.8226],[100.6807,15.8238],[100.6773,15.8206],[100.6775,15.8196],[100.6761,15.82],[100.6761,15.8189],[100.6736,15.8183],[100.6738,15.8176],[100.6726,15.8178],[100.6723,15.817],[100.6712,15.8178],[100.6703,15.8171],[100.6679,15.8178],[100.6625,15.8141],[100.6614,15.8152],[100.6611,15.8139],[100.6586,15.8149],[100.6586,15.8157],[100.6577,15.815],[100.6561,15.8153],[100.6562,15.8142],[100.6536,15.814],[100.6516,15.8121],[100.6497,15.8127],[100.6486,15.8114],[100.6454,15.8108],[100.6455,15.8094],[100.6431,15.8101],[100.6406,15.8081],[100.6394,15.8091],[100.6375,15.8076],[100.6378,15.8068],[100.6351,15.8064],[100.6346,15.8054],[100.6315,15.8072],[100.6313,15.8057],[100.6301,15.8069],[100.6298,15.8059],[100.629,15.8067],[100.627,15.8057],[100.6265,15.807],[100.6256,15.8065],[100.6252,15.808],[100.6229,15.8084],[100.6231,15.8073],[100.6197,15.8088],[100.6194,15.8081],[100.6178,15.8085],[100.6183,15.8075],[100.6157,15.8072],[100.6152,15.8081],[100.6147,15.8074],[100.6145,15.8086],[100.6132,15.8087],[100.6136,15.8097],[100.6129,15.809],[100.6127,15.8097],[100.6116,15.8095],[100.6132,15.8023],[100.6128,15.7971],[100.5969,15.7431],[100.5985,15.7415],[100.5996,15.7417],[100.6003,15.7407],[100.6054,15.7389],[100.606,15.7397],[100.6064,15.739],[100.6101,15.7391],[100.6133,15.7423],[100.6155,15.7406],[100.6179,15.7406],[100.6209,15.7449],[100.6228,15.7444],[100.6231,15.7473],[100.6258,15.7501],[100.6256,15.7518],[100.6291,15.7531],[100.6382,15.7617],[100.6382,15.7641],[100.6427,15.7681],[100.6435,15.7724],[100.6468,15.7715],[100.6473,15.7722],[100.6514,15.7703],[100.6545,15.7716],[100.6559,15.7696],[100.6612,15.7671],[100.6657,15.766],[100.6685,15.7665],[100.6701,15.7655],[100.674,15.7658],[100.6752,15.7674],[100.6779,15.7677],[100.6781,15.7671],[100.6817,15.7679],[100.6817,15.7672],[100.685,15.767],[100.6865,15.7678],[100.6882,15.7669],[100.6903,15.7684],[100.6899,15.7691],[100.6939,15.7706],[100.6955,15.7692],[100.696,15.77],[100.7,15.7692],[100.701,15.7698],[100.7013,15.7682],[100.7043,15.7674],[100.7049,15.7681],[100.7058,15.7672],[100.7086,15.7694],[100.7095,15.7687],[100.7125,15.7707],[100.713,15.7698],[100.7134,15.7709],[100.7148,15.7701],[100.7154,15.7709],[100.72,15.7681],[100.7266,15.7683],[100.729,15.7665],[100.731,15.7667],[100.7337,15.7688],[100.7376,15.7657],[100.7392,15.7667],[100.7473,15.7654],[100.7489,15.7668],[100.7509,15.7664],[100.7524,15.7674],[100.7552,15.7659],[100.7591,15.7665],[100.7634,15.765],[100.765,15.7679],[100.7684,15.7677],[100.7703,15.772],[100.7754,15.7752],[100.7756,15.7768],[100.7792,15.7791],[100.7799,15.7806],[100.7832,15.7805],[100.7859,15.7826],[100.7921,15.7819],[100.7931,15.7827],[100.8007,15.7802],[100.8126,15.781],[100.8084,15.7918],[100.8042,15.8077],[100.8014,15.8138],[100.7984,15.8257],[100.7989,15.829],[100.7942,15.828],[100.7938,15.8287],[100.7898,15.8285],[100.7876,15.8301],[100.7851,15.8278],[100.782,15.8285],[100.7815,15.8273],[100.7794,15.8278],[100.7787,15.8298],[100.7745,15.8302],[100.774,15.8292],[100.7735,15.8306],[100.7713,15.8303],[100.7703,15.8292],[100.7662,15.8291],[100.7646,15.8275],[100.7632,15.8284],[100.7638,15.8293],[100.7631,15.8297],[100.7612,15.8293],[100.7602,15.8303],[100.7586,15.8298],[100.7554,15.8305],[100.7547,15.8295],[100.7542,15.8316],[100.7534,15.8309],[100.7517,15.832],[100.7493,15.8298],[100.7485,15.8304],[100.7469,15.8297],[100.7476,15.8282],[100.7471,15.8272],[100.7462,15.8283],[100.7446,15.8266],[100.7437,15.827],[100.7441,15.8261],[100.7428,15.8266],[100.7416,15.8249],[100.7413,15.826],[100.7396,15.8253],[100.7386,15.8269],[100.7371,15.826],[100.7346,15.829],[100.7337,15.8287],[100.7339,15.8297],[100.7325,15.8308],[100.7285,15.8294],[100.7238,15.8318],[100.7233,15.8309],[100.7211,15.8325],[100.7177,15.8331],[100.7175,15.8312],[100.7163,15.8318],[100.7162,15.833],[100.7145,15.8322],[100.713,15.8334],[100.7118,15.8329],[100.71,15.8353],[100.7091,15.8346],[100.7087,15.8358],[100.7081,15.8351],[100.7075,15.8361],[100.7067,15.8353],[100.7056,15.8365],[100.7048,15.8359],[100.703,15.8381]]]}},{"type":"Feature","properties":{"k":47,"name":"ท่างิ้ว","district":"บรรพตพิสัย"},"geometry":{"type":"Polygon","coordinates":[[[99.9849,15.9376],[99.98,15.9383],[99.9775,15.9368],[99.9733,15.9316],[99.9682,15.9293],[99.9646,15.9315],[99.9611,15.9383],[99.9559,15.9353],[99.9506,15.9335],[99.9456,15.9352],[99.9355,15.9244],[99.9339,15.9248],[99.932,15.9283],[99.9296,15.9297],[99.9251,15.9249],[99.9277,15.9212],[99.9243,15.92],[99.924,15.9188],[99.9205,15.9187],[99.9201,15.9177],[99.9165,15.917],[99.915,15.9196],[99.9118,15.9189],[99.9094,15.92],[99.9063,15.9244],[99.9012,15.925],[99.8984,15.9269],[99.8954,15.9202],[99.8941,15.9205],[99.8942,15.9153],[99.8933,15.9146],[99.8939,15.9133],[99.8887,15.9125],[99.8872,15.9109],[99.8944,15.9007],[99.9089,15.8755],[99.9103,15.8766],[99.9109,15.8792],[99.9139,15.88],[99.9152,15.8825],[99.9195,15.8832],[99.9215,15.8859],[99.9213,15.8882],[99.9221,15.8891],[99.9253,15.8883],[99.9272,15.8893],[99.9289,15.8876],[99.9309,15.8903],[99.9344,15.8914],[99.9384,15.8954],[99.9501,15.8978],[99.9509,15.8969],[99.9528,15.897],[99.9546,15.8941],[99.9591,15.8917],[99.9669,15.9049],[99.968,15.9024],[99.9692,15.9029],[99.9712,15.9017],[99.9713,15.9003],[99.9752,15.9005],[99.9789,15.9021],[99.9781,15.9031],[99.9793,15.9038],[99.9791,15.9049],[99.9877,15.9089],[99.9882,15.9107],[99.9914,15.9109],[99.9945,15.9128],[100.0072,15.9097],[100.0047,15.9215],[100.0023,15.9232],[99.9964,15.9251],[99.9849,15.9376]]]}},{"type":"Feature","properties":{"k":48,"name":"บางตาหงาย","district":"บรรพตพิสัย"},"geometry":{"type":"Polygon","coordinates":[[[100.0543,15.9643],[100.0512,15.9694],[100.0496,15.9742],[100.0499,15.9751],[100.0523,15.9752],[100.0542,15.9773],[100.0522,15.9785],[100.052,15.9812],[100.0504,15.9833],[100.0449,15.9863],[100.0452,15.9901],[100.0461,15.9903],[100.0458,15.9937],[100.0434,15.999],[100.0418,15.9986],[100.0403,16.0027],[100.0381,16.0035],[100.0348,16.003],[100.0294,16.0009],[100.0268,15.9962],[100.0267,15.9941],[100.0269,15.9911],[100.0286,15.9905],[100.0276,15.9869],[100.0292,15.9858],[100.031,15.9777],[100.0345,15.9705],[100.0333,15.9693],[100.0346,15.9664],[100.0268,15.9607],[100.0248,15.9578],[100.025,15.9558],[100.0241,15.955],[100.0217,15.9565],[100.0202,15.9556],[100.0157,15.9558],[100.0148,15.957],[100.0111,15.9545],[100.0099,15.9561],[100.0032,15.953],[99.9984,15.9474],[99.9946,15.9469],[99.9915,15.9438],[99.9871,15.9437],[99.9858,15.9426],[99.9849,15.9376],[99.9901,15.9314],[99.9964,15.9251],[100.0023,15.9232],[100.0047,15.9215],[100.0089,15.9025],[100.0156,15.8943],[100.0202,15.8938],[100.029,15.8971],[100.0337,15.895],[100.0358,15.8972],[100.0389,15.8968],[100.0413,15.9018],[100.0441,15.9131],[100.0465,15.9147],[100.0493,15.9152],[100.0484,15.919],[100.0538,15.9214],[100.0564,15.9288],[100.0586,15.9299],[100.0601,15.9273],[100.0635,15.9245],[100.0696,15.9263],[100.0757,15.9302],[100.077,15.9328],[100.0754,15.935],[100.0759,15.937],[100.0775,15.9375],[100.0781,15.9391],[100.083,15.9413],[100.0866,15.9448],[100.0834,15.9489],[100.0763,15.9497],[100.0712,15.9551],[100.0696,15.9545],[100.0615,15.9579],[100.0618,15.9593],[100.0595,15.9606],[100.058,15.963],[100.0543,15.9643]]]}},{"type":"Feature","properties":{"k":49,"name":"หูกวาง","district":"บรรพตพิสัย"},"geometry":{"type":"Polygon","coordinates":[[[100.0072,15.9097],[99.9945,15.9128],[99.9914,15.9109],[99.9882,15.9107],[99.9877,15.9089],[99.9791,15.9049],[99.9793,15.9038],[99.9781,15.9031],[99.9789,15.9021],[99.9771,15.9009],[99.9708,15.8997],[99.9726,15.898],[99.9739,15.8982],[99.9752,15.8906],[99.9737,15.8901],[99.9751,15.887],[99.9739,15.8846],[99.9744,15.8835],[99.9731,15.8823],[99.9745,15.8806],[99.9734,15.8796],[99.9747,15.878],[99.9728,15.8762],[99.9723,15.8722],[99.9735,15.8717],[99.974,15.8694],[99.9731,15.868],[99.9745,15.8678],[99.9741,15.8649],[99.9754,15.864],[99.972,15.8575],[99.9739,15.8557],[99.9758,15.8569],[99.9774,15.8552],[99.9784,15.8521],[99.9764,15.8506],[99.9768,15.8489],[99.9803,15.8473],[99.9817,15.8482],[99.9834,15.8465],[99.9849,15.8465],[99.9859,15.8448],[99.9873,15.8464],[99.989,15.8459],[99.9888,15.8469],[99.99,15.8475],[99.9932,15.8464],[100.0001,15.8472],[100.0046,15.8511],[100.0039,15.8551],[100.0115,15.8578],[100.0143,15.8579],[100.0142,15.86],[100.0125,15.8618],[100.0196,15.8653],[100.0237,15.8659],[100.0241,15.8647],[100.0277,15.8646],[100.028,15.8654],[100.0323,15.8661],[100.035,15.8691],[100.036,15.8683],[100.0395,15.8702],[100.0406,15.869],[100.0435,15.8692],[100.0433,15.8717],[100.0466,15.8756],[100.0486,15.8774],[100.0527,15.879],[100.048,15.8858],[100.0422,15.8915],[100.0307,15.8968],[100.029,15.8971],[100.0184,15.8935],[100.0147,15.8949],[100.0089,15.9025],[100.0072,15.9097]]]}},{"type":"Feature","properties":{"k":50,"name":"อ่างทอง","district":"บรรพตพิสัย"},"geometry":{"type":"Polygon","coordinates":[[[99.9714,15.8989],[99.9712,15.9017],[99.9692,15.9029],[99.968,15.9024],[99.9669,15.9049],[99.9591,15.8917],[99.9546,15.8941],[99.9528,15.897],[99.9509,15.8969],[99.9501,15.8978],[99.9384,15.8954],[99.9344,15.8914],[99.9309,15.8903],[99.9289,15.8876],[99.9272,15.8893],[99.9253,15.8883],[99.9221,15.8891],[99.9213,15.8882],[99.9215,15.8858],[99.919,15.8828],[99.9153,15.8826],[99.9139,15.88],[99.9109,15.8792],[99.9103,15.8766],[99.9089,15.8755],[99.9303,15.8383],[99.9348,15.8431],[99.9375,15.8442],[99.9477,15.8466],[99.9542,15.8458],[99.9547,15.8472],[99.9569,15.8478],[99.9569,15.8444],[99.9579,15.8432],[99.9613,15.8434],[99.963,15.8423],[99.9653,15.8434],[99.9684,15.8419],[99.9727,15.8465],[99.9768,15.8489],[99.9764,15.8506],[99.9784,15.8521],[99.9774,15.8552],[99.9758,15.8569],[99.9743,15.8558],[99.973,15.8559],[99.972,15.8575],[99.9754,15.864],[99.9741,15.8649],[99.9745,15.8678],[99.9731,15.868],[99.974,15.8694],[99.9735,15.8717],[99.9723,15.8722],[99.9728,15.8762],[99.9747,15.878],[99.9734,15.8796],[99.9745,15.8806],[99.9731,15.8823],[99.9744,15.8835],[99.9739,15.8846],[99.9751,15.887],[99.9737,15.8901],[99.9752,15.8906],[99.9739,15.8982],[99.9714,15.8989]]]}},{"type":"Feature","properties":{"k":51,"name":"บ้านแดน","district":"บรรพตพิสัย"},"geometry":{"type":"Polygon","coordinates":[[[99.9242,15.9575],[99.9174,15.9582],[99.9119,15.9608],[99.9074,15.9657],[99.9045,15.972],[99.9021,15.9742],[99.9007,15.9716],[99.8975,15.9698],[99.896,15.9712],[99.8896,15.9658],[99.8869,15.9677],[99.8849,15.9669],[99.8841,15.971],[99.8817,15.9721],[99.8808,15.9714],[99.8786,15.974],[99.8688,15.9736],[99.8644,15.9717],[99.8646,15.9696],[99.8641,15.97],[99.8541,15.9622],[99.8529,15.9626],[99.8459,15.9589],[99.8445,15.9591],[99.8437,15.9576],[99.8444,15.9556],[99.8436,15.955],[99.8447,15.9498],[99.8409,15.9486],[99.8398,15.9462],[99.8365,15.9446],[99.8365,15.9389],[99.8356,15.9362],[99.8268,15.9269],[99.8148,15.9229],[99.8116,15.9184],[99.8156,15.918],[99.819,15.9158],[99.8234,15.9156],[99.8265,15.912],[99.8308,15.9138],[99.8317,15.9126],[99.8355,15.9113],[99.8375,15.9126],[99.8367,15.9146],[99.8386,15.9152],[99.8424,15.9123],[99.8471,15.9115],[99.8468,15.9084],[99.8488,15.9092],[99.851,15.9081],[99.8525,15.9098],[99.8542,15.9092],[99.8549,15.9077],[99.8575,15.9061],[99.8582,15.9029],[99.8618,15.9017],[99.8646,15.905],[99.8659,15.9041],[99.8666,15.9046],[99.8659,15.9081],[99.8644,15.9078],[99.8639,15.9095],[99.8692,15.9094],[99.87,15.9103],[99.8716,15.9097],[99.8727,15.9114],[99.8749,15.9099],[99.8755,15.9113],[99.8779,15.9115],[99.8787,15.9136],[99.8808,15.9137],[99.8824,15.9127],[99.8826,15.9103],[99.8847,15.9094],[99.8859,15.9104],[99.888,15.9085],[99.8883,15.9095],[99.8872,15.9109],[99.8887,15.9125],[99.8939,15.9133],[99.8933,15.9146],[99.8942,15.9153],[99.8941,15.9205],[99.8954,15.9202],[99.8984,15.9269],[99.9012,15.925],[99.9063,15.9244],[99.9094,15.92],[99.9118,15.9189],[99.915,15.9196],[99.9165,15.917],[99.9201,15.9177],[99.9205,15.9187],[99.924,15.9188],[99.9243,15.92],[99.9277,15.9212],[99.9251,15.9249],[99.9296,15.9297],[99.932,15.9283],[99.9339,15.9248],[99.9355,15.9244],[99.9452,15.9351],[99.947,15.9352],[99.9506,15.9335],[99.9559,15.9353],[99.9611,15.9383],[99.9573,15.945],[99.9447,15.9436],[99.9319,15.9554],[99.9242,15.9575]]]}},{"type":"Feature","properties":{"k":52,"name":"บางแก้ว","district":"บรรพตพิสัย"},"geometry":{"type":"Polygon","coordinates":[[[99.8771,16.0317],[99.8755,16.0341],[99.8703,16.0317],[99.868,16.0321],[99.8588,16.0305],[99.8553,16.0293],[99.8555,16.0283],[99.8539,16.0273],[99.8451,16.0234],[99.8451,16.0057],[99.8452,16.003],[99.8473,15.9987],[99.8462,15.9975],[99.8472,15.9945],[99.8474,15.9818],[99.8338,15.9651],[99.8283,15.9629],[99.8282,15.9581],[99.8252,15.9505],[99.8187,15.9472],[99.8072,15.9441],[99.806,15.9337],[99.8047,15.9301],[99.807,15.9239],[99.805,15.9206],[99.8116,15.9184],[99.8148,15.9229],[99.8265,15.9267],[99.8295,15.929],[99.8306,15.9313],[99.8357,15.9364],[99.8365,15.9446],[99.8398,15.9462],[99.8409,15.9486],[99.8447,15.9498],[99.8436,15.955],[99.8444,15.9556],[99.8437,15.9576],[99.8445,15.9591],[99.8459,15.9589],[99.8529,15.9626],[99.8541,15.9622],[99.8641,15.97],[99.8646,15.9696],[99.8644,15.9717],[99.869,15.9737],[99.8786,15.974],[99.8808,15.9714],[99.8817,15.9721],[99.8841,15.971],[99.8849,15.9669],[99.8869,15.9677],[99.8896,15.9658],[99.896,15.9712],[99.8975,15.9698],[99.9007,15.9716],[99.9021,15.9742],[99.8898,15.9785],[99.8869,15.9809],[99.8741,15.9876],[99.8713,15.9907],[99.868,15.9968],[99.8668,16.0014],[99.8671,16.0057],[99.869,16.0089],[99.8755,16.0151],[99.876,16.0226],[99.8777,16.0278],[99.8771,16.0317]]]}},{"type":"Feature","properties":{"k":53,"name":"ตาขีด","district":"บรรพตพิสัย"},"geometry":{"type":"Polygon","coordinates":[[[99.9587,16.065],[99.9577,16.0662],[99.9578,16.0728],[99.9531,16.0809],[99.9481,16.0759],[99.9409,16.0719],[99.9415,16.069],[99.9375,16.0653],[99.9353,16.0613],[99.9335,16.0604],[99.9351,16.056],[99.9314,16.0548],[99.9314,16.0529],[99.9293,16.053],[99.927,16.0515],[99.9227,16.0528],[99.9203,16.0502],[99.9162,16.0488],[99.9161,16.0497],[99.9112,16.049],[99.9102,16.0517],[99.9026,16.0478],[99.9044,16.0465],[99.9038,16.0449],[99.8992,16.0449],[99.8969,16.0443],[99.8971,16.0432],[99.8951,16.0431],[99.895,16.0394],[99.8914,16.0396],[99.8914,16.0386],[99.8886,16.0381],[99.8878,16.0395],[99.8855,16.0385],[99.8839,16.0396],[99.8737,16.0369],[99.8771,16.0317],[99.8777,16.0292],[99.876,16.0226],[99.8759,16.0165],[99.8746,16.0138],[99.8681,16.0078],[99.8667,16.0029],[99.868,15.9968],[99.8713,15.9907],[99.8741,15.9876],[99.8869,15.9809],[99.8898,15.9785],[99.9021,15.9742],[99.9057,15.9704],[99.9094,15.9631],[99.9131,15.96],[99.9174,15.9582],[99.9242,15.9575],[99.9261,15.9635],[99.9344,15.9715],[99.9422,15.9769],[99.9388,15.9792],[99.9414,15.983],[99.9398,15.986],[99.9411,15.9879],[99.9403,15.9913],[99.941,15.9933],[99.9435,15.9964],[99.9467,15.9985],[99.9464,16.0002],[99.949,16.0013],[99.9483,16.0028],[99.9506,16.0034],[99.9522,16.0054],[99.9527,16.0092],[99.9556,16.0107],[99.9546,16.0168],[99.9552,16.0268],[99.9538,16.0356],[99.9488,16.0456],[99.9522,16.0476],[99.9578,16.049],[99.9598,16.0518],[99.9586,16.0535],[99.9599,16.0594],[99.964,16.0593],[99.9624,16.0654],[99.9587,16.065]]]}},{"type":"Feature","properties":{"k":54,"name":"ตาสัง","district":"บรรพตพิสัย"},"geometry":{"type":"Polygon","coordinates":[[[100.0065,16.0189],[100.004,16.0216],[99.9998,16.0232],[100.0,16.0247],[100.0018,16.0248],[100.0013,16.0295],[99.999,16.0318],[100.0002,16.0346],[99.9976,16.0341],[99.9967,16.0377],[99.9946,16.038],[99.9929,16.0364],[99.9898,16.0371],[99.987,16.0424],[99.9879,16.046],[99.984,16.0467],[99.9844,16.0486],[99.9826,16.049],[99.9809,16.0466],[99.9791,16.0461],[99.9743,16.0522],[99.9741,16.0554],[99.9721,16.056],[99.9715,16.0527],[99.9707,16.0522],[99.9686,16.0549],[99.9651,16.0551],[99.9647,16.0595],[99.9599,16.0594],[99.9586,16.0535],[99.9598,16.0518],[99.9579,16.049],[99.9522,16.0476],[99.9488,16.0456],[99.9538,16.0356],[99.9552,16.0268],[99.9546,16.0168],[99.9556,16.0107],[99.9527,16.0092],[99.9522,16.0054],[99.9506,16.0034],[99.9483,16.0028],[99.949,16.0013],[99.9464,16.0002],[99.9467,15.9985],[99.9435,15.9964],[99.941,15.9933],[99.9403,15.9913],[99.9411,15.9879],[99.9398,15.986],[99.9414,15.983],[99.9388,15.9792],[99.9422,15.9769],[99.9344,15.9715],[99.9261,15.9635],[99.9242,15.9575],[99.9319,15.9554],[99.9447,15.9436],[99.9573,15.945],[99.9594,15.9425],[99.9632,15.9336],[99.9662,15.9298],[99.9692,15.9295],[99.9733,15.9316],[99.9756,15.9344],[99.9723,15.9358],[99.9713,15.9372],[99.9723,15.942],[99.9748,15.9436],[99.9738,15.9528],[99.9729,15.9536],[99.9798,15.9571],[99.978,15.9649],[99.9822,15.9666],[99.9851,15.9662],[99.9879,15.9673],[99.9903,15.9709],[99.9955,15.9732],[99.9964,15.975],[99.996,15.9793],[99.9978,15.9794],[99.9967,15.9827],[99.999,15.9837],[99.9978,15.9874],[99.9996,15.9888],[99.9984,15.9915],[99.9994,15.9925],[99.9993,15.9981],[99.9982,16.0002],[99.996,16.0009],[99.9949,16.0026],[99.9961,16.0059],[99.9949,16.008],[99.9948,16.013],[99.993,16.0154],[100.0053,16.0178],[100.0065,16.0189]]]}},{"type":"Feature","properties":{"k":55,"name":"ด่านช้าง","district":"บรรพตพิสัย"},"geometry":{"type":"Polygon","coordinates":[[[100.0018,16.1264],[100.001,16.1319],[99.9968,16.1333],[99.9969,16.1278],[99.9977,16.1277],[99.9965,16.123],[99.9947,16.1237],[99.9945,16.1218],[99.9894,16.1223],[99.989,16.1203],[99.9874,16.1205],[99.9879,16.1173],[99.9857,16.1171],[99.9843,16.1181],[99.9817,16.1171],[99.9778,16.1136],[99.9784,16.1128],[99.9729,16.1103],[99.9734,16.1087],[99.9715,16.1077],[99.9679,16.1023],[99.9652,16.1014],[99.9653,16.0996],[99.9633,16.0985],[99.9645,16.0968],[99.9582,16.09],[99.9584,16.0864],[99.9531,16.0809],[99.9579,16.0725],[99.9578,16.0654],[99.9624,16.0654],[99.9631,16.0613],[99.9651,16.0584],[99.9651,16.0551],[99.9686,16.0549],[99.9708,16.0522],[99.9727,16.0561],[99.9742,16.0552],[99.9742,16.0523],[99.978,16.0467],[99.9804,16.0463],[99.9825,16.0489],[99.9838,16.0489],[99.984,16.0467],[99.9879,16.046],[99.987,16.0424],[99.9898,16.0371],[99.9929,16.0364],[99.9946,16.038],[99.9967,16.0377],[99.9976,16.0341],[100.0002,16.0346],[99.999,16.0318],[100.0013,16.0295],[100.0018,16.0248],[100.0,16.0247],[99.9998,16.0232],[100.005,16.0204],[100.0055,16.0232],[100.0077,16.0264],[100.0065,16.0272],[100.0071,16.0305],[100.0063,16.0312],[100.0064,16.0363],[100.0116,16.0365],[100.0138,16.0351],[100.0136,16.0412],[100.0164,16.041],[100.0173,16.036],[100.0205,16.0371],[100.022,16.0351],[100.0235,16.0358],[100.0236,16.0335],[100.0261,16.0335],[100.0274,16.0317],[100.0292,16.0316],[100.0313,16.0282],[100.0335,16.0314],[100.0341,16.0337],[100.0335,16.0349],[100.0365,16.0364],[100.0417,16.0419],[100.0441,16.0423],[100.0439,16.0454],[100.0461,16.0464],[100.0478,16.0536],[100.0379,16.0559],[100.0377,16.0582],[100.0364,16.0581],[100.0364,16.0598],[100.0332,16.0608],[100.0345,16.0643],[100.0319,16.0653],[100.033,16.0707],[100.0315,16.0712],[100.0327,16.0754],[100.0344,16.0756],[100.0351,16.0846],[100.0383,16.0888],[100.0369,16.0903],[100.0398,16.0928],[100.0365,16.0944],[100.0376,16.0985],[100.0374,16.1069],[100.034,16.1071],[100.031,16.106],[100.0276,16.1074],[100.0278,16.1083],[100.0258,16.1103],[100.0283,16.1156],[100.0247,16.1199],[100.0225,16.1209],[100.022,16.1223],[100.0192,16.122],[100.0151,16.1239],[100.0018,16.1264]]]}},{"type":"Feature","properties":{"k":56,"name":"หนองกรด","district":"บรรพตพิสัย"},"geometry":{"type":"Polygon","coordinates":[[[100.1084,16.0708],[100.1054,16.0724],[100.1037,16.0708],[100.0979,16.0699],[100.1005,16.065],[100.0998,16.0641],[100.1004,16.0623],[100.1024,16.0615],[100.1022,16.0597],[100.1059,16.0546],[100.1072,16.0537],[100.1089,16.0544],[100.1107,16.0527],[100.1072,16.0507],[100.1077,16.0492],[100.1059,16.049],[100.1025,16.045],[100.0972,16.043],[100.0975,16.0416],[100.09,16.0405],[100.0879,16.0419],[100.0891,16.0441],[100.0861,16.045],[100.0832,16.0435],[100.0777,16.0441],[100.078,16.0422],[100.0766,16.0415],[100.074,16.045],[100.0745,16.0468],[100.0691,16.0486],[100.0648,16.0523],[100.0599,16.0506],[100.0546,16.0517],[100.049,16.047],[100.0491,16.0448],[100.0466,16.0447],[100.0453,16.0424],[100.0418,16.0419],[100.0365,16.0364],[100.0335,16.0349],[100.0341,16.0336],[100.0313,16.0282],[100.0322,16.0248],[100.0308,16.0227],[100.0323,16.0163],[100.0346,16.0143],[100.0353,16.0117],[100.0375,16.01],[100.0371,16.008],[100.0379,16.0062],[100.0357,16.0033],[100.0403,16.0027],[100.0418,15.9986],[100.0434,15.999],[100.0458,15.9937],[100.0461,15.9903],[100.0452,15.9901],[100.0449,15.9863],[100.0504,15.9833],[100.052,15.9812],[100.0522,15.9785],[100.0542,15.9771],[100.0523,15.9752],[100.0499,15.9751],[100.0496,15.9742],[100.0512,15.9694],[100.0542,15.9643],[100.058,15.963],[100.0595,15.9606],[100.0618,15.9593],[100.0616,15.9578],[100.0696,15.9545],[100.0713,15.9551],[100.0763,15.9497],[100.0839,15.9487],[100.0849,15.9518],[100.0882,15.9549],[100.0876,15.9585],[100.0897,15.9594],[100.0915,15.9545],[100.0922,15.955],[100.0966,15.9527],[100.0955,15.9502],[100.096,15.9495],[100.1018,15.9484],[100.1073,15.9454],[100.1104,15.9464],[100.112,15.9453],[100.1149,15.9396],[100.1145,15.9378],[100.1165,15.9337],[100.1181,15.9316],[100.1207,15.9314],[100.1345,15.9378],[100.1346,15.9404],[100.1332,15.9437],[100.1344,15.9495],[100.1303,15.9539],[100.1331,15.9545],[100.1335,15.9563],[100.136,15.9586],[100.1403,15.9576],[100.1436,15.959],[100.1485,15.9561],[100.1501,15.9532],[100.1541,15.9548],[100.1607,15.9592],[100.1607,15.9654],[100.1595,15.9681],[100.1612,15.971],[100.1628,15.971],[100.1634,15.9726],[100.1615,15.9755],[100.162,15.978],[100.1606,15.9803],[100.1581,15.9819],[100.1557,15.9819],[100.1507,15.9882],[100.1492,15.988],[100.1476,15.9892],[100.1453,15.9942],[100.142,15.9985],[100.1403,16.0048],[100.1374,16.0087],[100.1378,16.0117],[100.135,16.0131],[100.1344,16.0157],[100.1311,16.0181],[100.13,16.0232],[100.1287,16.0243],[100.1273,16.0283],[100.1276,16.0291],[100.1297,16.029],[100.1313,16.0311],[100.1304,16.0353],[100.1277,16.0357],[100.1279,16.0375],[100.1267,16.0388],[100.125,16.038],[100.1218,16.0389],[100.12,16.0427],[100.1153,16.0468],[100.1188,16.054],[100.1177,16.0572],[100.1183,16.0589],[100.1162,16.0607],[100.1169,16.0614],[100.1162,16.0635],[100.114,16.0638],[100.114,16.0656],[100.1127,16.0666],[100.1117,16.0695],[100.1094,16.0691],[100.1084,16.0708]]]}},{"type":"Feature","properties":{"k":57,"name":"หนองตางู","district":"บรรพตพิสัย"},"geometry":{"type":"Polygon","coordinates":[[[100.0266,16.189],[100.026,16.191],[100.0251,16.1913],[100.0219,16.1883],[100.0242,16.1754],[100.0216,16.1625],[100.0182,16.1557],[100.0163,16.1545],[100.0167,16.1489],[100.0148,16.1491],[100.0146,16.148],[100.0109,16.146],[100.0098,16.1436],[100.0062,16.1428],[100.0048,16.1392],[100.0034,16.1396],[100.0017,16.1369],[99.9977,16.1334],[100.001,16.1319],[100.0018,16.1264],[100.0151,16.1239],[100.0192,16.122],[100.022,16.1223],[100.0225,16.1209],[100.0247,16.1199],[100.0283,16.1156],[100.0258,16.1103],[100.0284,16.1066],[100.0309,16.1061],[100.034,16.1071],[100.0375,16.107],[100.0403,16.11],[100.0455,16.1066],[100.0518,16.1079],[100.0542,16.107],[100.0553,16.1081],[100.0595,16.1064],[100.0617,16.1076],[100.0643,16.1067],[100.0664,16.1081],[100.0661,16.1099],[100.0699,16.1124],[100.0717,16.1155],[100.0736,16.1145],[100.0756,16.1147],[100.0769,16.1139],[100.0751,16.1061],[100.0735,16.1063],[100.0736,16.1004],[100.0696,16.1006],[100.0693,16.0954],[100.0772,16.0927],[100.0792,16.09],[100.0821,16.0882],[100.0817,16.0865],[100.0784,16.0843],[100.0777,16.082],[100.0789,16.08],[100.0817,16.0782],[100.0814,16.0768],[100.084,16.0745],[100.0847,16.0703],[100.0877,16.0697],[100.0885,16.0708],[100.0907,16.071],[100.095,16.0686],[100.0962,16.0702],[100.1034,16.0707],[100.1054,16.0724],[100.1084,16.0709],[100.1091,16.0693],[100.1116,16.0695],[100.1128,16.0709],[100.1124,16.0734],[100.1096,16.0742],[100.1086,16.0763],[100.1112,16.0792],[100.1134,16.0801],[100.101,16.0892],[100.0996,16.0946],[100.096,16.0944],[100.0928,16.1021],[100.0951,16.1058],[100.094,16.1078],[100.0947,16.1107],[100.0909,16.1131],[100.0905,16.1142],[100.0857,16.1147],[100.0809,16.1191],[100.0802,16.1213],[100.0769,16.1244],[100.0766,16.1264],[100.0803,16.1289],[100.0805,16.1329],[100.0823,16.1341],[100.0823,16.1363],[100.0834,16.1366],[100.085,16.1397],[100.0859,16.1398],[100.0855,16.1407],[100.0863,16.1415],[100.0851,16.1425],[100.0853,16.1461],[100.0784,16.1457],[100.0767,16.1473],[100.0774,16.1505],[100.0749,16.1529],[100.0761,16.1568],[100.0775,16.1575],[100.0764,16.1617],[100.0753,16.1628],[100.0734,16.1615],[100.0668,16.1605],[100.0653,16.1612],[100.0631,16.1593],[100.0611,16.1644],[100.0575,16.1653],[100.057,16.1665],[100.053,16.1676],[100.0488,16.1671],[100.0477,16.1684],[100.0442,16.1682],[100.0411,16.1722],[100.0382,16.173],[100.039,16.1766],[100.0373,16.1784],[100.0375,16.1827],[100.0346,16.1845],[100.0328,16.1838],[100.0299,16.1851],[100.0297,16.1874],[100.0266,16.189]]]}},{"type":"Feature","properties":{"k":58,"name":"บึงปลาทู","district":"บรรพตพิสัย"},"geometry":{"type":"Polygon","coordinates":[[[100.0979,16.0699],[100.0962,16.0702],[100.0949,16.0686],[100.0907,16.071],[100.0885,16.0708],[100.0877,16.0697],[100.0848,16.0703],[100.084,16.0745],[100.0814,16.0768],[100.0817,16.0782],[100.0789,16.08],[100.0777,16.082],[100.0784,16.0843],[100.0817,16.0865],[100.0821,16.0882],[100.0792,16.09],[100.0772,16.0927],[100.0693,16.0954],[100.0696,16.1006],[100.0736,16.1004],[100.0735,16.1063],[100.0751,16.1061],[100.0769,16.1139],[100.0758,16.1146],[100.0717,16.1155],[100.0699,16.1124],[100.0661,16.1099],[100.0664,16.1081],[100.0643,16.1067],[100.0617,16.1076],[100.0595,16.1064],[100.0553,16.1081],[100.0542,16.107],[100.0518,16.1079],[100.0455,16.1066],[100.0405,16.11],[100.0374,16.1069],[100.0376,16.0985],[100.0365,16.0944],[100.0398,16.0928],[100.0369,16.0903],[100.0383,16.0888],[100.0351,16.0846],[100.0344,16.0756],[100.0327,16.0754],[100.0315,16.0712],[100.033,16.0707],[100.0319,16.0653],[100.0345,16.0643],[100.0332,16.0608],[100.0364,16.0598],[100.0364,16.0581],[100.0377,16.0582],[100.0379,16.0559],[100.0478,16.0537],[100.0461,16.0464],[100.0439,16.0454],[100.0441,16.0423],[100.0454,16.0425],[100.0466,16.0447],[100.0491,16.0449],[100.049,16.047],[100.0545,16.0517],[100.0599,16.0506],[100.0642,16.0525],[100.0691,16.0486],[100.0745,16.0468],[100.074,16.045],[100.0764,16.0415],[100.078,16.0422],[100.0777,16.0441],[100.0832,16.0435],[100.0861,16.045],[100.0891,16.0441],[100.0879,16.0419],[100.0899,16.0405],[100.0919,16.0413],[100.0965,16.041],[100.0978,16.0419],[100.0972,16.043],[100.1025,16.045],[100.1059,16.049],[100.1077,16.0492],[100.1072,16.0507],[100.1107,16.0527],[100.1089,16.0544],[100.1072,16.0537],[100.1059,16.0546],[100.1022,16.0597],[100.1024,16.0615],[100.1004,16.0623],[100.0998,16.0641],[100.1005,16.065],[100.0979,16.0699]]]}},{"type":"Feature","properties":{"k":59,"name":"เจริญผล","district":"บรรพตพิสัย"},"geometry":{"type":"Polygon","coordinates":[[[100.0322,16.0248],[100.0292,16.0316],[100.0274,16.0317],[100.0261,16.0335],[100.0236,16.0335],[100.0235,16.0358],[100.022,16.0351],[100.0205,16.0371],[100.0173,16.036],[100.0163,16.041],[100.0136,16.0412],[100.0138,16.0351],[100.01,16.0368],[100.0064,16.0362],[100.0063,16.0312],[100.0071,16.0305],[100.0065,16.0272],[100.0077,16.0265],[100.0055,16.0232],[100.0052,16.0205],[100.0065,16.0188],[100.0052,16.0178],[99.993,16.0154],[99.9948,16.013],[99.9949,16.008],[99.9961,16.0059],[99.9949,16.0026],[99.996,16.0009],[99.9982,16.0002],[99.9993,15.9981],[99.9994,15.9925],[99.9984,15.9915],[99.9996,15.9888],[99.9978,15.9874],[99.999,15.9837],[99.9967,15.9827],[99.9978,15.9794],[99.996,15.9793],[99.9964,15.975],[99.9942,15.9719],[99.9903,15.9709],[99.9879,15.9673],[99.9851,15.9662],[99.9822,15.9666],[99.978,15.9649],[99.9798,15.9571],[99.9729,15.9536],[99.9738,15.9528],[99.975,15.9464],[99.9748,15.9433],[99.9727,15.9424],[99.972,15.9408],[99.9713,15.9372],[99.9723,15.9358],[99.9756,15.9344],[99.98,15.9383],[99.9849,15.9376],[99.9865,15.9434],[99.9912,15.9437],[99.9946,15.9469],[99.9984,15.9474],[100.0032,15.953],[100.0099,15.9561],[100.0111,15.9545],[100.0148,15.957],[100.0157,15.9558],[100.0202,15.9556],[100.0217,15.9565],[100.0241,15.955],[100.025,15.9558],[100.0248,15.9578],[100.0268,15.9607],[100.0346,15.9664],[100.0333,15.9693],[100.0345,15.9705],[100.031,15.9777],[100.0292,15.9858],[100.0276,15.9869],[100.0286,15.9905],[100.0269,15.9911],[100.0267,15.9935],[100.0268,15.9961],[100.0293,16.0008],[100.0357,16.0032],[100.038,16.0062],[100.0371,16.008],[100.0375,16.0101],[100.0353,16.0117],[100.0346,16.0143],[100.0322,16.0165],[100.0308,16.0227],[100.0322,16.0248]]]}},{"type":"Feature","properties":{"k":60,"name":"มหาโพธิ","district":"เก้าเลี้ยว"},"geometry":{"type":"Polygon","coordinates":[[[100.1134,15.8422],[100.1099,15.8432],[100.1073,15.8418],[100.0983,15.8406],[100.0911,15.8382],[100.0875,15.8351],[100.0845,15.8348],[100.0824,15.8363],[100.0728,15.8346],[100.0769,15.8243],[100.081,15.8079],[100.0878,15.8103],[100.099,15.8109],[100.1008,15.8115],[100.1017,15.8133],[100.1056,15.8132],[100.1113,15.8153],[100.1215,15.8165],[100.1181,15.8385],[100.114,15.8391],[100.1134,15.8422]]]}},{"type":"Feature","properties":{"k":61,"name":"เก้าเลี้ยว","district":"เก้าเลี้ยว"},"geometry":{"type":"Polygon","coordinates":[[[100.0952,15.8623],[100.0845,15.8615],[100.0815,15.8604],[100.0786,15.8644],[100.078,15.8677],[100.0762,15.869],[100.0706,15.8657],[100.0721,15.8617],[100.0645,15.8605],[100.0635,15.8575],[100.0623,15.8575],[100.0636,15.8561],[100.0607,15.8533],[100.0587,15.8486],[100.0562,15.8458],[100.0599,15.8453],[100.0679,15.8469],[100.0703,15.8443],[100.0728,15.8346],[100.0824,15.8363],[100.0845,15.8348],[100.0875,15.8351],[100.0911,15.8382],[100.0983,15.8406],[100.1073,15.8418],[100.1099,15.8432],[100.1134,15.8422],[100.1123,15.8445],[100.1088,15.8466],[100.1063,15.8462],[100.106,15.8475],[100.1047,15.8479],[100.107,15.867],[100.0991,15.8648],[100.0952,15.8623]]]}},{"type":"Feature","properties":{"k":62,"name":"หนองเต่า","district":"เก้าเลี้ยว"},"geometry":{"type":"Polygon","coordinates":[[[100.1681,15.9575],[100.1632,15.9602],[100.1503,15.9532],[100.1485,15.9561],[100.1436,15.959],[100.1403,15.9576],[100.1359,15.9585],[100.1335,15.9563],[100.1331,15.9545],[100.1303,15.9539],[100.1344,15.9495],[100.1332,15.9437],[100.1346,15.9404],[100.1345,15.9378],[100.1207,15.9314],[100.1181,15.9316],[100.1189,15.929],[100.1213,15.9278],[100.1157,15.9227],[100.1163,15.9222],[100.1139,15.9198],[100.114,15.9107],[100.1173,15.9042],[100.1172,15.9008],[100.1166,15.8974],[100.1099,15.894],[100.1089,15.8894],[100.107,15.8882],[100.1082,15.8847],[100.1065,15.8841],[100.1055,15.8824],[100.105,15.8797],[100.1058,15.8772],[100.1093,15.8746],[100.1097,15.8726],[100.1114,15.8727],[100.1125,15.8689],[100.107,15.867],[100.1071,15.8629],[100.1046,15.8481],[100.106,15.8475],[100.1063,15.8462],[100.1088,15.8466],[100.1133,15.8436],[100.114,15.8391],[100.1181,15.8385],[100.1215,15.8165],[100.1237,15.8168],[100.1238,15.815],[100.1265,15.8141],[100.1259,15.8199],[100.1331,15.8191],[100.1358,15.8172],[100.1421,15.8161],[100.1482,15.8153],[100.1507,15.8159],[100.1523,15.8134],[100.1545,15.8125],[100.1565,15.813],[100.1597,15.8117],[100.1612,15.8134],[100.1653,15.8133],[100.1656,15.8124],[100.1685,15.8123],[100.1698,15.8102],[100.1728,15.8161],[100.173,15.8192],[100.1747,15.8202],[100.1763,15.8194],[100.1769,15.8203],[100.1766,15.8216],[100.175,15.8221],[100.1769,15.8256],[100.1779,15.8305],[100.183,15.8319],[100.1808,15.8337],[100.1821,15.8354],[100.1798,15.8356],[100.1796,15.8368],[100.1825,15.8394],[100.1836,15.8391],[100.1837,15.8369],[100.1849,15.8377],[100.1843,15.8436],[100.1867,15.8465],[100.1848,15.8481],[100.1845,15.8497],[100.1882,15.8535],[100.1877,15.8543],[100.1778,15.8548],[100.1776,15.8591],[100.1744,15.8591],[100.174,15.8636],[100.177,15.8646],[100.1805,15.8633],[100.1837,15.868],[100.1817,15.8703],[100.1804,15.8695],[100.1767,15.8703],[100.1766,15.8712],[100.1782,15.8718],[100.1782,15.8726],[100.175,15.8725],[100.1749,15.8767],[100.1724,15.8771],[100.1699,15.8803],[100.1705,15.8815],[100.1722,15.8805],[100.1734,15.881],[100.1735,15.8827],[100.1719,15.8842],[100.1745,15.8863],[100.1712,15.8959],[100.172,15.9017],[100.1705,15.905],[100.1711,15.9069],[100.1689,15.9181],[100.1691,15.9194],[100.1702,15.9199],[100.1701,15.9226],[100.1729,15.9254],[100.1697,15.9288],[100.1685,15.9316],[100.1751,15.9333],[100.1748,15.9354],[100.1731,15.9373],[100.1729,15.9389],[100.1745,15.9415],[100.1715,15.9462],[100.1704,15.95],[100.1709,15.9512],[100.1685,15.9532],[100.1681,15.9575]]]}},{"type":"Feature","properties":{"k":63,"name":"เขาดิน","district":"เก้าเลี้ยว"},"geometry":{"type":"Polygon","coordinates":[[[100.0562,15.8458],[100.0529,15.8487],[100.0527,15.8535],[100.054,15.8592],[100.0598,15.8712],[100.0527,15.879],[100.0486,15.8774],[100.0466,15.8756],[100.0433,15.8717],[100.0435,15.8692],[100.0406,15.869],[100.0395,15.8702],[100.036,15.8683],[100.035,15.8691],[100.0308,15.8654],[100.026,15.8645],[100.0257,15.8652],[100.0241,15.8647],[100.0237,15.8659],[100.0198,15.8654],[100.0125,15.8618],[100.0142,15.86],[100.0143,15.8579],[100.0115,15.8578],[100.0039,15.8551],[100.0046,15.8511],[100.0029,15.8493],[99.9998,15.8471],[99.9932,15.8464],[99.9979,15.8398],[100.0009,15.839],[100.0026,15.8374],[100.0022,15.8346],[100.0054,15.8309],[100.008,15.8321],[100.011,15.8304],[100.0212,15.8183],[100.0245,15.8204],[100.0261,15.8203],[100.0285,15.8181],[100.0289,15.8154],[100.0474,15.8169],[100.052,15.8162],[100.0555,15.8117],[100.0789,15.8156],[100.0769,15.8243],[100.0717,15.8374],[100.0697,15.8454],[100.0672,15.8471],[100.0599,15.8453],[100.0562,15.8458]]]}},{"type":"Feature","properties":{"k":64,"name":"หัวดง","district":"เก้าเลี้ยว"},"geometry":{"type":"Polygon","coordinates":[[[100.1189,15.929],[100.1147,15.9372],[100.1149,15.9396],[100.112,15.9453],[100.1104,15.9464],[100.1073,15.9454],[100.1018,15.9484],[100.096,15.9495],[100.0955,15.9502],[100.0966,15.9527],[100.0922,15.955],[100.0915,15.9545],[100.0897,15.9594],[100.0876,15.9585],[100.0882,15.9549],[100.0849,15.9518],[100.0839,15.9487],[100.0866,15.9448],[100.083,15.9413],[100.0781,15.9391],[100.0775,15.9375],[100.0759,15.9369],[100.0754,15.935],[100.077,15.9328],[100.0755,15.9299],[100.0696,15.9263],[100.0637,15.9245],[100.0581,15.9299],[100.0563,15.9287],[100.0538,15.9214],[100.0485,15.9191],[100.0493,15.9152],[100.0465,15.9147],[100.0441,15.9131],[100.0413,15.9018],[100.0389,15.8968],[100.0358,15.8972],[100.0337,15.895],[100.0422,15.8915],[100.048,15.8858],[100.0552,15.8754],[100.0598,15.8718],[100.0578,15.8657],[100.0534,15.8574],[100.0524,15.8501],[100.0544,15.847],[100.0562,15.8458],[100.0587,15.8486],[100.0607,15.8533],[100.0636,15.8561],[100.0623,15.8575],[100.0635,15.8575],[100.0645,15.8605],[100.0721,15.8617],[100.0706,15.8657],[100.0762,15.869],[100.078,15.8677],[100.0786,15.8644],[100.0815,15.8604],[100.0845,15.8615],[100.0952,15.8623],[100.0991,15.8648],[100.1125,15.8689],[100.1114,15.8727],[100.1097,15.8726],[100.1093,15.8746],[100.1058,15.8772],[100.105,15.8799],[100.1064,15.884],[100.1083,15.8847],[100.107,15.8882],[100.1089,15.8894],[100.1099,15.894],[100.1166,15.8974],[100.1174,15.9039],[100.1141,15.9105],[100.1139,15.9198],[100.1163,15.9222],[100.1157,15.9227],[100.1213,15.9278],[100.1189,15.929]]]}},{"type":"Feature","properties":{"k":65,"name":"ตาคลี","district":"ตาคลี"},"geometry":{"type":"Polygon","coordinates":[[[100.3886,15.3488],[100.3829,15.3493],[100.3824,15.3483],[100.3809,15.3486],[100.3799,15.3472],[100.3738,15.345],[100.371,15.3462],[100.3685,15.346],[100.3651,15.3431],[100.3634,15.3432],[100.3623,15.3417],[100.363,15.3409],[100.3623,15.3401],[100.3627,15.3384],[100.3615,15.3386],[100.3613,15.3367],[100.3581,15.3364],[100.3584,15.3358],[100.3563,15.3349],[100.3561,15.3335],[100.3487,15.3317],[100.3456,15.3189],[100.3312,15.318],[100.3245,15.3164],[100.3173,15.3123],[100.3165,15.314],[100.3127,15.3128],[100.3075,15.3169],[100.2912,15.3174],[100.2853,15.3201],[100.2824,15.3203],[100.279,15.3237],[100.2797,15.3255],[100.2767,15.3276],[100.2733,15.3282],[100.2686,15.3255],[100.2641,15.3256],[100.2651,15.3231],[100.265,15.3187],[100.2631,15.3166],[100.2629,15.3133],[100.2547,15.3089],[100.2544,15.3077],[100.2515,15.3058],[100.2508,15.3027],[100.2512,15.3011],[100.2522,15.301],[100.2551,15.2973],[100.2546,15.2928],[100.2536,15.2913],[100.2579,15.2912],[100.263,15.2873],[100.2623,15.2795],[100.2661,15.2788],[100.267,15.2761],[100.2663,15.2708],[100.2653,15.2705],[100.265,15.2684],[100.2689,15.2676],[100.2688,15.2538],[100.2785,15.2498],[100.2781,15.2461],[100.2767,15.246],[100.276,15.2419],[100.2795,15.2446],[100.2943,15.2385],[100.2958,15.242],[100.3387,15.2245],[100.356,15.2069],[100.3523,15.2032],[100.3515,15.2011],[100.3547,15.1919],[100.3696,15.1796],[100.3754,15.1772],[100.3829,15.191],[100.3848,15.1908],[100.3878,15.1923],[100.388,15.1948],[100.3915,15.1977],[100.3933,15.2045],[100.3986,15.2124],[100.3949,15.2154],[100.395,15.2206],[100.3893,15.2228],[100.391,15.2233],[100.3904,15.2268],[100.3864,15.231],[100.3881,15.2326],[100.3938,15.2308],[100.4004,15.2326],[100.4021,15.2343],[100.4018,15.2374],[100.4031,15.2393],[100.4026,15.2423],[100.4043,15.244],[100.4119,15.2418],[100.414,15.2424],[100.4153,15.2452],[100.4212,15.2465],[100.421,15.252],[100.4158,15.2574],[100.4203,15.2626],[100.4204,15.2749],[100.4226,15.2899],[100.4268,15.2939],[100.4281,15.294],[100.4258,15.3013],[100.4191,15.3074],[100.4162,15.3083],[100.4097,15.3067],[100.4049,15.3128],[100.3968,15.3158],[100.3993,15.3192],[100.4021,15.32],[100.4009,15.3229],[100.4028,15.323],[100.409,15.3267],[100.4119,15.3304],[100.4137,15.3301],[100.415,15.3328],[100.4146,15.3348],[100.4086,15.3402],[100.4075,15.343],[100.4026,15.3419],[100.4017,15.3431],[100.3997,15.3425],[100.3978,15.344],[100.3946,15.344],[100.3941,15.3451],[100.3921,15.3443],[100.3913,15.3458],[100.3889,15.3471],[100.3886,15.3488]]]}},{"type":"Feature","properties":{"k":66,"name":"ช่องแค","district":"ตาคลี"},"geometry":{"type":"Polygon","coordinates":[[[100.4402,15.241],[100.4293,15.2398],[100.429,15.2385],[100.4264,15.238],[100.4234,15.2386],[100.4224,15.2425],[100.4232,15.2444],[100.4212,15.2465],[100.4153,15.2452],[100.414,15.2424],[100.4119,15.2418],[100.4043,15.244],[100.4026,15.2423],[100.4031,15.2393],[100.4018,15.2374],[100.4021,15.2343],[100.4004,15.2326],[100.3938,15.2308],[100.3881,15.2326],[100.3864,15.231],[100.3904,15.2268],[100.391,15.2233],[100.3893,15.2228],[100.395,15.2206],[100.3949,15.2154],[100.3986,15.2124],[100.3933,15.2045],[100.3916,15.1979],[100.3899,15.1965],[100.416,15.1696],[100.4131,15.1616],[100.4161,15.1543],[100.422,15.1528],[100.4253,15.153],[100.427,15.1413],[100.43,15.1393],[100.434,15.1393],[100.4395,15.1421],[100.4412,15.1452],[100.4474,15.145],[100.4442,15.15],[100.4487,15.1549],[100.4505,15.1604],[100.4463,15.1614],[100.452,15.172],[100.4557,15.1817],[100.4586,15.1859],[100.4589,15.1931],[100.4583,15.1957],[100.4571,15.1966],[100.4371,15.202],[100.4381,15.2049],[100.4369,15.206],[100.4375,15.2099],[100.4395,15.2141],[100.4415,15.217],[100.4423,15.2169],[100.4441,15.2234],[100.4435,15.229],[100.4473,15.2386],[100.4402,15.241]]]}},{"type":"Feature","properties":{"k":67,"name":"จันเสน","district":"ตาคลี"},"geometry":{"type":"Polygon","coordinates":[[[100.4903,15.1693],[100.4843,15.1827],[100.4672,15.1765],[100.4551,15.1803],[100.452,15.172],[100.4463,15.1614],[100.4504,15.1605],[100.45,15.1581],[100.4476,15.1533],[100.4442,15.15],[100.4479,15.1438],[100.4486,15.1371],[100.4477,15.1353],[100.4507,15.132],[100.4449,15.1272],[100.4407,15.1257],[100.4227,15.1284],[100.4231,15.1199],[100.4259,15.1153],[100.4266,15.1122],[100.4226,15.0834],[100.4237,15.081],[100.4322,15.0715],[100.4361,15.0738],[100.4434,15.0838],[100.4436,15.0892],[100.4527,15.1037],[100.4578,15.1041],[100.4591,15.1164],[100.4667,15.1153],[100.475,15.1068],[100.4815,15.1126],[100.4836,15.1173],[100.4915,15.1211],[100.4933,15.1206],[100.4939,15.1237],[100.4992,15.1281],[100.5043,15.1288],[100.5042,15.1295],[100.507,15.1304],[100.5147,15.1414],[100.5139,15.1474],[100.5032,15.1461],[100.4963,15.1466],[100.4913,15.1592],[100.4903,15.1693]]]}},{"type":"Feature","properties":{"k":68,"name":"ห้วยหอม","district":"ตาคลี"},"geometry":{"type":"Polygon","coordinates":[[[100.5245,15.2686],[100.5238,15.2681],[100.5231,15.2699],[100.5214,15.2698],[100.5209,15.2712],[100.5195,15.2709],[100.5181,15.2686],[100.5156,15.2693],[100.5099,15.2661],[100.4953,15.2659],[100.4912,15.2591],[100.488,15.2595],[100.4834,15.2584],[100.4803,15.2595],[100.4693,15.2572],[100.4676,15.2612],[100.4635,15.2564],[100.4566,15.2549],[100.4558,15.2537],[100.4566,15.2504],[100.4545,15.247],[100.4497,15.2463],[100.4493,15.2417],[100.4467,15.2377],[100.4472,15.2368],[100.445,15.2336],[100.4443,15.2296],[100.4435,15.229],[100.4441,15.2234],[100.4423,15.217],[100.4395,15.2141],[100.4375,15.2099],[100.4369,15.206],[100.4381,15.2049],[100.4371,15.202],[100.4583,15.1957],[100.4586,15.186],[100.4551,15.1803],[100.4672,15.1765],[100.4825,15.1815],[100.4933,15.191],[100.5001,15.1953],[100.5087,15.2037],[100.5225,15.2218],[100.5219,15.2242],[100.5233,15.2257],[100.5223,15.2282],[100.524,15.2312],[100.5214,15.2337],[100.5161,15.2355],[100.5165,15.2416],[100.5149,15.2407],[100.5152,15.2425],[100.5176,15.2439],[100.5165,15.2444],[100.518,15.2456],[100.5177,15.2465],[100.5189,15.2459],[100.5188,15.2469],[100.5202,15.2472],[100.5196,15.2481],[100.5211,15.2483],[100.5201,15.2507],[100.5214,15.2509],[100.5208,15.2521],[100.5219,15.2528],[100.521,15.2532],[100.5227,15.2542],[100.5213,15.2593],[100.5222,15.2609],[100.5249,15.2614],[100.5245,15.2637],[100.5265,15.2662],[100.5245,15.2686]]]}},{"type":"Feature","properties":{"k":69,"name":"หัวหวาย","district":"ตาคลี"},"geometry":{"type":"Polygon","coordinates":[[[100.4155,15.4215],[100.4084,15.4214],[100.4009,15.4238],[100.394,15.4229],[100.3904,15.4243],[100.3896,15.4233],[100.3852,15.4237],[100.3822,15.4224],[100.3813,15.4233],[100.3785,15.4233],[100.3739,15.4268],[100.3674,15.4293],[100.3655,15.4317],[100.3608,15.4323],[100.3567,15.4342],[100.3561,15.4335],[100.3533,15.4342],[100.3491,15.4335],[100.3476,15.4285],[100.3459,15.4265],[100.3452,15.427],[100.3442,15.4261],[100.3434,15.4242],[100.342,15.4249],[100.3399,15.4223],[100.3402,15.4203],[100.3385,15.4174],[100.3329,15.4174],[100.3288,15.4156],[100.3248,15.4106],[100.3203,15.4084],[100.3186,15.4043],[100.3108,15.4033],[100.3107,15.4015],[100.3081,15.4006],[100.3085,15.3999],[100.3057,15.3995],[100.3018,15.3902],[100.2972,15.3824],[100.2966,15.3745],[100.2974,15.3723],[100.2941,15.3655],[100.2878,15.3698],[100.286,15.3656],[100.2849,15.3657],[100.2835,15.3626],[100.2814,15.3634],[100.2786,15.3574],[100.2774,15.3574],[100.2746,15.354],[100.2739,15.3486],[100.2673,15.3439],[100.2659,15.34],[100.2661,15.3377],[100.2647,15.3356],[100.262,15.3346],[100.2609,15.332],[100.2613,15.33],[100.2624,15.3299],[100.2641,15.3256],[100.2686,15.3255],[100.2733,15.3282],[100.2767,15.3276],[100.2797,15.3255],[100.279,15.3237],[100.2824,15.3203],[100.2853,15.3201],[100.2912,15.3174],[100.3075,15.3169],[100.3127,15.3128],[100.3165,15.314],[100.3173,15.3123],[100.3245,15.3164],[100.3312,15.318],[100.3456,15.3189],[100.3487,15.3317],[100.3561,15.3335],[100.3563,15.3349],[100.3584,15.3358],[100.3581,15.3364],[100.3613,15.3367],[100.3615,15.3386],[100.3627,15.3384],[100.3629,15.3427],[100.3662,15.3438],[100.3685,15.346],[100.371,15.3462],[100.3738,15.345],[100.3761,15.3454],[100.3769,15.3467],[100.3799,15.3472],[100.3809,15.3486],[100.3817,15.3481],[100.3829,15.3493],[100.3851,15.3493],[100.386,15.3484],[100.3886,15.3488],[100.3889,15.3471],[100.3913,15.3458],[100.392,15.3443],[100.3941,15.3451],[100.3946,15.344],[100.3978,15.344],[100.3997,15.3425],[100.4017,15.3431],[100.4026,15.3419],[100.4058,15.3423],[100.4072,15.3483],[100.4068,15.3598],[100.4091,15.37],[100.4112,15.3717],[100.4117,15.3743],[100.4134,15.3758],[100.4134,15.3795],[100.417,15.3821],[100.4208,15.3827],[100.4228,15.3908],[100.4221,15.3947],[100.4198,15.3968],[100.4186,15.3997],[100.4173,15.4152],[100.4153,15.4171],[100.4155,15.4215]]]}},{"type":"Feature","properties":{"k":70,"name":"หนองโพ","district":"ตาคลี"},"geometry":{"type":"Polygon","coordinates":[[[100.3183,15.4526],[100.2977,15.4545],[100.2919,15.4541],[100.2884,15.4503],[100.2786,15.4489],[100.276,15.4448],[100.2459,15.4298],[100.2455,15.4166],[100.2445,15.4164],[100.2454,15.4134],[100.2428,15.4121],[100.2441,15.4107],[100.2416,15.4095],[100.2293,15.3989],[100.2253,15.397],[100.2206,15.3981],[100.2192,15.3927],[100.2181,15.393],[100.2155,15.386],[100.2163,15.3845],[100.2143,15.3791],[100.2144,15.3755],[100.217,15.372],[100.2222,15.3681],[100.215,15.3594],[100.2225,15.3588],[100.2247,15.3655],[100.2298,15.3617],[100.2363,15.3595],[100.2391,15.3599],[100.2465,15.3571],[100.2505,15.3551],[100.2505,15.3492],[100.2526,15.3488],[100.2589,15.3411],[100.2603,15.3408],[100.2601,15.3367],[100.262,15.3346],[100.2649,15.3358],[100.2673,15.3439],[100.2739,15.3486],[100.2746,15.354],[100.2774,15.3574],[100.2786,15.3574],[100.2814,15.3634],[100.2835,15.3626],[100.2849,15.3657],[100.286,15.3656],[100.2878,15.3698],[100.2941,15.3655],[100.2974,15.3723],[100.2966,15.3745],[100.2972,15.3824],[100.3018,15.3902],[100.3057,15.3995],[100.3085,15.3999],[100.3081,15.4006],[100.3107,15.4015],[100.3108,15.4033],[100.3186,15.4043],[100.3203,15.4084],[100.3248,15.4106],[100.3288,15.4156],[100.3329,15.4174],[100.3385,15.4174],[100.3402,15.4203],[100.3399,15.4223],[100.342,15.4249],[100.3434,15.4242],[100.3442,15.4262],[100.346,15.4266],[100.3476,15.4285],[100.3484,15.4329],[100.3502,15.4344],[100.3517,15.4385],[100.3507,15.4395],[100.3498,15.4449],[100.3414,15.447],[100.3375,15.4469],[100.3363,15.4493],[100.3344,15.4479],[100.3274,15.4542],[100.3183,15.4526]]]}},{"type":"Feature","properties":{"k":71,"name":"หนองหม้อ","district":"ตาคลี"},"geometry":{"type":"Polygon","coordinates":[[[100.2942,15.2385],[100.2794,15.2445],[100.2746,15.24],[100.2743,15.2243],[100.2904,15.2191],[100.2904,15.2181],[100.2922,15.2182],[100.2954,15.1945],[100.2937,15.1943],[100.2979,15.1807],[100.3024,15.1733],[100.3116,15.1684],[100.3197,15.1582],[100.3398,15.1506],[100.3387,15.1542],[100.3528,15.1601],[100.3689,15.1609],[100.3717,15.1726],[100.3754,15.1772],[100.3696,15.1796],[100.3547,15.1919],[100.3515,15.2011],[100.3523,15.2032],[100.356,15.2069],[100.3382,15.2248],[100.2958,15.242],[100.2942,15.2385]]]}},{"type":"Feature","properties":{"k":72,"name":"สร้อยทอง","district":"ตาคลี"},"geometry":{"type":"Polygon","coordinates":[[[100.38,15.1602],[100.3811,15.1638],[100.3754,15.1772],[100.3717,15.1726],[100.3703,15.1642],[100.3687,15.1607],[100.353,15.1601],[100.3387,15.1541],[100.3434,15.1407],[100.346,15.1279],[100.3493,15.1234],[100.3507,15.1234],[100.3515,15.1184],[100.3546,15.1205],[100.356,15.1177],[100.3531,15.1013],[100.3546,15.0967],[100.3749,15.0867],[100.4244,15.0516],[100.4258,15.0529],[100.4275,15.0611],[100.4322,15.0715],[100.4237,15.081],[100.4226,15.0834],[100.4266,15.1122],[100.4259,15.1153],[100.4231,15.1199],[100.4227,15.1284],[100.4192,15.1297],[100.4152,15.1341],[100.4059,15.1648],[100.4022,15.1638],[100.392,15.1581],[100.38,15.1602]]]}},{"type":"Feature","properties":{"k":73,"name":"ลาดทิพรส","district":"ตาคลี"},"geometry":{"type":"Polygon","coordinates":[[[100.5568,15.2808],[100.5463,15.2822],[100.5416,15.2842],[100.5314,15.2807],[100.5297,15.277],[100.5279,15.2768],[100.5273,15.275],[100.5249,15.273],[100.5245,15.2684],[100.525,15.2671],[100.5265,15.2667],[100.5263,15.2652],[100.5245,15.2637],[100.5249,15.2614],[100.5222,15.2609],[100.5213,15.2593],[100.5227,15.2542],[100.521,15.2532],[100.5219,15.2528],[100.5208,15.2521],[100.5214,15.2509],[100.5201,15.2507],[100.5211,15.2483],[100.5196,15.2481],[100.5202,15.2472],[100.5188,15.2469],[100.5189,15.2459],[100.5177,15.2465],[100.518,15.2456],[100.5165,15.2444],[100.5176,15.2439],[100.5152,15.2425],[100.5149,15.2407],[100.5165,15.2416],[100.5161,15.2355],[100.5214,15.2337],[100.524,15.2312],[100.5223,15.2282],[100.5233,15.2257],[100.5219,15.2242],[100.5225,15.2218],[100.5056,15.2005],[100.5001,15.1953],[100.4913,15.1893],[100.4843,15.1827],[100.4903,15.1693],[100.4913,15.1592],[100.4963,15.1466],[100.5032,15.1461],[100.5139,15.1474],[100.5145,15.1451],[100.5167,15.1451],[100.5186,15.1477],[100.5182,15.155],[100.5196,15.1562],[100.5207,15.1605],[100.5218,15.1615],[100.525,15.1723],[100.5298,15.1781],[100.5319,15.1836],[100.5362,15.1851],[100.54,15.1852],[100.549,15.1891],[100.5732,15.2116],[100.5777,15.2167],[100.584,15.2264],[100.5875,15.2272],[100.5902,15.2296],[100.5905,15.2323],[100.5823,15.2387],[100.584,15.2426],[100.5855,15.2428],[100.5863,15.2446],[100.5912,15.2474],[100.6055,15.244],[100.6107,15.2447],[100.6151,15.2413],[100.6202,15.2427],[100.6176,15.2465],[100.609,15.2511],[100.6041,15.2566],[100.6022,15.2569],[100.6012,15.2615],[100.5974,15.2639],[100.5955,15.2671],[100.5905,15.2677],[100.5896,15.2692],[100.5869,15.2683],[100.586,15.2697],[100.5827,15.2671],[100.5825,15.2656],[100.5814,15.2655],[100.5808,15.2668],[100.5794,15.2661],[100.579,15.2639],[100.5772,15.2627],[100.5777,15.2641],[100.5769,15.265],[100.5796,15.2709],[100.5801,15.2766],[100.571,15.2786],[100.5709,15.2802],[100.5686,15.2826],[100.5568,15.2808]]]}},{"type":"Feature","properties":{"k":74,"name":"พรหมนิมิต","district":"ตาคลี"},"geometry":{"type":"Polygon","coordinates":[[[100.4474,15.145],[100.4412,15.1452],[100.4395,15.1421],[100.434,15.1393],[100.43,15.1393],[100.4282,15.1403],[100.427,15.1413],[100.4253,15.153],[100.422,15.1528],[100.4161,15.1543],[100.4133,15.1606],[100.4136,15.164],[100.416,15.1696],[100.3899,15.1965],[100.388,15.1948],[100.3878,15.1923],[100.3848,15.1908],[100.3829,15.191],[100.3754,15.1772],[100.3811,15.1638],[100.38,15.1602],[100.392,15.1581],[100.4022,15.1638],[100.4059,15.1648],[100.415,15.1346],[100.4192,15.1297],[100.4386,15.1256],[100.4449,15.1272],[100.4507,15.132],[100.4477,15.1353],[100.4486,15.1371],[100.4474,15.145]]]}},{"type":"Feature","properties":{"k":75,"name":"ท่าตะโก","district":"ท่าตะโก"},"geometry":{"type":"Polygon","coordinates":[[[100.5001,15.6322],[100.494,15.6384],[100.4925,15.65],[100.4896,15.6509],[100.4873,15.6504],[100.4849,15.6533],[100.4808,15.6549],[100.4793,15.657],[100.4757,15.6554],[100.4698,15.6757],[100.4697,15.6747],[100.4681,15.6745],[100.4672,15.6732],[100.4674,15.6614],[100.4671,15.6592],[100.4659,15.659],[100.4653,15.6601],[100.4584,15.6613],[100.4532,15.6646],[100.4514,15.6641],[100.4501,15.6648],[100.4471,15.6647],[100.4454,15.6633],[100.4452,15.6604],[100.4445,15.6606],[100.4357,15.6666],[100.4214,15.6717],[100.4216,15.6729],[100.4149,15.6734],[100.4151,15.6746],[100.408,15.6755],[100.4081,15.6674],[100.4123,15.6675],[100.4117,15.6655],[100.4164,15.6581],[100.4187,15.6572],[100.4175,15.654],[100.4166,15.6442],[100.4178,15.6424],[100.4248,15.6396],[100.43,15.6353],[100.4305,15.6293],[100.4336,15.6241],[100.4351,15.6229],[100.4375,15.6234],[100.4393,15.6224],[100.4418,15.618],[100.445,15.6174],[100.4437,15.6121],[100.4462,15.6101],[100.4467,15.6061],[100.4498,15.6053],[100.4511,15.6038],[100.455,15.6045],[100.4618,15.6097],[100.4755,15.6061],[100.4853,15.6063],[100.4973,15.6089],[100.4983,15.6134],[100.5042,15.6235],[100.5017,15.6247],[100.5031,15.6315],[100.5001,15.6322]]]}},{"type":"Feature","properties":{"k":76,"name":"พนมรอก","district":"ท่าตะโก"},"geometry":{"type":"Polygon","coordinates":[[[100.4905,15.7439],[100.463,15.7332],[100.4529,15.744],[100.4496,15.746],[100.4422,15.7459],[100.4326,15.7425],[100.4289,15.7422],[100.4274,15.743],[100.4156,15.7371],[100.4117,15.7384],[100.4119,15.7418],[100.4105,15.7426],[100.405,15.742],[100.4049,15.7432],[100.4031,15.7433],[100.4018,15.7422],[100.397,15.7422],[100.3946,15.7433],[100.3863,15.7442],[100.3857,15.7423],[100.3781,15.7431],[100.3774,15.7411],[100.3633,15.7439],[100.3675,15.7389],[100.3704,15.7336],[100.3761,15.7132],[100.3755,15.7041],[100.3744,15.7042],[100.3735,15.6856],[100.378,15.6873],[100.378,15.6901],[100.381,15.687],[100.3834,15.6868],[100.3833,15.6843],[100.3853,15.6843],[100.3863,15.6822],[100.4022,15.6815],[100.4019,15.6789],[100.4048,15.6774],[100.4047,15.6756],[100.4151,15.6746],[100.4149,15.6734],[100.4182,15.6728],[100.4216,15.6729],[100.4214,15.6717],[100.4357,15.6666],[100.4445,15.6606],[100.4452,15.6604],[100.4454,15.6633],[100.4471,15.6647],[100.4501,15.6648],[100.4514,15.6641],[100.4532,15.6646],[100.4578,15.6615],[100.4669,15.6591],[100.4672,15.6732],[100.4681,15.6745],[100.4697,15.6747],[100.4695,15.6771],[100.483,15.6769],[100.4873,15.6782],[100.4866,15.6996],[100.4884,15.7064],[100.4904,15.7067],[100.4964,15.704],[100.4994,15.7066],[100.5012,15.7067],[100.5024,15.7094],[100.5041,15.7108],[100.5048,15.7126],[100.5041,15.7137],[100.506,15.7145],[100.5059,15.7158],[100.507,15.716],[100.5068,15.7169],[100.5078,15.7165],[100.5071,15.7175],[100.5088,15.7186],[100.5077,15.7193],[100.5089,15.7197],[100.5081,15.7207],[100.5091,15.7204],[100.51,15.721],[100.5096,15.722],[100.5118,15.7228],[100.512,15.7246],[100.5159,15.7238],[100.5171,15.7255],[100.5168,15.7266],[100.5179,15.7262],[100.5198,15.7281],[100.5165,15.7295],[100.5163,15.7324],[100.5139,15.7324],[100.5137,15.7334],[100.5018,15.7298],[100.5011,15.7325],[100.4903,15.7394],[100.4905,15.7439]]]}},{"type":"Feature","properties":{"k":77,"name":"หัวถนน","district":"ท่าตะโก"},"geometry":{"type":"Polygon","coordinates":[[[100.43,15.6353],[100.4132,15.635],[100.4107,15.632],[100.4099,15.6291],[100.4077,15.6301],[100.4061,15.622],[100.4054,15.6082],[100.4025,15.6077],[100.3985,15.6086],[100.3866,15.6144],[100.3797,15.6148],[100.3777,15.6125],[100.3705,15.6172],[100.3552,15.5998],[100.3557,15.5986],[100.3515,15.5974],[100.3521,15.5957],[100.3431,15.5931],[100.3476,15.588],[100.35,15.5874],[100.3837,15.5938],[100.3823,15.5917],[100.3827,15.5897],[100.3815,15.5848],[100.3834,15.5804],[100.3829,15.5777],[100.3844,15.573],[100.4013,15.5484],[100.41,15.5383],[100.4213,15.5364],[100.422,15.5343],[100.4242,15.5328],[100.4241,15.5308],[100.4264,15.5292],[100.4282,15.5296],[100.4306,15.528],[100.4359,15.5286],[100.4373,15.5276],[100.4387,15.5297],[100.4536,15.5303],[100.4545,15.5327],[100.4604,15.5352],[100.462,15.5372],[100.4631,15.5427],[100.4664,15.5461],[100.4659,15.5527],[100.4667,15.5548],[100.4684,15.5552],[100.4702,15.5582],[100.4733,15.5602],[100.4754,15.5603],[100.4775,15.564],[100.4787,15.5636],[100.4801,15.5659],[100.4872,15.5629],[100.4915,15.5764],[100.4984,15.5827],[100.4997,15.5866],[100.5039,15.5903],[100.5011,15.6003],[100.4996,15.6002],[100.5005,15.6027],[100.4975,15.6034],[100.4973,15.6089],[100.4853,15.6063],[100.4755,15.6061],[100.4618,15.6097],[100.455,15.6045],[100.4523,15.6035],[100.4467,15.6061],[100.4462,15.6101],[100.4437,15.6121],[100.445,15.6174],[100.4418,15.618],[100.4393,15.6224],[100.4375,15.6234],[100.4351,15.6229],[100.4336,15.6241],[100.4305,15.6293],[100.43,15.6353]]]}},{"type":"Feature","properties":{"k":78,"name":"สายลำโพง","district":"ท่าตะโก"},"geometry":{"type":"Polygon","coordinates":[[[100.4846,15.8142],[100.4672,15.818],[100.4696,15.827],[100.4536,15.8289],[100.4437,15.8315],[100.4404,15.8313],[100.4388,15.8036],[100.4336,15.7851],[100.4279,15.7765],[100.426,15.7769],[100.4253,15.7752],[100.4242,15.7752],[100.4229,15.7708],[100.4204,15.7712],[100.4217,15.7673],[100.4208,15.7657],[100.4228,15.7649],[100.423,15.7617],[100.4223,15.7609],[100.4226,15.7582],[100.4194,15.7574],[100.4229,15.7479],[100.4274,15.743],[100.4289,15.7422],[100.4326,15.7425],[100.4422,15.7459],[100.4505,15.7459],[100.463,15.7332],[100.4905,15.7439],[100.4903,15.7394],[100.5011,15.7325],[100.5018,15.7298],[100.5137,15.7334],[100.5139,15.7324],[100.5162,15.7325],[100.5165,15.7295],[100.5198,15.7281],[100.5179,15.7262],[100.5168,15.7265],[100.5164,15.7209],[100.5264,15.719],[100.5332,15.7258],[100.5357,15.7304],[100.541,15.73],[100.5421,15.7306],[100.5416,15.7316],[100.5441,15.7317],[100.5437,15.7332],[100.5452,15.7334],[100.5462,15.7322],[100.5467,15.7333],[100.5479,15.7337],[100.5483,15.7327],[100.5512,15.7342],[100.552,15.7331],[100.5508,15.7318],[100.5515,15.7309],[100.5525,15.7313],[100.5531,15.7298],[100.5542,15.7305],[100.5566,15.7297],[100.5579,15.7323],[100.5596,15.7322],[100.561,15.7364],[100.5628,15.7363],[100.5631,15.7379],[100.5656,15.7365],[100.5669,15.7377],[100.5676,15.7371],[100.5682,15.7389],[100.5691,15.7383],[100.5697,15.7395],[100.5702,15.7383],[100.5714,15.7401],[100.5726,15.7396],[100.5728,15.7404],[100.5714,15.741],[100.5719,15.7424],[100.5733,15.7444],[100.5745,15.7435],[100.5742,15.7446],[100.5761,15.7454],[100.5769,15.7473],[100.5777,15.7464],[100.5779,15.7475],[100.5793,15.7475],[100.5809,15.7463],[100.5834,15.7483],[100.5866,15.7485],[100.587,15.7497],[100.5882,15.7493],[100.5902,15.7514],[100.5898,15.753],[100.5913,15.7553],[100.5906,15.7564],[100.5929,15.7564],[100.5936,15.7586],[100.5882,15.7605],[100.5871,15.7602],[100.5862,15.758],[100.5812,15.7563],[100.5755,15.7578],[100.5699,15.7568],[100.5701,15.7555],[100.568,15.755],[100.5682,15.7539],[100.5666,15.7535],[100.564,15.7499],[100.5577,15.752],[100.5576,15.7512],[100.5554,15.7509],[100.554,15.7522],[100.5504,15.7514],[100.5508,15.7501],[100.5475,15.7498],[100.5455,15.7486],[100.5441,15.7497],[100.5402,15.7467],[100.5315,15.7492],[100.5285,15.7531],[100.5235,15.7562],[100.5223,15.759],[100.5182,15.7637],[100.517,15.7682],[100.5116,15.7738],[100.5047,15.7857],[100.5003,15.7868],[100.4965,15.7861],[100.488,15.7934],[100.4868,15.7956],[100.4864,15.8059],[100.4846,15.8142]]]}},{"type":"Feature","properties":{"k":79,"name":"วังมหากร","district":"ท่าตะโก"},"geometry":{"type":"Polygon","coordinates":[[[100.3006,15.6935],[100.2963,15.6929],[100.289,15.6943],[100.2895,15.6829],[100.2882,15.6769],[100.289,15.6767],[100.2898,15.6722],[100.2895,15.665],[100.2868,15.6561],[100.2954,15.6553],[100.2945,15.6455],[100.2968,15.645],[100.2964,15.6429],[100.2974,15.6426],[100.2964,15.6342],[100.3089,15.6329],[100.3431,15.5931],[100.3521,15.5957],[100.3515,15.5974],[100.3557,15.5986],[100.3552,15.5998],[100.3705,15.6172],[100.3777,15.6125],[100.3797,15.6148],[100.3866,15.6144],[100.3985,15.6086],[100.4025,15.6077],[100.4054,15.6082],[100.4061,15.622],[100.4077,15.6301],[100.4099,15.6291],[100.4107,15.632],[100.4132,15.635],[100.43,15.6353],[100.4248,15.6396],[100.4178,15.6424],[100.4166,15.6442],[100.4175,15.654],[100.4187,15.6572],[100.4164,15.6581],[100.4117,15.6655],[100.4123,15.6675],[100.4081,15.6673],[100.408,15.6753],[100.4046,15.6757],[100.4048,15.6774],[100.4019,15.6789],[100.4022,15.6815],[100.3863,15.6822],[100.3853,15.6843],[100.3833,15.6843],[100.3834,15.6868],[100.381,15.687],[100.378,15.6901],[100.378,15.6873],[100.3736,15.6858],[100.3731,15.6843],[100.3701,15.6858],[100.3672,15.6821],[100.3658,15.6828],[100.363,15.6814],[100.35,15.681],[100.3497,15.6786],[100.3478,15.6783],[100.34,15.679],[100.335,15.6806],[100.3339,15.6859],[100.3209,15.6831],[100.319,15.6845],[100.318,15.6868],[100.311,15.6904],[100.3057,15.687],[100.3012,15.6872],[100.3006,15.6876],[100.3006,15.6935]]]}},{"type":"Feature","properties":{"k":80,"name":"ดอนคา","district":"ท่าตะโก"},"geometry":{"type":"Polygon","coordinates":[[[100.5985,15.7415],[100.5941,15.7454],[100.5942,15.7468],[100.5929,15.7469],[100.5917,15.7486],[100.5925,15.7496],[100.591,15.7504],[100.5871,15.7497],[100.5875,15.7492],[100.5858,15.7482],[100.5834,15.7483],[100.5809,15.7463],[100.5793,15.7475],[100.5779,15.7475],[100.5777,15.7464],[100.5769,15.7473],[100.5761,15.7454],[100.5742,15.7446],[100.5745,15.7435],[100.5733,15.7444],[100.5719,15.7424],[100.5714,15.741],[100.5728,15.7404],[100.5726,15.7396],[100.5714,15.7401],[100.5702,15.7383],[100.5697,15.7395],[100.5691,15.7383],[100.5682,15.7389],[100.5676,15.7371],[100.5669,15.7377],[100.5656,15.7365],[100.5631,15.7379],[100.5628,15.7363],[100.561,15.7364],[100.5596,15.7322],[100.5579,15.7323],[100.5566,15.7297],[100.5542,15.7305],[100.5531,15.7298],[100.5525,15.7313],[100.5515,15.7309],[100.5508,15.7318],[100.552,15.7331],[100.5512,15.7342],[100.5483,15.7327],[100.5479,15.7337],[100.5467,15.7333],[100.5462,15.7322],[100.5452,15.7334],[100.5437,15.7332],[100.5441,15.7317],[100.5416,15.7316],[100.5421,15.7306],[100.541,15.73],[100.5357,15.7304],[100.5332,15.7258],[100.5264,15.719],[100.5164,15.7209],[100.5161,15.7241],[100.512,15.7246],[100.5118,15.7228],[100.5096,15.722],[100.51,15.721],[100.5091,15.7204],[100.508,15.7207],[100.5089,15.7197],[100.5077,15.7193],[100.5088,15.7186],[100.5071,15.7175],[100.5078,15.7165],[100.5068,15.7169],[100.507,15.716],[100.5059,15.7158],[100.506,15.7145],[100.5041,15.7137],[100.5048,15.7126],[100.5041,15.7108],[100.5024,15.7094],[100.5012,15.7067],[100.4994,15.7066],[100.4964,15.704],[100.4904,15.7067],[100.4884,15.7064],[100.4866,15.6996],[100.4873,15.6782],[100.483,15.6769],[100.4695,15.6771],[100.4757,15.6554],[100.4793,15.657],[100.4808,15.6549],[100.4849,15.6533],[100.4873,15.6504],[100.4896,15.6509],[100.4927,15.6499],[100.4942,15.638],[100.4984,15.6334],[100.5032,15.6314],[100.5017,15.6247],[100.5042,15.6235],[100.5036,15.6214],[100.5059,15.6215],[100.5065,15.6202],[100.5097,15.621],[100.5099,15.6196],[100.513,15.618],[100.5164,15.6178],[100.5177,15.6192],[100.5195,15.619],[100.524,15.6281],[100.5259,15.6292],[100.5293,15.627],[100.5307,15.6281],[100.5329,15.6263],[100.534,15.6224],[100.5379,15.6214],[100.5382,15.6192],[100.5397,15.6194],[100.5418,15.6174],[100.5417,15.615],[100.5457,15.6123],[100.5486,15.6126],[100.5499,15.6166],[100.5509,15.6267],[100.5564,15.6474],[100.5595,15.6557],[100.5682,15.6731],[100.5958,15.7162],[100.6115,15.7353],[100.6179,15.7406],[100.6155,15.7406],[100.6133,15.7423],[100.6101,15.7391],[100.6064,15.739],[100.606,15.7397],[100.6054,15.7389],[100.6003,15.7407],[100.5996,15.7417],[100.5985,15.7415]]]}},{"type":"Feature","properties":{"k":81,"name":"ทำนบ","district":"ท่าตะโก"},"geometry":{"type":"Polygon","coordinates":[[[100.5491,15.6134],[100.5457,15.6123],[100.5418,15.6149],[100.5418,15.6174],[100.5397,15.6194],[100.5382,15.6192],[100.5379,15.6214],[100.534,15.6224],[100.5329,15.6263],[100.5307,15.6281],[100.5293,15.627],[100.5259,15.6292],[100.524,15.6281],[100.5195,15.619],[100.5177,15.6192],[100.5164,15.6178],[100.513,15.618],[100.5099,15.6196],[100.5097,15.621],[100.5065,15.6202],[100.5059,15.6215],[100.5036,15.6214],[100.4976,15.611],[100.4975,15.6034],[100.5004,15.6028],[100.4996,15.6002],[100.5011,15.6003],[100.5038,15.5903],[100.5058,15.5882],[100.5054,15.5873],[100.5104,15.5859],[100.516,15.5879],[100.5201,15.5852],[100.5199,15.5775],[100.5215,15.5735],[100.5245,15.5739],[100.5252,15.5754],[100.5354,15.5704],[100.538,15.5696],[100.5384,15.5705],[100.5401,15.5701],[100.5361,15.5593],[100.5393,15.558],[100.5373,15.5538],[100.5377,15.5433],[100.5365,15.5396],[100.5387,15.5364],[100.5366,15.5354],[100.5366,15.532],[100.5325,15.5281],[100.5334,15.5275],[100.5336,15.525],[100.532,15.5238],[100.5299,15.5163],[100.5328,15.5172],[100.5337,15.5189],[100.5368,15.5187],[100.5443,15.5205],[100.546,15.5187],[100.5526,15.519],[100.5607,15.5235],[100.5659,15.5239],[100.5677,15.5253],[100.5732,15.5342],[100.5772,15.544],[100.5789,15.5638],[100.5789,15.5787],[100.5786,15.593],[100.5768,15.607],[100.5716,15.6062],[100.566,15.6069],[100.5617,15.6051],[100.5606,15.6067],[100.5565,15.6066],[100.556,15.608],[100.5543,15.6081],[100.5491,15.6134]]]}},{"type":"Feature","properties":{"k":82,"name":"วังใหญ่","district":"ท่าตะโก"},"geometry":{"type":"Polygon","coordinates":[[[100.4274,15.743],[100.4229,15.7479],[100.4194,15.7574],[100.4226,15.7582],[100.4223,15.7609],[100.423,15.7617],[100.4228,15.7649],[100.4208,15.7657],[100.4217,15.7673],[100.4204,15.7712],[100.4229,15.7708],[100.4242,15.7752],[100.4253,15.7752],[100.426,15.7769],[100.4279,15.7765],[100.4336,15.7851],[100.4388,15.8036],[100.4404,15.8313],[100.4358,15.8281],[100.432,15.8268],[100.43,15.8275],[100.4275,15.8266],[100.4256,15.8243],[100.4193,15.8256],[100.4131,15.8225],[100.4071,15.8231],[100.4022,15.8203],[100.4003,15.8176],[100.3978,15.8175],[100.3908,15.813],[100.3749,15.7993],[100.3694,15.7996],[100.3617,15.7976],[100.3611,15.7935],[100.362,15.7856],[100.3636,15.7839],[100.3627,15.766],[100.3633,15.7439],[100.3774,15.7411],[100.3781,15.7431],[100.3857,15.7423],[100.3863,15.7442],[100.3946,15.7433],[100.397,15.7422],[100.4018,15.7422],[100.4031,15.7433],[100.4049,15.7432],[100.405,15.742],[100.4105,15.7426],[100.4119,15.7418],[100.4117,15.7384],[100.4156,15.7371],[100.4274,15.743]]]}},{"type":"Feature","properties":{"k":83,"name":"พนมเศษ","district":"ท่าตะโก"},"geometry":{"type":"Polygon","coordinates":[[[100.3633,15.7439],[100.3627,15.766],[100.3636,15.7839],[100.362,15.7856],[100.3611,15.7935],[100.3617,15.7976],[100.3383,15.7768],[100.3318,15.774],[100.318,15.7722],[100.3135,15.7703],[100.3134,15.7663],[100.3153,15.762],[100.3239,15.7547],[100.3276,15.7502],[100.3284,15.7421],[100.32,15.7255],[100.3157,15.7216],[100.311,15.7072],[100.3024,15.7035],[100.2996,15.6987],[100.3006,15.6876],[100.3057,15.687],[100.311,15.6904],[100.318,15.6868],[100.319,15.6845],[100.3211,15.683],[100.3339,15.6859],[100.335,15.6806],[100.3367,15.6796],[100.3471,15.6783],[100.3497,15.6786],[100.35,15.681],[100.3587,15.681],[100.3636,15.6815],[100.3657,15.6827],[100.3677,15.6823],[100.3702,15.6858],[100.3732,15.6844],[100.3744,15.7042],[100.3755,15.7041],[100.3761,15.7132],[100.3704,15.7336],[100.3675,15.7389],[100.3633,15.7439]]]}},{"type":"Feature","properties":{"k":84,"name":"หนองหลวง","district":"ท่าตะโก"},"geometry":{"type":"Polygon","coordinates":[[[100.5299,15.5163],[100.532,15.5238],[100.5336,15.525],[100.5334,15.5275],[100.5325,15.5281],[100.5366,15.532],[100.5366,15.5354],[100.5387,15.5364],[100.5365,15.5396],[100.5377,15.5433],[100.5373,15.5538],[100.5393,15.558],[100.5361,15.5593],[100.5401,15.5701],[100.5384,15.5705],[100.538,15.5696],[100.5354,15.5704],[100.5252,15.5754],[100.5245,15.5739],[100.5215,15.5735],[100.5199,15.5775],[100.5201,15.5852],[100.516,15.5879],[100.5141,15.5867],[100.5083,15.5861],[100.5054,15.5873],[100.5058,15.5882],[100.5039,15.5903],[100.4997,15.5866],[100.4984,15.5827],[100.4915,15.5764],[100.4872,15.5629],[100.4801,15.5659],[100.4787,15.5636],[100.4775,15.564],[100.4754,15.5603],[100.4733,15.5602],[100.4702,15.5582],[100.4684,15.5552],[100.4667,15.5548],[100.4659,15.5527],[100.4664,15.5461],[100.4631,15.5427],[100.462,15.5372],[100.4594,15.5344],[100.4573,15.5343],[100.4545,15.5327],[100.4536,15.5303],[100.4644,15.5341],[100.4711,15.5351],[100.4744,15.528],[100.4745,15.5196],[100.4753,15.5182],[100.4795,15.5152],[100.4869,15.5126],[100.4958,15.5056],[100.4974,15.4983],[100.497,15.4956],[100.4933,15.4915],[100.49,15.4918],[100.4904,15.4901],[100.4884,15.4891],[100.4884,15.4878],[100.486,15.4878],[100.483,15.4844],[100.4824,15.4825],[100.4831,15.4819],[100.4806,15.4789],[100.4815,15.4784],[100.4809,15.4772],[100.4818,15.4746],[100.481,15.4709],[100.4827,15.4683],[100.4818,15.467],[100.4825,15.4651],[100.4837,15.4643],[100.4822,15.4632],[100.4827,15.4612],[100.4878,15.4594],[100.4887,15.4575],[100.487,15.4566],[100.4877,15.4558],[100.4875,15.4545],[100.4866,15.4545],[100.4871,15.4516],[100.489,15.451],[100.4897,15.4482],[100.4922,15.4483],[100.4926,15.4443],[100.4969,15.4421],[100.4996,15.4422],[100.5015,15.4399],[100.5006,15.4355],[100.5016,15.4286],[100.503,15.4278],[100.5023,15.4239],[100.5049,15.4209],[100.5033,15.4162],[100.5043,15.4145],[100.5039,15.4129],[100.5083,15.4074],[100.5106,15.4068],[100.516,15.4074],[100.521,15.4097],[100.5238,15.4122],[100.5261,15.4171],[100.5257,15.42],[100.5272,15.4217],[100.5276,15.4251],[100.5247,15.4274],[100.524,15.4294],[100.52,15.4314],[100.5275,15.4554],[100.5365,15.4601],[100.5564,15.4636],[100.5559,15.4671],[100.5541,15.4683],[100.5543,15.4702],[100.5531,15.4712],[100.5539,15.4747],[100.5525,15.4744],[100.5511,15.4781],[100.5541,15.4847],[100.5551,15.4919],[100.5574,15.4956],[100.5494,15.4976],[100.5493,15.499],[100.547,15.4997],[100.5405,15.4991],[100.546,15.5187],[100.5443,15.5205],[100.5368,15.5187],[100.5337,15.5189],[100.5328,15.5172],[100.5299,15.5163]]]}},{"type":"Feature","properties":{"k":85,"name":"โคกเดื่อ","district":"ไพศาลี"},"geometry":{"type":"Polygon","coordinates":[[[100.6047,15.6613],[100.604,15.663],[100.5967,15.6646],[100.591,15.6632],[100.584,15.6598],[100.5764,15.6611],[100.5688,15.6583],[100.5613,15.6594],[100.5564,15.6474],[100.5509,15.6267],[100.5491,15.6134],[100.5543,15.6081],[100.556,15.608],[100.5565,15.6066],[100.5606,15.6067],[100.5617,15.6051],[100.566,15.6069],[100.5716,15.6062],[100.5768,15.607],[100.5786,15.593],[100.5847,15.5925],[100.595,15.5891],[100.6022,15.5852],[100.6018,15.5837],[100.608,15.577],[100.614,15.5764],[100.6156,15.5746],[100.6173,15.5744],[100.6171,15.5735],[100.6187,15.5723],[100.6217,15.5721],[100.6218,15.5701],[100.6245,15.5698],[100.6284,15.5674],[100.6338,15.5678],[100.6374,15.5668],[100.6389,15.5729],[100.6399,15.5731],[100.6415,15.5769],[100.6446,15.5771],[100.6439,15.5844],[100.6448,15.5926],[100.6426,15.5997],[100.6435,15.6024],[100.6427,15.6035],[100.6398,15.6036],[100.6396,15.6166],[100.6385,15.6242],[100.6389,15.6303],[100.6422,15.636],[100.6432,15.6407],[100.6426,15.6511],[100.6442,15.6637],[100.64,15.6632],[100.6361,15.6607],[100.6329,15.661],[100.6318,15.66],[100.625,15.659],[100.6206,15.6569],[100.6202,15.6548],[100.6192,15.6546],[100.6121,15.6597],[100.6077,15.6614],[100.6047,15.6613]]]}},{"type":"Feature","properties":{"k":86,"name":"สำโรงชัย","district":"ไพศาลี"},"geometry":{"type":"Polygon","coordinates":[[[100.5901,15.5912],[100.5786,15.593],[100.5789,15.5638],[100.5772,15.544],[100.5747,15.5372],[100.5666,15.5244],[100.5607,15.5235],[100.5534,15.5192],[100.546,15.5187],[100.5405,15.4991],[100.547,15.4997],[100.5493,15.499],[100.5494,15.4976],[100.5574,15.4956],[100.5551,15.4919],[100.5541,15.4847],[100.5511,15.4781],[100.5525,15.4744],[100.5606,15.4763],[100.5717,15.4763],[100.6025,15.4813],[100.5979,15.4699],[100.605,15.4628],[100.6038,15.4604],[100.6059,15.4588],[100.605,15.4572],[100.6059,15.4553],[100.6009,15.4545],[100.6005,15.4535],[100.6055,15.4531],[100.6173,15.4588],[100.6174,15.4604],[100.6204,15.4628],[100.6231,15.4621],[100.625,15.4666],[100.6341,15.4799],[100.6548,15.4798],[100.6597,15.4813],[100.6698,15.4873],[100.6678,15.4923],[100.6627,15.4946],[100.663,15.4963],[100.6587,15.5011],[100.662,15.5051],[100.6672,15.5073],[100.6688,15.5113],[100.67,15.5118],[100.6745,15.5125],[100.677,15.5101],[100.6802,15.5087],[100.6831,15.5091],[100.6868,15.5075],[100.6925,15.5069],[100.6939,15.5045],[100.7003,15.5021],[100.7101,15.5036],[100.7147,15.5068],[100.7174,15.5068],[100.7193,15.5084],[100.7227,15.5087],[100.7265,15.5107],[100.7279,15.5106],[100.7279,15.5092],[100.7287,15.5091],[100.7391,15.5109],[100.746,15.5133],[100.7406,15.5152],[100.731,15.5234],[100.7305,15.5268],[100.7279,15.5311],[100.7288,15.5357],[100.7272,15.5367],[100.7276,15.5387],[100.7268,15.5403],[100.727,15.542],[100.7295,15.5426],[100.7301,15.544],[100.7286,15.5465],[100.7264,15.547],[100.7217,15.5515],[100.7195,15.5561],[100.6988,15.5613],[100.6918,15.567],[100.6902,15.5666],[100.69,15.5652],[100.6878,15.564],[100.6843,15.5636],[100.6833,15.5653],[100.6813,15.5646],[100.6783,15.5651],[100.6725,15.5619],[100.671,15.5598],[100.6679,15.5589],[100.6631,15.5609],[100.6496,15.5633],[100.6452,15.5625],[100.6406,15.5643],[100.6372,15.5669],[100.6338,15.5678],[100.6284,15.5674],[100.6245,15.5698],[100.6218,15.5701],[100.6217,15.5721],[100.6187,15.5723],[100.6171,15.5735],[100.6173,15.5744],[100.6156,15.5746],[100.614,15.5764],[100.608,15.577],[100.6018,15.5837],[100.6022,15.5852],[100.6006,15.5861],[100.5901,15.5912]]]}},{"type":"Feature","properties":{"k":87,"name":"วังน้ำลัด","district":"ไพศาลี"},"geometry":{"type":"Polygon","coordinates":[[[100.7509,15.7664],[100.7495,15.7669],[100.7486,15.7657],[100.7459,15.7653],[100.7392,15.7667],[100.7376,15.7657],[100.7337,15.7688],[100.731,15.7668],[100.729,15.7665],[100.7266,15.7683],[100.7239,15.7677],[100.7218,15.7684],[100.7213,15.7677],[100.7142,15.7709],[100.7095,15.7687],[100.7086,15.7694],[100.7058,15.7672],[100.7049,15.7681],[100.7043,15.7674],[100.7013,15.7682],[100.701,15.7698],[100.7,15.7692],[100.696,15.77],[100.6955,15.7692],[100.6939,15.7706],[100.6899,15.7691],[100.6903,15.7684],[100.6882,15.7669],[100.6865,15.7678],[100.685,15.767],[100.6817,15.7672],[100.6817,15.7679],[100.6781,15.7671],[100.6779,15.7677],[100.6752,15.7674],[100.674,15.7658],[100.6701,15.7655],[100.6685,15.7665],[100.6657,15.766],[100.6612,15.7671],[100.6559,15.7696],[100.6545,15.7716],[100.6514,15.7703],[100.6473,15.7722],[100.647,15.7715],[100.6434,15.7724],[100.6427,15.7681],[100.6382,15.7641],[100.6382,15.7617],[100.6291,15.7531],[100.6256,15.7518],[100.6258,15.7501],[100.6231,15.7473],[100.6228,15.7444],[100.6209,15.7449],[100.6189,15.7413],[100.6115,15.7353],[100.5958,15.7162],[100.5682,15.6731],[100.5613,15.6594],[100.5688,15.6583],[100.5764,15.6611],[100.584,15.6598],[100.591,15.6632],[100.5983,15.6646],[100.604,15.663],[100.6047,15.6613],[100.6077,15.6614],[100.6121,15.6597],[100.6192,15.6546],[100.6202,15.6548],[100.6206,15.6569],[100.625,15.659],[100.6318,15.66],[100.6329,15.661],[100.6361,15.6607],[100.6415,15.6637],[100.6438,15.6638],[100.6459,15.6627],[100.6535,15.6629],[100.6546,15.6619],[100.654,15.66],[100.6551,15.6591],[100.6606,15.6579],[100.6623,15.656],[100.6658,15.6554],[100.6672,15.6528],[100.6683,15.6529],[100.6688,15.6509],[100.6703,15.6506],[100.6715,15.6478],[100.6743,15.6466],[100.6766,15.6476],[100.6782,15.646],[100.6816,15.6453],[100.6872,15.6547],[100.6942,15.6621],[100.6996,15.6672],[100.7138,15.6751],[100.721,15.681],[100.7249,15.6859],[100.7308,15.6899],[100.7359,15.6973],[100.741,15.7022],[100.7386,15.7075],[100.7354,15.7098],[100.7375,15.7125],[100.7387,15.7125],[100.7381,15.7139],[100.7396,15.7132],[100.7403,15.7178],[100.739,15.7183],[100.7397,15.7206],[100.7411,15.7208],[100.7414,15.7225],[100.7434,15.7236],[100.7462,15.728],[100.7457,15.7323],[100.7389,15.7346],[100.7411,15.745],[100.7434,15.751],[100.7465,15.7529],[100.7466,15.7552],[100.7507,15.7555],[100.7509,15.7664]]]}},{"type":"Feature","properties":{"k":88,"name":"ตะคร้อ","district":"ไพศาลี"},"geometry":{"type":"Polygon","coordinates":[[[100.7469,15.5112],[100.746,15.5133],[100.7391,15.5109],[100.7287,15.5091],[100.727,15.5108],[100.7227,15.5087],[100.7196,15.5085],[100.7174,15.5068],[100.7147,15.5068],[100.7101,15.5036],[100.7003,15.5021],[100.6939,15.5045],[100.6925,15.5069],[100.6868,15.5075],[100.6831,15.5091],[100.6802,15.5087],[100.677,15.5101],[100.6745,15.5125],[100.6688,15.5113],[100.6672,15.5073],[100.662,15.5051],[100.6587,15.5011],[100.663,15.4963],[100.6627,15.4946],[100.6678,15.4923],[100.6698,15.4873],[100.6597,15.4813],[100.6534,15.4795],[100.655,15.4783],[100.6543,15.4731],[100.6509,15.4675],[100.6533,15.4659],[100.6531,15.4607],[100.6544,15.4598],[100.654,15.4583],[100.6551,15.4558],[100.6543,15.4531],[100.6559,15.4508],[100.6548,15.4465],[100.6551,15.4433],[100.6567,15.4416],[100.6567,15.439],[100.6588,15.4373],[100.6586,15.4354],[100.6639,15.4332],[100.6645,15.4338],[100.6668,15.4331],[100.6738,15.4479],[100.676,15.4512],[100.6789,15.4526],[100.6862,15.4507],[100.6872,15.4501],[100.688,15.4468],[100.6925,15.4458],[100.6935,15.4441],[100.6944,15.444],[100.6953,15.4452],[100.6969,15.4447],[100.6985,15.4425],[100.7009,15.4423],[100.7014,15.4404],[100.7052,15.4394],[100.707,15.4404],[100.7068,15.4411],[100.7096,15.4401],[100.7105,15.4413],[100.7119,15.4413],[100.7127,15.4431],[100.7149,15.4435],[100.7142,15.444],[100.7153,15.4451],[100.7147,15.4456],[100.7156,15.4466],[100.7156,15.4458],[100.7167,15.4458],[100.7172,15.4476],[100.72,15.4473],[100.7197,15.448],[100.7215,15.4484],[100.7215,15.4465],[100.7237,15.4464],[100.7243,15.4474],[100.7231,15.4476],[100.7236,15.4488],[100.7256,15.4499],[100.7288,15.4482],[100.7285,15.4474],[100.7296,15.448],[100.7337,15.4471],[100.7351,15.45],[100.7387,15.4499],[100.7392,15.4513],[100.7399,15.4505],[100.7407,15.4519],[100.7426,15.4517],[100.7445,15.4543],[100.7459,15.4542],[100.7489,15.4586],[100.7516,15.458],[100.7525,15.4588],[100.7528,15.4577],[100.7544,15.4589],[100.755,15.4579],[100.7579,15.4579],[100.7588,15.4599],[100.7599,15.461],[100.7612,15.4606],[100.7617,15.4619],[100.7622,15.4608],[100.764,15.462],[100.766,15.4616],[100.7697,15.463],[100.7718,15.4649],[100.7717,15.4664],[100.7686,15.4717],[100.769,15.4743],[100.7662,15.4845],[100.7684,15.4889],[100.7706,15.4911],[100.7688,15.4963],[100.766,15.4993],[100.7529,15.5016],[100.7508,15.5048],[100.7515,15.5072],[100.7469,15.5112]]]}},{"type":"Feature","properties":{"k":89,"name":"โพธิ์ประสาท","district":"ไพศาลี"},"geometry":{"type":"Polygon","coordinates":[[[100.5979,15.4699],[100.6027,15.4812],[100.5976,15.4811],[100.5717,15.4763],[100.5619,15.4765],[100.5563,15.4755],[100.5537,15.4744],[100.553,15.4714],[100.5543,15.4702],[100.5541,15.4683],[100.5559,15.4671],[100.5564,15.4636],[100.5374,15.4603],[100.5286,15.4564],[100.5275,15.4554],[100.52,15.4314],[100.524,15.4294],[100.5247,15.4274],[100.5276,15.4251],[100.5272,15.4217],[100.5257,15.42],[100.5261,15.4171],[100.5226,15.4109],[100.5184,15.4084],[100.513,15.4067],[100.5115,15.4011],[100.5189,15.3967],[100.5235,15.3912],[100.53,15.3903],[100.5343,15.3847],[100.535,15.3825],[100.5396,15.3787],[100.5416,15.382],[100.5461,15.382],[100.5484,15.387],[100.5481,15.3949],[100.5524,15.4018],[100.5518,15.4032],[100.5532,15.404],[100.5548,15.4024],[100.5624,15.3998],[100.5642,15.4006],[100.5765,15.3997],[100.5825,15.3975],[100.5872,15.4001],[100.5898,15.4035],[100.5951,15.402],[100.5978,15.4043],[100.5995,15.4029],[100.6041,15.4031],[100.6019,15.3982],[100.5935,15.3948],[100.5918,15.3926],[100.5922,15.3908],[100.5894,15.3894],[100.59,15.3865],[100.5892,15.3852],[100.5908,15.3819],[100.5961,15.3792],[100.5984,15.3767],[100.5967,15.3721],[100.5975,15.3698],[100.597,15.3676],[100.5934,15.363],[100.5966,15.3605],[100.5977,15.358],[100.5973,15.357],[100.5955,15.3566],[100.5948,15.348],[100.598,15.3476],[100.5996,15.3454],[100.5991,15.3426],[100.6042,15.3408],[100.6055,15.3362],[100.6115,15.3343],[100.6182,15.3386],[100.6205,15.3421],[100.6227,15.3422],[100.6262,15.3403],[100.6299,15.3404],[100.6316,15.3417],[100.6335,15.3405],[100.6353,15.347],[100.6342,15.3564],[100.6321,15.3616],[100.6367,15.3675],[100.6395,15.3695],[100.6408,15.3728],[100.6422,15.3726],[100.6426,15.3813],[100.6453,15.3896],[100.6429,15.3956],[100.643,15.3963],[100.6445,15.3965],[100.6437,15.3991],[100.646,15.4014],[100.6456,15.4051],[100.6436,15.4078],[100.646,15.4121],[100.6438,15.414],[100.6445,15.4157],[100.6434,15.4159],[100.6435,15.4169],[100.6489,15.4194],[100.6493,15.4215],[100.651,15.4223],[100.653,15.4252],[100.657,15.4258],[100.6602,15.4308],[100.6586,15.4321],[100.6588,15.4373],[100.6567,15.439],[100.6567,15.4416],[100.6551,15.4433],[100.6548,15.4465],[100.6559,15.4508],[100.6543,15.4531],[100.6551,15.4558],[100.654,15.4583],[100.6544,15.4598],[100.6531,15.4607],[100.6533,15.4659],[100.6509,15.4674],[100.6543,15.4731],[100.6547,15.4786],[100.6534,15.4795],[100.6341,15.4799],[100.625,15.4666],[100.6231,15.4621],[100.6204,15.4628],[100.6174,15.4604],[100.6172,15.4587],[100.6095,15.4546],[100.6029,15.4529],[100.6007,15.4533],[100.6005,15.4542],[100.6059,15.4553],[100.605,15.4572],[100.6059,15.4588],[100.6038,15.4604],[100.605,15.4628],[100.5979,15.4699]]]}},{"type":"Feature","properties":{"k":90,"name":"วังข่อย","district":"ไพศาลี"},"geometry":{"type":"Polygon","coordinates":[[[100.7961,15.6701],[100.789,15.6732],[100.7832,15.6711],[100.7787,15.6719],[100.7693,15.6708],[100.7643,15.6689],[100.7605,15.6692],[100.7618,15.6663],[100.7609,15.6651],[100.7554,15.666],[100.7535,15.6679],[100.7516,15.6682],[100.7516,15.6651],[100.7549,15.6634],[100.7551,15.6598],[100.7575,15.6571],[100.7563,15.6552],[100.7572,15.654],[100.757,15.6512],[100.7608,15.6502],[100.7606,15.6478],[100.7589,15.6468],[100.7572,15.6432],[100.7555,15.6414],[100.7537,15.6417],[100.7542,15.6413],[100.7531,15.6403],[100.7492,15.6417],[100.7465,15.6389],[100.745,15.6396],[100.7446,15.6386],[100.7436,15.639],[100.7432,15.6374],[100.7405,15.6375],[100.7364,15.6362],[100.7353,15.6355],[100.7361,15.6344],[100.7329,15.6337],[100.7314,15.6321],[100.7287,15.6321],[100.7275,15.6336],[100.7258,15.6325],[100.7251,15.6301],[100.7284,15.6282],[100.7301,15.6221],[100.7335,15.6177],[100.7328,15.6164],[100.7262,15.6138],[100.7249,15.6092],[100.7194,15.6064],[100.7154,15.6058],[100.6995,15.6081],[100.6961,15.6061],[100.6953,15.6043],[100.6947,15.5936],[100.6904,15.587],[100.6945,15.5805],[100.6949,15.5709],[100.6932,15.566],[100.6988,15.5613],[100.7195,15.5561],[100.7217,15.5515],[100.7264,15.547],[100.7286,15.5465],[100.7301,15.544],[100.7295,15.5426],[100.727,15.542],[100.7268,15.5403],[100.7276,15.5387],[100.7272,15.5367],[100.7288,15.5357],[100.7279,15.5311],[100.7305,15.5268],[100.731,15.5234],[100.7406,15.5152],[100.746,15.5133],[100.7554,15.5159],[100.7592,15.5189],[100.7589,15.5216],[100.7599,15.5228],[100.7583,15.5256],[100.7613,15.5261],[100.7654,15.529],[100.7694,15.534],[100.7761,15.534],[100.7791,15.5351],[100.7815,15.5376],[100.7868,15.5368],[100.7906,15.5377],[100.8063,15.5488],[100.8152,15.5525],[100.831,15.5626],[100.8281,15.5666],[100.8257,15.5671],[100.8261,15.5691],[100.8248,15.5714],[100.8237,15.5713],[100.8212,15.5749],[100.8134,15.578],[100.8182,15.5845],[100.8183,15.5858],[100.8078,15.5928],[100.8111,15.6018],[100.8133,15.6023],[100.8169,15.6014],[100.8173,15.6041],[100.8198,15.6078],[100.8226,15.6096],[100.8256,15.6151],[100.823,15.6172],[100.8229,15.6215],[100.8194,15.6284],[100.8274,15.6447],[100.8231,15.662],[100.8246,15.6637],[100.8273,15.664],[100.822,15.6665],[100.8161,15.6665],[100.807,15.6704],[100.7961,15.6701]]]}},{"type":"Feature","properties":{"k":91,"name":"นาขอม","district":"ไพศาลี"},"geometry":{"type":"Polygon","coordinates":[[[100.8007,15.7802],[100.7931,15.7827],[100.7921,15.7819],[100.7861,15.7826],[100.7832,15.7805],[100.7799,15.7806],[100.7792,15.7791],[100.7756,15.7768],[100.7754,15.7752],[100.7703,15.772],[100.7684,15.7677],[100.765,15.7679],[100.7634,15.765],[100.7591,15.7665],[100.7564,15.7657],[100.7525,15.7674],[100.7512,15.7671],[100.7503,15.7644],[100.7507,15.7555],[100.7466,15.7552],[100.7465,15.7529],[100.7434,15.751],[100.7408,15.7437],[100.7389,15.7346],[100.7457,15.7323],[100.7462,15.728],[100.7434,15.7236],[100.7414,15.7225],[100.7411,15.7208],[100.7397,15.7206],[100.739,15.7183],[100.7403,15.7178],[100.7396,15.7132],[100.7381,15.7139],[100.7387,15.7125],[100.7375,15.7125],[100.7354,15.7098],[100.738,15.7083],[100.7411,15.7023],[100.7371,15.6983],[100.7397,15.6961],[100.7517,15.6936],[100.7541,15.6903],[100.7581,15.6933],[100.7606,15.6924],[100.7616,15.689],[100.7606,15.6834],[100.7611,15.6784],[100.76,15.6742],[100.7605,15.6692],[100.7643,15.6689],[100.7682,15.6706],[100.7776,15.6718],[100.7832,15.6711],[100.7875,15.6731],[100.7898,15.6732],[100.7969,15.6699],[100.807,15.6704],[100.8161,15.6665],[100.822,15.6665],[100.8273,15.664],[100.8281,15.668],[100.8257,15.6755],[100.8321,15.6778],[100.8334,15.681],[100.8255,15.6848],[100.8231,15.6987],[100.8174,15.7075],[100.8209,15.7228],[100.8195,15.7258],[100.8192,15.7355],[100.8248,15.7502],[100.8126,15.781],[100.8007,15.7802]]]}},{"type":"Feature","properties":{"k":92,"name":"ไพศาลี","district":"ไพศาลี"},"geometry":{"type":"Polygon","coordinates":[[[100.7609,15.6919],[100.7587,15.6934],[100.7541,15.6903],[100.7517,15.6936],[100.7397,15.6961],[100.7371,15.6983],[100.7309,15.69],[100.7249,15.6859],[100.721,15.681],[100.7138,15.6751],[100.6996,15.6672],[100.6942,15.6621],[100.6872,15.6547],[100.6816,15.6453],[100.6782,15.646],[100.6766,15.6476],[100.6743,15.6466],[100.6715,15.6478],[100.6703,15.6506],[100.6688,15.6509],[100.6683,15.6529],[100.6672,15.6528],[100.6658,15.6554],[100.6623,15.656],[100.6606,15.6579],[100.6551,15.6591],[100.654,15.66],[100.6546,15.6619],[100.6535,15.6629],[100.6458,15.6627],[100.6442,15.6637],[100.6426,15.6511],[100.6432,15.6407],[100.6422,15.636],[100.6389,15.6303],[100.6385,15.6242],[100.6396,15.6166],[100.6398,15.6036],[100.6427,15.6035],[100.6435,15.6024],[100.6426,15.5997],[100.6448,15.5926],[100.6439,15.5844],[100.6446,15.5771],[100.6415,15.5769],[100.6399,15.5731],[100.6389,15.5729],[100.6374,15.5668],[100.6406,15.5643],[100.6452,15.5625],[100.6496,15.5633],[100.6631,15.5609],[100.6679,15.5589],[100.671,15.5598],[100.6725,15.5619],[100.6783,15.5651],[100.6813,15.5646],[100.6833,15.5653],[100.6845,15.5636],[100.6881,15.5641],[100.69,15.5652],[100.6903,15.5667],[100.693,15.5666],[100.6949,15.5709],[100.6945,15.5805],[100.6904,15.587],[100.6947,15.5936],[100.695,15.6029],[100.6961,15.6061],[100.7006,15.6081],[100.7171,15.6059],[100.7249,15.6092],[100.7262,15.6138],[100.7328,15.6164],[100.7335,15.6177],[100.7301,15.6221],[100.7284,15.6282],[100.7251,15.6301],[100.7258,15.6325],[100.7275,15.6336],[100.7287,15.6321],[100.7314,15.6321],[100.7329,15.6337],[100.7361,15.6344],[100.7353,15.6355],[100.7364,15.6362],[100.7405,15.6375],[100.7432,15.6374],[100.7436,15.639],[100.7446,15.6386],[100.745,15.6396],[100.7465,15.6389],[100.7493,15.6418],[100.7531,15.6403],[100.7542,15.6413],[100.7537,15.6417],[100.7563,15.6422],[100.7589,15.6468],[100.7606,15.6478],[100.7606,15.6508],[100.757,15.6512],[100.7572,15.654],[100.7563,15.6552],[100.7575,15.6571],[100.7551,15.6598],[100.7549,15.6633],[100.7516,15.6651],[100.7511,15.6674],[100.7524,15.6683],[100.7557,15.6659],[100.7595,15.6651],[100.7618,15.6656],[100.76,15.6722],[100.7616,15.689],[100.7609,15.6919]]]}},{"type":"Feature","properties":{"k":93,"name":"พยุหะ","district":"พยุหะคีรี"},"geometry":{"type":"Polygon","coordinates":[[[100.1571,15.4807],[100.153,15.482],[100.1479,15.482],[100.1332,15.4787],[100.132,15.4768],[100.1285,15.4759],[100.1283,15.4707],[100.1084,15.4565],[100.1134,15.4518],[100.12,15.4498],[100.1235,15.4533],[100.1277,15.4613],[100.1297,15.4621],[100.1315,15.4615],[100.1337,15.456],[100.1316,15.4423],[100.1344,15.4287],[100.1409,15.43],[100.1428,15.4349],[100.1465,15.4352],[100.1506,15.4343],[100.1628,15.4343],[100.1674,15.432],[100.1811,15.4297],[100.1752,15.4367],[100.158,15.4659],[100.1571,15.4807]]]}},{"type":"Feature","properties":{"k":94,"name":"เนินมะกอก","district":"พยุหะคีรี"},"geometry":{"type":"Polygon","coordinates":[[[100.2459,15.4298],[100.2222,15.4403],[100.225,15.4468],[100.2232,15.4502],[100.2225,15.4501],[100.215,15.4654],[100.2146,15.4676],[100.2115,15.4723],[100.2144,15.4759],[100.2085,15.487],[100.2027,15.4857],[100.2007,15.4836],[100.1991,15.4835],[100.1877,15.4871],[100.1768,15.4866],[100.1571,15.4807],[100.158,15.4659],[100.1778,15.4332],[100.1811,15.4297],[100.1981,15.4281],[100.2061,15.4291],[100.2148,15.4271],[100.2224,15.3976],[100.2253,15.397],[100.2312,15.4],[100.2416,15.4095],[100.2441,15.4107],[100.2428,15.4121],[100.2454,15.4134],[100.2445,15.4164],[100.2455,15.4166],[100.2459,15.4298]]]}},{"type":"Feature","properties":{"k":95,"name":"นิคมเขาบ่อแก้ว","district":"พยุหะคีรี"},"geometry":{"type":"Polygon","coordinates":[[[100.2602,15.4909],[100.2584,15.4918],[100.2568,15.4958],[100.2572,15.4982],[100.2564,15.499],[100.2551,15.5057],[100.2523,15.5075],[100.251,15.511],[100.2493,15.5113],[100.2486,15.5141],[100.2468,15.5156],[100.2468,15.518],[100.2457,15.5187],[100.2453,15.5225],[100.2431,15.5218],[100.2401,15.5228],[100.2376,15.5319],[100.2341,15.5372],[100.2275,15.5327],[100.2221,15.5321],[100.218,15.5277],[100.194,15.5149],[100.2144,15.4759],[100.2115,15.4723],[100.2146,15.4676],[100.215,15.4654],[100.2225,15.4501],[100.2232,15.4502],[100.225,15.4468],[100.2222,15.4403],[100.2459,15.4298],[100.276,15.4448],[100.2786,15.4489],[100.2884,15.4503],[100.2919,15.4541],[100.2977,15.4545],[100.3183,15.4526],[100.3274,15.4542],[100.3277,15.4582],[100.3317,15.4602],[100.3341,15.4599],[100.3356,15.4624],[100.3363,15.4622],[100.3367,15.4647],[100.3413,15.4635],[100.3419,15.4654],[100.3436,15.4651],[100.3452,15.4697],[100.3471,15.4684],[100.3574,15.484],[100.3644,15.4896],[100.3706,15.497],[100.3744,15.4967],[100.3768,15.4976],[100.3762,15.5027],[100.38,15.5044],[100.3828,15.5103],[100.3875,15.5129],[100.3914,15.5137],[100.3956,15.5166],[100.3938,15.5186],[100.3883,15.519],[100.3868,15.5217],[100.3851,15.5223],[100.386,15.5247],[100.3834,15.5252],[100.3827,15.5262],[100.3807,15.5254],[100.3805,15.5218],[100.3766,15.5173],[100.3728,15.5177],[100.3709,15.5222],[100.3696,15.5229],[100.3498,15.5167],[100.3386,15.5145],[100.336,15.5124],[100.3276,15.5126],[100.3275,15.5165],[100.3182,15.5197],[100.317,15.5176],[100.3097,15.5177],[100.3085,15.5124],[100.3074,15.512],[100.3067,15.5093],[100.3034,15.5097],[100.3005,15.5088],[100.2989,15.5103],[100.2976,15.5087],[100.2951,15.51],[100.2938,15.5075],[100.2916,15.5053],[100.2903,15.5054],[100.2896,15.5041],[100.2846,15.5059],[100.2822,15.4971],[100.28,15.4952],[100.2753,15.4955],[100.2602,15.4909]]]}},{"type":"Feature","properties":{"k":96,"name":"ม่วงหัก","district":"พยุหะคีรี"},"geometry":{"type":"Polygon","coordinates":[[[100.1748,15.4092],[100.1365,15.413],[100.1352,15.4101],[100.1296,15.4053],[100.1305,15.4046],[100.14,15.4043],[100.1419,15.4002],[100.1427,15.3946],[100.1461,15.3938],[100.1439,15.3905],[100.1446,15.39],[100.1458,15.3909],[100.1493,15.3903],[100.1501,15.3886],[100.1541,15.3885],[100.154,15.3873],[100.1581,15.3865],[100.159,15.3844],[100.1613,15.3835],[100.1611,15.382],[100.1622,15.3808],[100.1674,15.3811],[100.1782,15.3792],[100.1787,15.3801],[100.1803,15.3796],[100.1806,15.3808],[100.1832,15.3796],[100.1827,15.3765],[100.193,15.3747],[100.1966,15.3718],[100.2,15.3714],[100.2037,15.3694],[100.2033,15.3682],[100.2062,15.3663],[100.2178,15.3634],[100.2222,15.3681],[100.2156,15.3735],[100.2142,15.378],[100.2161,15.3829],[100.2162,15.3856],[100.2155,15.386],[100.2181,15.393],[100.2192,15.3927],[100.2206,15.3981],[100.2224,15.3976],[100.2209,15.4041],[100.2139,15.4055],[100.1834,15.4074],[100.1748,15.4092]]]}},{"type":"Feature","properties":{"k":97,"name":"ยางขาว","district":"พยุหะคีรี"},"geometry":{"type":"Polygon","coordinates":[[[100.1061,15.5357],[100.1132,15.5433],[100.1149,15.5494],[100.1136,15.5527],[100.111,15.554],[100.1061,15.5505],[100.1041,15.5475],[100.0912,15.5386],[100.0878,15.5396],[100.0859,15.5414],[100.0804,15.5412],[100.0794,15.5401],[100.0733,15.5397],[100.0697,15.5371],[100.0652,15.5364],[100.0575,15.533],[100.0563,15.534],[100.0515,15.5328],[100.051,15.531],[100.0454,15.5264],[100.0473,15.5245],[100.0468,15.5223],[100.0439,15.5214],[100.0409,15.5144],[100.0378,15.5116],[100.0346,15.5104],[100.0331,15.5078],[100.0309,15.5007],[100.0285,15.4967],[100.0288,15.4918],[100.0272,15.489],[100.0248,15.4872],[100.0241,15.4823],[100.0262,15.4813],[100.0295,15.4813],[100.032,15.4799],[100.0364,15.4804],[100.0377,15.4817],[100.0407,15.4791],[100.0435,15.4793],[100.0442,15.478],[100.0479,15.4782],[100.048,15.4814],[100.0495,15.482],[100.0508,15.4817],[100.0522,15.4796],[100.0569,15.4793],[100.0577,15.48],[100.0569,15.4805],[100.0572,15.4825],[100.0588,15.4835],[100.0614,15.4833],[100.0611,15.484],[100.0643,15.4858],[100.065,15.4853],[100.0685,15.4881],[100.0686,15.4893],[100.07,15.489],[100.0708,15.4869],[100.072,15.488],[100.0712,15.4897],[100.0741,15.4928],[100.077,15.4932],[100.0766,15.4949],[100.0827,15.4961],[100.083,15.5005],[100.0851,15.5023],[100.0884,15.5021],[100.0923,15.4994],[100.0988,15.5017],[100.1003,15.5039],[100.1039,15.5045],[100.1072,15.5102],[100.0991,15.5124],[100.0952,15.5152],[100.0931,15.5189],[100.0926,15.5246],[100.0954,15.5303],[100.1061,15.5357]]]}},{"type":"Feature","properties":{"k":98,"name":"ย่านมัทรี","district":"พยุหะคีรี"},"geometry":{"type":"Polygon","coordinates":[[[100.1372,15.5699],[100.1363,15.5704],[100.1195,15.5668],[100.1162,15.5582],[100.111,15.554],[100.1136,15.5527],[100.1147,15.5504],[100.1132,15.5433],[100.1061,15.5357],[100.0954,15.5303],[100.0926,15.5246],[100.0938,15.5169],[100.0991,15.5124],[100.1072,15.5102],[100.1135,15.5109],[100.119,15.5132],[100.121,15.5124],[100.1215,15.511],[100.1215,15.509],[100.1171,15.5018],[100.1067,15.4652],[100.1066,15.4607],[100.1084,15.4565],[100.1284,15.4707],[100.1285,15.4759],[100.132,15.4768],[100.1332,15.4787],[100.1401,15.4809],[100.1384,15.4831],[100.1389,15.4922],[100.136,15.5016],[100.14,15.5145],[100.1391,15.5182],[100.1402,15.5226],[100.1374,15.5283],[100.1389,15.5336],[100.141,15.5365],[100.1445,15.5493],[100.1441,15.5533],[100.14,15.5567],[100.1369,15.5678],[100.1372,15.5699]]]}},{"type":"Feature","properties":{"k":99,"name":"เขาทอง","district":"พยุหะคีรี"},"geometry":{"type":"Polygon","coordinates":[[[100.2405,15.6369],[100.2349,15.6356],[100.2334,15.636],[100.2336,15.6347],[100.2321,15.6333],[100.2281,15.6331],[100.2253,15.6313],[100.2191,15.6319],[100.2157,15.6289],[100.2139,15.6249],[100.2099,15.6228],[100.2093,15.62],[100.2073,15.619],[100.2043,15.6202],[100.2024,15.6191],[100.2008,15.6151],[100.1935,15.6084],[100.1936,15.6055],[100.1948,15.6035],[100.1946,15.6004],[100.1955,15.6001],[100.1945,15.5958],[100.193,15.5952],[100.1923,15.5935],[100.191,15.5939],[100.1889,15.5911],[100.1831,15.5943],[100.1793,15.5937],[100.1746,15.5968],[100.1711,15.5953],[100.1641,15.5967],[100.1609,15.5987],[100.1585,15.5982],[100.1534,15.6012],[100.1535,15.6027],[100.1507,15.6041],[100.1432,15.6034],[100.141,15.6053],[100.1413,15.6095],[100.137,15.6061],[100.1348,15.6013],[100.1395,15.5913],[100.139,15.5855],[100.1409,15.5838],[100.1393,15.5822],[100.139,15.5802],[100.1396,15.5711],[100.1371,15.5698],[100.1369,15.5678],[100.14,15.5567],[100.1441,15.5533],[100.1445,15.5489],[100.1435,15.5466],[100.151,15.5455],[100.1506,15.5411],[100.1519,15.5381],[100.1576,15.538],[100.1577,15.5348],[100.1686,15.5331],[100.175,15.5292],[100.1796,15.5288],[100.1809,15.5309],[100.1845,15.5314],[100.1866,15.5345],[100.1973,15.5396],[100.1979,15.5419],[100.2006,15.5402],[100.2093,15.5302],[100.2172,15.5274],[100.2221,15.5321],[100.2278,15.5328],[100.2305,15.5341],[100.233,15.537],[100.2375,15.539],[100.2382,15.5419],[100.2341,15.5503],[100.2218,15.5705],[100.2237,15.5747],[100.2232,15.5794],[100.2271,15.5837],[100.2271,15.5864],[100.2289,15.5892],[100.2285,15.5905],[100.2309,15.5915],[100.2302,15.5935],[100.2316,15.5939],[100.2327,15.5955],[100.2321,15.5963],[100.2331,15.5986],[100.2323,15.5989],[100.2333,15.6003],[100.2344,15.6002],[100.2343,15.6019],[100.2381,15.608],[100.2376,15.6098],[100.2394,15.6099],[100.2403,15.6142],[100.2388,15.6158],[100.2391,15.6203],[100.238,15.6244],[100.2405,15.6369]]]}},{"type":"Feature","properties":{"k":100,"name":"ท่าน้ำอ้อย","district":"พยุหะคีรี"},"geometry":{"type":"Polygon","coordinates":[[[100.1628,15.4343],[100.1428,15.4349],[100.141,15.4301],[100.1344,15.4287],[100.1354,15.4239],[100.1344,15.4198],[100.1294,15.4145],[100.1248,15.4124],[100.1261,15.4097],[100.1275,15.4096],[100.1296,15.4054],[100.1352,15.4101],[100.1365,15.413],[100.1476,15.4109],[100.1599,15.4105],[100.1834,15.4074],[100.2139,15.4055],[100.2209,15.4041],[100.2161,15.4242],[100.214,15.4275],[100.2061,15.4291],[100.1981,15.4281],[100.1856,15.4297],[100.1782,15.4297],[100.1722,15.4317],[100.1674,15.432],[100.1628,15.4343]]]}},{"type":"Feature","properties":{"k":101,"name":"น้ำทรง","district":"พยุหะคีรี"},"geometry":{"type":"Polygon","coordinates":[[[100.1171,15.5018],[100.1215,15.509],[100.1213,15.5118],[100.1198,15.5132],[100.118,15.5132],[100.1135,15.5109],[100.1072,15.5102],[100.1039,15.5045],[100.1003,15.5039],[100.0988,15.5017],[100.0963,15.5014],[100.0944,15.4998],[100.092,15.4995],[100.0884,15.5021],[100.0851,15.5023],[100.083,15.5005],[100.0827,15.4961],[100.0766,15.4949],[100.077,15.4932],[100.0741,15.4928],[100.0712,15.4897],[100.072,15.488],[100.0708,15.4869],[100.07,15.489],[100.0686,15.4893],[100.0685,15.4881],[100.065,15.4853],[100.0643,15.4858],[100.0611,15.484],[100.0614,15.4833],[100.0588,15.4835],[100.0572,15.4825],[100.0569,15.4805],[100.0577,15.48],[100.0569,15.4793],[100.0522,15.4796],[100.0508,15.4817],[100.0495,15.482],[100.048,15.4814],[100.0479,15.4782],[100.0442,15.478],[100.0435,15.4793],[100.0407,15.4791],[100.0377,15.4817],[100.0364,15.4804],[100.032,15.4799],[100.0295,15.4813],[100.0262,15.4813],[100.0241,15.4823],[100.0213,15.4787],[100.013,15.4732],[100.0156,15.4717],[100.0169,15.4734],[100.0183,15.4713],[100.0206,15.4705],[100.0217,15.471],[100.022,15.4687],[100.0232,15.468],[100.0249,15.4695],[100.0267,15.4688],[100.0278,15.4656],[100.0312,15.4643],[100.035,15.4609],[100.0388,15.4618],[100.0426,15.4598],[100.0449,15.4568],[100.0464,15.4564],[100.0469,15.457],[100.0476,15.455],[100.0489,15.4544],[100.0477,15.447],[100.0493,15.443],[100.0558,15.4421],[100.0627,15.4385],[100.0621,15.4366],[100.0601,15.435],[100.0603,15.4333],[100.057,15.4313],[100.0576,15.4294],[100.0544,15.4238],[100.0597,15.4255],[100.0774,15.4269],[100.0935,15.4234],[100.1019,15.4174],[100.1112,15.4141],[100.1184,15.4126],[100.1248,15.4124],[100.1309,15.4159],[100.1344,15.4198],[100.1352,15.4222],[100.1316,15.4423],[100.1337,15.4548],[100.1329,15.4589],[100.1307,15.4621],[100.1277,15.4613],[100.1227,15.4522],[100.1189,15.4497],[100.1108,15.4536],[100.1073,15.4584],[100.1064,15.462],[100.1171,15.5018]]]}},{"type":"Feature","properties":{"k":102,"name":"เขากะลา","district":"พยุหะคีรี"},"geometry":{"type":"Polygon","coordinates":[[[100.3385,15.5984],[100.3342,15.5953],[100.3287,15.5863],[100.3243,15.5819],[100.3201,15.5807],[100.3159,15.5747],[100.3121,15.5729],[100.3094,15.5736],[100.3093,15.5695],[100.3109,15.5679],[100.3105,15.5673],[100.3031,15.5648],[100.2979,15.561],[100.2958,15.5606],[100.2908,15.5651],[100.2896,15.5712],[100.2902,15.5754],[100.2751,15.5747],[100.2746,15.5813],[100.2722,15.5863],[100.2711,15.5914],[100.2718,15.5999],[100.2728,15.6001],[100.272,15.6135],[100.2701,15.6168],[100.2682,15.6268],[100.2571,15.6291],[100.2504,15.6333],[100.2522,15.6359],[100.2449,15.6353],[100.2405,15.6369],[100.238,15.6244],[100.2391,15.6203],[100.2388,15.6158],[100.2403,15.6142],[100.2394,15.6099],[100.2376,15.6098],[100.2381,15.608],[100.2343,15.6019],[100.2344,15.6002],[100.2333,15.6003],[100.2323,15.5989],[100.2331,15.5986],[100.2321,15.5963],[100.2327,15.5955],[100.2316,15.5939],[100.2302,15.5935],[100.2309,15.5915],[100.2285,15.5905],[100.2289,15.5892],[100.2271,15.5864],[100.2271,15.5837],[100.2232,15.5794],[100.2237,15.5747],[100.2218,15.5703],[100.2341,15.5503],[100.2382,15.5419],[100.2375,15.539],[100.2341,15.5372],[100.2376,15.5319],[100.2401,15.5228],[100.2431,15.5218],[100.2453,15.5225],[100.2457,15.5187],[100.2468,15.518],[100.2468,15.5156],[100.2486,15.5141],[100.2493,15.5113],[100.251,15.511],[100.2523,15.5075],[100.2551,15.5057],[100.2564,15.499],[100.2572,15.4982],[100.2567,15.496],[100.2585,15.4918],[100.2602,15.4909],[100.2753,15.4955],[100.28,15.4952],[100.2822,15.4971],[100.2846,15.5059],[100.2896,15.5041],[100.2903,15.5054],[100.2916,15.5053],[100.2938,15.5075],[100.2951,15.51],[100.2976,15.5087],[100.2989,15.5103],[100.3005,15.5088],[100.3034,15.5097],[100.3067,15.5093],[100.3074,15.512],[100.3085,15.5124],[100.3097,15.5177],[100.317,15.5176],[100.3182,15.5197],[100.3275,15.5165],[100.3276,15.5126],[100.336,15.5124],[100.3386,15.5145],[100.3498,15.5167],[100.3696,15.5229],[100.3709,15.5222],[100.3728,15.5177],[100.3766,15.5173],[100.3805,15.5218],[100.3807,15.5254],[100.3825,15.5261],[100.386,15.5247],[100.3851,15.5223],[100.3868,15.5217],[100.3883,15.519],[100.3938,15.5186],[100.3956,15.5166],[100.3988,15.5194],[100.3988,15.5204],[100.4006,15.5206],[100.4008,15.523],[100.4024,15.523],[100.4046,15.5302],[100.41,15.5383],[100.4013,15.5484],[100.3844,15.573],[100.3829,15.5777],[100.3834,15.5804],[100.3815,15.5848],[100.3827,15.5897],[100.3823,15.5917],[100.3837,15.5938],[100.3491,15.5874],[100.3471,15.5884],[100.3385,15.5984]]]}},{"type":"Feature","properties":{"k":103,"name":"สระทะเล","district":"พยุหะคีรี"},"geometry":{"type":"Polygon","coordinates":[[[100.2172,15.5274],[100.2093,15.5302],[100.2006,15.5402],[100.1979,15.5419],[100.1973,15.5396],[100.1866,15.5345],[100.1845,15.5314],[100.1809,15.5309],[100.1798,15.5288],[100.1768,15.5286],[100.1686,15.5331],[100.1577,15.5348],[100.1576,15.538],[100.1519,15.5381],[100.1506,15.5411],[100.151,15.5455],[100.1435,15.5466],[100.141,15.5365],[100.1389,15.5336],[100.1374,15.5283],[100.1403,15.5218],[100.1391,15.5185],[100.1399,15.5138],[100.136,15.5027],[100.1389,15.4922],[100.1382,15.4885],[100.1386,15.4825],[100.1401,15.4809],[100.153,15.482],[100.1571,15.4807],[100.1768,15.4866],[100.1877,15.4871],[100.1991,15.4835],[100.2007,15.4836],[100.2027,15.4857],[100.2078,15.4864],[100.2085,15.487],[100.194,15.5149],[100.2172,15.5274]]]}},{"type":"Feature","properties":{"k":104,"name":"ลาดยาว","district":"ลาดยาว"},"geometry":{"type":"Polygon","coordinates":[[[99.7679,15.7869],[99.7625,15.7855],[99.7622,15.7831],[99.7603,15.7816],[99.7567,15.7808],[99.7558,15.7822],[99.7563,15.7846],[99.755,15.7914],[99.7508,15.8018],[99.7481,15.8214],[99.74,15.8355],[99.731,15.8372],[99.726,15.8369],[99.7247,15.8386],[99.7152,15.8411],[99.7156,15.8391],[99.7081,15.8372],[99.7098,15.8301],[99.7142,15.8222],[99.7095,15.8142],[99.7043,15.8098],[99.6994,15.804],[99.6971,15.7985],[99.7007,15.7962],[99.7003,15.7918],[99.7076,15.7919],[99.7088,15.7892],[99.7062,15.7869],[99.7051,15.7819],[99.7055,15.78],[99.7039,15.7758],[99.7045,15.7753],[99.7017,15.7736],[99.7013,15.7722],[99.7023,15.7717],[99.7027,15.7682],[99.7035,15.7677],[99.7028,15.7669],[99.7041,15.7668],[99.7039,15.7656],[99.7056,15.7651],[99.7062,15.7637],[99.7056,15.7628],[99.7076,15.7617],[99.7086,15.7623],[99.7103,15.7608],[99.7106,15.759],[99.712,15.7589],[99.7114,15.7561],[99.7129,15.7534],[99.7156,15.7543],[99.7162,15.7534],[99.7183,15.7535],[99.7193,15.7518],[99.7209,15.7518],[99.7204,15.7506],[99.7225,15.7512],[99.7272,15.7487],[99.7267,15.7477],[99.7282,15.7482],[99.7289,15.7466],[99.7306,15.7464],[99.7306,15.7439],[99.7319,15.7434],[99.7318,15.7424],[99.7347,15.7415],[99.736,15.7424],[99.7352,15.7408],[99.7378,15.7405],[99.7394,15.7374],[99.7404,15.7378],[99.7423,15.7363],[99.7433,15.7371],[99.7452,15.7348],[99.7464,15.7358],[99.7465,15.7342],[99.7496,15.7349],[99.7515,15.7313],[99.7529,15.7307],[99.7533,15.7317],[99.755,15.7297],[99.7554,15.7313],[99.7569,15.7282],[99.7597,15.7292],[99.761,15.7278],[99.7625,15.7281],[99.7668,15.7262],[99.772,15.7297],[99.775,15.7289],[99.7778,15.7327],[99.7786,15.7323],[99.7786,15.7337],[99.7824,15.7352],[99.7832,15.7364],[99.7847,15.7358],[99.7866,15.7369],[99.7878,15.7364],[99.7879,15.7373],[99.7909,15.7354],[99.7936,15.738],[99.7975,15.7365],[99.7997,15.7385],[99.8022,15.7365],[99.8058,15.7365],[99.8076,15.7337],[99.8108,15.7356],[99.8144,15.7351],[99.8144,15.7341],[99.8154,15.7341],[99.8213,15.7367],[99.8204,15.7474],[99.8191,15.7499],[99.8132,15.7542],[99.8097,15.7607],[99.8042,15.763],[99.7967,15.7643],[99.7744,15.766],[99.7723,15.7665],[99.7696,15.7689],[99.7688,15.7717],[99.7693,15.774],[99.7814,15.7893],[99.7807,15.7993],[99.7786,15.7973],[99.7787,15.7957],[99.7765,15.7937],[99.7724,15.7912],[99.7709,15.7915],[99.7679,15.7869]]]}},{"type":"Feature","properties":{"k":105,"name":"ห้วยน้ำหอม","district":"ลาดยาว"},"geometry":{"type":"Polygon","coordinates":[[[99.7023,15.7713],[99.7013,15.7722],[99.6995,15.7711],[99.6994,15.7691],[99.694,15.7646],[99.6926,15.7621],[99.6927,15.7592],[99.6897,15.7558],[99.6901,15.7501],[99.6855,15.7434],[99.6811,15.7488],[99.6766,15.7507],[99.677,15.7551],[99.6701,15.7596],[99.6672,15.7549],[99.6646,15.7545],[99.6563,15.7479],[99.6534,15.7444],[99.6484,15.7414],[99.6478,15.7366],[99.6418,15.737],[99.6404,15.7333],[99.6218,15.7214],[99.6192,15.7151],[99.6204,15.7134],[99.6211,15.7144],[99.6261,15.7104],[99.6275,15.7108],[99.6273,15.7117],[99.6284,15.7123],[99.632,15.7106],[99.6327,15.7115],[99.6339,15.7107],[99.6336,15.7098],[99.6348,15.7102],[99.6346,15.7093],[99.6373,15.71],[99.6371,15.7079],[99.6391,15.7078],[99.64,15.7069],[99.6415,15.7074],[99.6406,15.7082],[99.643,15.7074],[99.6439,15.7086],[99.6433,15.7095],[99.6454,15.7109],[99.6557,15.7064],[99.6603,15.7014],[99.6583,15.6973],[99.6506,15.6919],[99.6485,15.6898],[99.6478,15.6876],[99.6442,15.6883],[99.642,15.6849],[99.6338,15.6851],[99.6289,15.6811],[99.6319,15.6791],[99.6271,15.6676],[99.6231,15.6649],[99.6234,15.6643],[99.6251,15.6636],[99.6272,15.6649],[99.629,15.6663],[99.6284,15.6678],[99.6293,15.6691],[99.6318,15.6699],[99.6347,15.6733],[99.6363,15.673],[99.6387,15.6747],[99.6419,15.6746],[99.6445,15.6738],[99.6469,15.6715],[99.6497,15.6716],[99.651,15.6707],[99.652,15.6708],[99.6538,15.6734],[99.6558,15.672],[99.6581,15.6729],[99.6613,15.6724],[99.6635,15.6699],[99.6644,15.6706],[99.6653,15.6695],[99.6665,15.6698],[99.6656,15.6683],[99.6667,15.6676],[99.6696,15.67],[99.6707,15.669],[99.6711,15.6707],[99.6724,15.6705],[99.6728,15.6725],[99.674,15.6717],[99.6751,15.6727],[99.6755,15.6721],[99.6778,15.6727],[99.6818,15.6767],[99.6831,15.6759],[99.6872,15.6796],[99.6886,15.6791],[99.6899,15.68],[99.6915,15.6789],[99.6914,15.6805],[99.6926,15.6798],[99.6926,15.6809],[99.6943,15.6816],[99.6987,15.6818],[99.7021,15.6846],[99.706,15.6859],[99.707,15.6841],[99.7123,15.6847],[99.7174,15.6813],[99.7211,15.6817],[99.722,15.684],[99.7242,15.6836],[99.7261,15.6845],[99.7258,15.6864],[99.727,15.6862],[99.728,15.6875],[99.7299,15.6869],[99.7299,15.688],[99.7309,15.6875],[99.732,15.6883],[99.7321,15.6874],[99.7338,15.688],[99.735,15.6864],[99.7355,15.6871],[99.7367,15.6864],[99.7368,15.6848],[99.7404,15.6823],[99.74,15.6816],[99.7408,15.6819],[99.7422,15.6793],[99.743,15.6801],[99.7428,15.6827],[99.7463,15.6866],[99.745,15.6911],[99.7385,15.698],[99.7342,15.6994],[99.731,15.7019],[99.7296,15.7015],[99.7298,15.7024],[99.7262,15.7042],[99.727,15.7078],[99.7307,15.7089],[99.7312,15.7107],[99.7339,15.7112],[99.735,15.7135],[99.734,15.7157],[99.7311,15.7159],[99.7308,15.7172],[99.7266,15.7173],[99.727,15.724],[99.7309,15.7277],[99.7357,15.7287],[99.7374,15.7269],[99.7391,15.7282],[99.7391,15.7265],[99.7431,15.7255],[99.7426,15.7232],[99.7442,15.7225],[99.7464,15.7243],[99.7507,15.7241],[99.7516,15.7231],[99.7532,15.7237],[99.7544,15.7223],[99.7561,15.723],[99.7553,15.7211],[99.7559,15.7203],[99.7588,15.7247],[99.7572,15.726],[99.7565,15.73],[99.7554,15.7313],[99.755,15.7297],[99.7533,15.7317],[99.7529,15.7307],[99.7516,15.7313],[99.7496,15.7349],[99.7465,15.7342],[99.7464,15.7358],[99.7452,15.7348],[99.7433,15.7371],[99.7423,15.7363],[99.7404,15.7378],[99.7394,15.7374],[99.7378,15.7405],[99.7352,15.7408],[99.7361,15.7424],[99.7347,15.7415],[99.7318,15.7424],[99.7319,15.7434],[99.7306,15.7439],[99.7305,15.7465],[99.7289,15.7466],[99.7281,15.7482],[99.7266,15.7477],[99.7272,15.7487],[99.7225,15.7512],[99.7204,15.7506],[99.7209,15.7518],[99.7193,15.7518],[99.7185,15.7534],[99.7162,15.7534],[99.7156,15.7543],[99.7129,15.7533],[99.7114,15.7561],[99.712,15.7589],[99.7106,15.759],[99.7103,15.7608],[99.7086,15.7623],[99.7076,15.7617],[99.7056,15.7628],[99.7062,15.7637],[99.7056,15.7652],[99.7039,15.7656],[99.7041,15.7668],[99.7027,15.7669],[99.7035,15.7677],[99.7027,15.7682],[99.7023,15.7713]]]}},{"type":"Feature","properties":{"k":106,"name":"วังม้า","district":"ลาดยาว"},"geometry":{"type":"Polygon","coordinates":[[[99.9368,15.7408],[99.9361,15.7449],[99.9338,15.7458],[99.9333,15.7477],[99.931,15.745],[99.9221,15.7397],[99.9191,15.7406],[99.9179,15.7422],[99.9167,15.7416],[99.9162,15.7395],[99.914,15.7411],[99.9125,15.7379],[99.911,15.738],[99.9105,15.7402],[99.9094,15.7403],[99.9075,15.7371],[99.9064,15.7381],[99.9033,15.7377],[99.9014,15.7361],[99.9011,15.7338],[99.9036,15.7307],[99.9012,15.7294],[99.9007,15.7273],[99.8987,15.7275],[99.8988,15.725],[99.8962,15.7251],[99.8952,15.7221],[99.8918,15.72],[99.8921,15.7186],[99.888,15.7172],[99.8879,15.7161],[99.8863,15.7153],[99.8842,15.7159],[99.8829,15.7151],[99.8807,15.717],[99.8762,15.7135],[99.8752,15.7148],[99.8706,15.7129],[99.8696,15.7142],[99.8668,15.7125],[99.8658,15.7141],[99.8668,15.7148],[99.8653,15.7153],[99.8646,15.7171],[99.8631,15.7174],[99.8587,15.7167],[99.8589,15.7157],[99.8576,15.7144],[99.8525,15.7144],[99.8505,15.7157],[99.8495,15.7126],[99.8469,15.7129],[99.8444,15.7119],[99.8418,15.7136],[99.8412,15.7158],[99.8394,15.7161],[99.8383,15.7141],[99.837,15.7144],[99.8352,15.7128],[99.8288,15.7139],[99.8277,15.7117],[99.8269,15.7121],[99.8259,15.7107],[99.8241,15.7107],[99.8231,15.7135],[99.8196,15.714],[99.8185,15.7149],[99.8168,15.7147],[99.815,15.7129],[99.8128,15.7143],[99.8122,15.7135],[99.81,15.714],[99.8102,15.7129],[99.8089,15.7125],[99.8084,15.7111],[99.805,15.7098],[99.8057,15.7066],[99.803,15.7043],[99.8046,15.7016],[99.8037,15.6978],[99.7963,15.6909],[99.799,15.6916],[99.7997,15.6896],[99.8045,15.6902],[99.8069,15.6885],[99.806,15.6863],[99.813,15.6846],[99.8116,15.6814],[99.8167,15.6789],[99.8174,15.6772],[99.8216,15.6787],[99.8255,15.6763],[99.8254,15.6741],[99.828,15.67],[99.8296,15.6704],[99.8303,15.672],[99.8337,15.6719],[99.8343,15.6695],[99.8321,15.6681],[99.8349,15.6659],[99.8374,15.6664],[99.8365,15.6632],[99.8381,15.6628],[99.8419,15.6586],[99.843,15.6596],[99.8444,15.6578],[99.848,15.6572],[99.8474,15.6594],[99.8489,15.6596],[99.8518,15.6562],[99.8532,15.6562],[99.8525,15.6551],[99.8531,15.6541],[99.8551,15.6536],[99.8549,15.652],[99.8562,15.6509],[99.8578,15.6465],[99.8601,15.6475],[99.8605,15.6459],[99.8631,15.6454],[99.8636,15.6441],[99.8644,15.6474],[99.8635,15.6498],[99.8648,15.652],[99.8638,15.654],[99.871,15.6572],[99.8968,15.6625],[99.8987,15.6658],[99.9096,15.6698],[99.9185,15.6701],[99.9244,15.6737],[99.9325,15.6723],[99.9314,15.681],[99.9272,15.6855],[99.9287,15.6901],[99.9321,15.6947],[99.93,15.7013],[99.9297,15.7069],[99.9318,15.7132],[99.9369,15.7163],[99.944,15.7176],[99.9458,15.7212],[99.9426,15.7293],[99.9416,15.7347],[99.9368,15.7408]]]}},{"type":"Feature","properties":{"k":107,"name":"วังเมือง","district":"ลาดยาว"},"geometry":{"type":"Polygon","coordinates":[[[99.7939,15.6966],[99.7876,15.6975],[99.7891,15.6936],[99.788,15.6895],[99.793,15.6878],[99.7928,15.6802],[99.791,15.6793],[99.7923,15.678],[99.7969,15.6776],[99.7981,15.6749],[99.7998,15.6736],[99.7998,15.672],[99.8023,15.6694],[99.8011,15.6633],[99.8019,15.6613],[99.8014,15.6586],[99.7998,15.6573],[99.797,15.6578],[99.7947,15.657],[99.796,15.6539],[99.7948,15.6486],[99.7922,15.6485],[99.7927,15.6454],[99.7946,15.6426],[99.8133,15.637],[99.8223,15.6315],[99.8481,15.6204],[99.8514,15.6207],[99.8525,15.6191],[99.8571,15.6174],[99.8614,15.6172],[99.864,15.6186],[99.8656,15.6181],[99.8644,15.6205],[99.8623,15.6202],[99.8634,15.6226],[99.8647,15.6224],[99.8635,15.6269],[99.8651,15.6275],[99.8654,15.6292],[99.8627,15.6303],[99.8627,15.6314],[99.8642,15.6323],[99.8625,15.6335],[99.8641,15.6351],[99.8632,15.637],[99.8641,15.6395],[99.8637,15.6406],[99.8619,15.6407],[99.8612,15.6428],[99.862,15.6439],[99.8635,15.6438],[99.8633,15.6451],[99.8606,15.6458],[99.8601,15.6475],[99.8577,15.6465],[99.8562,15.6509],[99.8549,15.652],[99.8551,15.6536],[99.8526,15.6548],[99.8532,15.6562],[99.8518,15.6562],[99.8484,15.6599],[99.8474,15.6592],[99.8479,15.6572],[99.8443,15.6578],[99.843,15.6596],[99.8419,15.6586],[99.8381,15.6628],[99.8364,15.6633],[99.8374,15.6664],[99.8349,15.6659],[99.8321,15.668],[99.8343,15.6695],[99.8337,15.6719],[99.8303,15.672],[99.8296,15.6704],[99.8279,15.67],[99.8254,15.6741],[99.8254,15.6765],[99.8216,15.6787],[99.8175,15.6772],[99.8167,15.6789],[99.8116,15.6814],[99.813,15.6846],[99.806,15.6863],[99.8069,15.6885],[99.8043,15.6904],[99.7997,15.6896],[99.799,15.6916],[99.7962,15.691],[99.7962,15.6927],[99.7939,15.6966]]]}},{"type":"Feature","properties":{"k":108,"name":"สร้อยละคร","district":"ลาดยาว"},"geometry":{"type":"Polygon","coordinates":[[[99.8372,15.7412],[99.8327,15.7417],[99.8298,15.7397],[99.8265,15.7392],[99.8238,15.7375],[99.8234,15.7362],[99.8206,15.7368],[99.8189,15.7354],[99.8146,15.734],[99.8144,15.7351],[99.8108,15.7356],[99.8092,15.7339],[99.8072,15.7337],[99.8058,15.7365],[99.8022,15.7365],[99.7997,15.7385],[99.7975,15.7365],[99.7936,15.738],[99.7909,15.7354],[99.7879,15.7373],[99.7878,15.7364],[99.7866,15.7369],[99.7847,15.7358],[99.7832,15.7364],[99.7824,15.7352],[99.7786,15.7337],[99.7786,15.7323],[99.7778,15.7327],[99.775,15.7289],[99.772,15.7297],[99.767,15.7262],[99.7634,15.7271],[99.7625,15.7281],[99.761,15.7278],[99.7597,15.7292],[99.7569,15.7282],[99.7574,15.7256],[99.7588,15.7248],[99.7576,15.7232],[99.7588,15.7213],[99.7582,15.72],[99.7618,15.7192],[99.7607,15.7169],[99.7636,15.7148],[99.7655,15.7149],[99.7652,15.7128],[99.7688,15.7106],[99.7675,15.7086],[99.7695,15.7037],[99.772,15.7029],[99.7733,15.7009],[99.7767,15.7012],[99.7805,15.6989],[99.7815,15.6988],[99.7832,15.7009],[99.7865,15.6979],[99.7901,15.6966],[99.7935,15.6969],[99.7961,15.6928],[99.7963,15.6909],[99.8037,15.6978],[99.8046,15.7016],[99.803,15.7043],[99.8057,15.7066],[99.805,15.7098],[99.8084,15.7111],[99.8089,15.7125],[99.8102,15.7129],[99.8099,15.7139],[99.8122,15.7135],[99.8128,15.7143],[99.815,15.7129],[99.8168,15.7147],[99.8185,15.7149],[99.8233,15.7134],[99.8242,15.7107],[99.826,15.7107],[99.827,15.7121],[99.8277,15.7117],[99.8289,15.714],[99.8352,15.7128],[99.8362,15.7172],[99.8384,15.7203],[99.8383,15.7236],[99.8394,15.724],[99.8397,15.7231],[99.8418,15.7226],[99.8417,15.7241],[99.8441,15.7242],[99.8449,15.7269],[99.8473,15.7276],[99.8428,15.7338],[99.8426,15.7367],[99.8404,15.7369],[99.8372,15.7412]]]}},{"type":"Feature","properties":{"k":109,"name":"มาบแก","district":"ลาดยาว"},"geometry":{"type":"Polygon","coordinates":[[[99.7376,15.7269],[99.7357,15.7287],[99.7313,15.7278],[99.727,15.724],[99.7266,15.7173],[99.7308,15.7172],[99.7311,15.7159],[99.734,15.7157],[99.735,15.7135],[99.7339,15.7112],[99.7312,15.7107],[99.7307,15.7089],[99.727,15.7078],[99.7262,15.7042],[99.7298,15.7024],[99.7296,15.7015],[99.731,15.7019],[99.7342,15.6994],[99.7385,15.698],[99.745,15.6911],[99.7464,15.6868],[99.7424,15.6816],[99.7431,15.6803],[99.7422,15.6793],[99.7436,15.6784],[99.7432,15.6778],[99.748,15.6772],[99.7495,15.6751],[99.7522,15.6754],[99.7532,15.6727],[99.7584,15.67],[99.76,15.6663],[99.7614,15.6658],[99.7617,15.6646],[99.764,15.664],[99.7635,15.6621],[99.7648,15.6613],[99.7672,15.6607],[99.7704,15.6614],[99.772,15.661],[99.7725,15.6598],[99.7743,15.6604],[99.7746,15.6595],[99.7832,15.6598],[99.782,15.6556],[99.7846,15.6542],[99.786,15.6546],[99.7866,15.6526],[99.7882,15.6522],[99.7922,15.6486],[99.7948,15.6486],[99.796,15.6539],[99.7947,15.657],[99.797,15.6578],[99.7998,15.6573],[99.8014,15.6586],[99.8019,15.6613],[99.8011,15.6633],[99.8023,15.6696],[99.7998,15.672],[99.7998,15.6736],[99.7981,15.6749],[99.7969,15.6776],[99.7923,15.678],[99.791,15.6793],[99.7928,15.6802],[99.793,15.6878],[99.788,15.6895],[99.7891,15.6936],[99.7876,15.6975],[99.7849,15.6987],[99.7834,15.7008],[99.7805,15.6989],[99.7767,15.7012],[99.7733,15.7009],[99.772,15.7029],[99.7694,15.7038],[99.7675,15.7086],[99.7688,15.7106],[99.7652,15.7128],[99.7655,15.7149],[99.7616,15.7159],[99.7606,15.7176],[99.762,15.7189],[99.7583,15.7198],[99.7588,15.7212],[99.758,15.7226],[99.7558,15.7203],[99.7553,15.7212],[99.7562,15.7229],[99.7543,15.7224],[99.7532,15.7237],[99.7516,15.7231],[99.7507,15.7241],[99.7463,15.7243],[99.7442,15.7225],[99.7426,15.7232],[99.7431,15.7255],[99.7391,15.7265],[99.7391,15.7282],[99.7376,15.7269]]]}},{"type":"Feature","properties":{"k":110,"name":"หนองยาว","district":"ลาดยาว"},"geometry":{"type":"Polygon","coordinates":[[[99.9335,15.7686],[99.9342,15.7773],[99.933,15.7775],[99.9309,15.7752],[99.9282,15.7748],[99.9258,15.7729],[99.9211,15.7735],[99.9208,15.7742],[99.9173,15.7741],[99.9167,15.7719],[99.9145,15.7706],[99.9138,15.7684],[99.9076,15.7655],[99.908,15.7639],[99.9057,15.7637],[99.9047,15.7625],[99.9003,15.7638],[99.8991,15.7623],[99.8979,15.7636],[99.8952,15.7612],[99.8938,15.7617],[99.8932,15.7591],[99.8912,15.7595],[99.8911,15.7576],[99.8897,15.757],[99.8844,15.7565],[99.8808,15.7594],[99.8793,15.7586],[99.8794,15.7596],[99.8772,15.7607],[99.8763,15.7603],[99.8767,15.7612],[99.8742,15.7625],[99.87,15.761],[99.8678,15.7614],[99.8671,15.7592],[99.8627,15.7585],[99.8569,15.7528],[99.8573,15.7514],[99.8558,15.7509],[99.8557,15.7489],[99.8542,15.7484],[99.8537,15.746],[99.8511,15.7436],[99.8522,15.7419],[99.8554,15.7422],[99.8565,15.7375],[99.8491,15.7383],[99.8426,15.7408],[99.8372,15.7412],[99.8404,15.7369],[99.8426,15.7367],[99.8428,15.7338],[99.8473,15.7276],[99.8449,15.7269],[99.8441,15.7242],[99.8417,15.7241],[99.8418,15.7226],[99.8397,15.7231],[99.8394,15.724],[99.8383,15.7236],[99.8384,15.7203],[99.8358,15.7163],[99.8358,15.7134],[99.837,15.7144],[99.8383,15.7141],[99.8394,15.7161],[99.8412,15.7158],[99.8418,15.7136],[99.8444,15.7119],[99.8469,15.7129],[99.8494,15.7126],[99.8504,15.7157],[99.8525,15.7144],[99.8576,15.7144],[99.8589,15.7157],[99.8587,15.7167],[99.8632,15.7174],[99.8668,15.7148],[99.8658,15.7141],[99.8669,15.7125],[99.8696,15.7142],[99.8706,15.7129],[99.8752,15.7148],[99.8762,15.7135],[99.8807,15.717],[99.8829,15.7151],[99.8842,15.7159],[99.8864,15.7153],[99.8879,15.7161],[99.888,15.7172],[99.8914,15.7181],[99.8921,15.7186],[99.8918,15.72],[99.8952,15.7221],[99.8962,15.7251],[99.8988,15.725],[99.8987,15.7275],[99.9007,15.7273],[99.9012,15.7294],[99.9036,15.7307],[99.9011,15.7338],[99.9014,15.736],[99.9028,15.7373],[99.9063,15.7381],[99.9075,15.7371],[99.9094,15.7403],[99.9105,15.7402],[99.911,15.738],[99.9126,15.7379],[99.914,15.7411],[99.9162,15.7395],[99.9167,15.7416],[99.9179,15.7422],[99.9191,15.7406],[99.922,15.7397],[99.9259,15.7413],[99.9324,15.7463],[99.9352,15.7586],[99.938,15.762],[99.9373,15.7683],[99.9347,15.7691],[99.9335,15.7686]]]}},{"type":"Feature","properties":{"k":111,"name":"หนองนมวัว","district":"ลาดยาว"},"geometry":{"type":"Polygon","coordinates":[[[99.8988,15.8116],[99.8833,15.8142],[99.8819,15.8103],[99.8781,15.8062],[99.8765,15.801],[99.8747,15.8011],[99.8713,15.8041],[99.8689,15.8025],[99.8652,15.8054],[99.8619,15.8045],[99.8604,15.8062],[99.8579,15.8048],[99.8512,15.804],[99.8489,15.8058],[99.848,15.8085],[99.8397,15.8087],[99.8386,15.8102],[99.8353,15.8109],[99.8343,15.8075],[99.8364,15.8022],[99.8393,15.8026],[99.8428,15.8016],[99.8411,15.7984],[99.8387,15.7973],[99.8372,15.7951],[99.8357,15.7897],[99.8332,15.7881],[99.8311,15.7843],[99.8277,15.781],[99.8241,15.7702],[99.8248,15.7622],[99.8284,15.7534],[99.8285,15.7505],[99.835,15.7437],[99.8361,15.7437],[99.8372,15.7412],[99.8426,15.7408],[99.8491,15.7383],[99.8565,15.7375],[99.8554,15.7422],[99.8522,15.7419],[99.8511,15.7437],[99.8537,15.746],[99.8542,15.7484],[99.8557,15.7489],[99.8557,15.7508],[99.8573,15.7514],[99.8568,15.7527],[99.8581,15.7542],[99.8628,15.7585],[99.8671,15.7592],[99.8678,15.7614],[99.87,15.761],[99.8742,15.7625],[99.8767,15.7612],[99.8763,15.7603],[99.8772,15.7607],[99.8794,15.7596],[99.8793,15.7586],[99.8808,15.7594],[99.8844,15.7565],[99.8897,15.757],[99.8911,15.7576],[99.8912,15.7595],[99.8932,15.7591],[99.8938,15.7617],[99.8952,15.7612],[99.8979,15.7636],[99.8991,15.7623],[99.9003,15.7638],[99.9047,15.7625],[99.9057,15.7637],[99.908,15.7639],[99.9076,15.7655],[99.9138,15.7684],[99.9145,15.7706],[99.9168,15.7719],[99.9173,15.774],[99.9208,15.7742],[99.9211,15.7735],[99.9258,15.7729],[99.9329,15.7769],[99.9219,15.7828],[99.9041,15.7776],[99.904,15.7803],[99.9055,15.7843],[99.9039,15.7932],[99.9046,15.7963],[99.9071,15.799],[99.9,15.7985],[99.9008,15.8057],[99.8988,15.8116]]]}},{"type":"Feature","properties":{"k":112,"name":"บ้านไร่","district":"ลาดยาว"},"geometry":{"type":"Polygon","coordinates":[[[99.7882,15.9271],[99.7858,15.9274],[99.7825,15.9248],[99.7759,15.9243],[99.7691,15.9217],[99.768,15.916],[99.7736,15.9049],[99.7735,15.9031],[99.7695,15.897],[99.7635,15.8948],[99.7544,15.8839],[99.751,15.8813],[99.7475,15.8755],[99.7468,15.8664],[99.7458,15.8641],[99.7433,15.8616],[99.7438,15.8583],[99.7397,15.8574],[99.7367,15.8586],[99.7359,15.8618],[99.7327,15.8654],[99.7304,15.8667],[99.7276,15.8706],[99.7234,15.8731],[99.708,15.8754],[99.7019,15.8752],[99.6978,15.8774],[99.6856,15.869],[99.6829,15.8633],[99.6866,15.8605],[99.6853,15.8583],[99.6863,15.8556],[99.6856,15.8547],[99.691,15.8462],[99.6925,15.8453],[99.6975,15.8344],[99.6972,15.8274],[99.6947,15.8235],[99.6937,15.8238],[99.6917,15.8224],[99.69,15.8197],[99.6989,15.8181],[99.7044,15.8099],[99.7095,15.8142],[99.7142,15.8222],[99.7098,15.8301],[99.7081,15.8372],[99.7156,15.8391],[99.7152,15.8411],[99.7247,15.8386],[99.726,15.8369],[99.731,15.8372],[99.7401,15.8354],[99.7481,15.8214],[99.7508,15.8018],[99.7549,15.7916],[99.7563,15.7846],[99.7558,15.7822],[99.7567,15.7808],[99.7603,15.7816],[99.7622,15.7831],[99.7625,15.7855],[99.7648,15.7864],[99.7641,15.7882],[99.7657,15.7889],[99.7659,15.7914],[99.772,15.7962],[99.7721,15.7999],[99.7749,15.8024],[99.7768,15.8078],[99.7803,15.8081],[99.7825,15.812],[99.7869,15.8143],[99.7872,15.8156],[99.7892,15.8173],[99.7892,15.8187],[99.7914,15.82],[99.7913,15.8214],[99.7954,15.8233],[99.7972,15.8258],[99.7977,15.8284],[99.7998,15.8303],[99.801,15.831],[99.8052,15.8297],[99.8083,15.8316],[99.811,15.832],[99.8138,15.8307],[99.8144,15.8322],[99.8194,15.8326],[99.825,15.8351],[99.8281,15.8382],[99.8319,15.8394],[99.8342,15.8423],[99.8359,15.843],[99.84,15.8475],[99.8449,15.857],[99.8498,15.8617],[99.8499,15.865],[99.8484,15.8665],[99.8487,15.8679],[99.8474,15.87],[99.8483,15.8712],[99.8516,15.8718],[99.8521,15.8744],[99.8556,15.8768],[99.8607,15.8767],[99.8636,15.8744],[99.8706,15.8749],[99.8762,15.8683],[99.8775,15.8689],[99.8808,15.8705],[99.8798,15.8719],[99.8813,15.8738],[99.8801,15.875],[99.8801,15.8769],[99.8779,15.8766],[99.8737,15.8792],[99.8745,15.8822],[99.8774,15.8837],[99.8797,15.8865],[99.882,15.8865],[99.8851,15.8907],[99.893,15.892],[99.8972,15.8959],[99.8883,15.9095],[99.888,15.9085],[99.8859,15.9104],[99.8847,15.9094],[99.8827,15.9102],[99.8824,15.9127],[99.8807,15.9138],[99.8785,15.9136],[99.8779,15.9115],[99.8755,15.9113],[99.8749,15.9099],[99.8727,15.9114],[99.8716,15.9097],[99.87,15.9103],[99.8692,15.9094],[99.8639,15.9095],[99.8644,15.9078],[99.8659,15.9081],[99.8666,15.9045],[99.8646,15.905],[99.8638,15.9032],[99.8603,15.9016],[99.8582,15.9029],[99.8575,15.9061],[99.8549,15.9077],[99.8542,15.9092],[99.8525,15.9098],[99.851,15.9081],[99.8488,15.9092],[99.8468,15.9084],[99.8471,15.9115],[99.8424,15.9123],[99.8386,15.9152],[99.8367,15.9146],[99.8375,15.9126],[99.8355,15.9113],[99.8317,15.9126],[99.8308,15.9138],[99.8297,15.9127],[99.8264,15.912],[99.8234,15.9156],[99.819,15.9158],[99.8156,15.918],[99.8094,15.9188],[99.8026,15.9216],[99.7995,15.9205],[99.7923,15.9228],[99.7882,15.9271]]]}},{"type":"Feature","properties":{"k":113,"name":"เนินขี้เหล็ก","district":"ลาดยาว"},"geometry":{"type":"Polygon","coordinates":[[[99.9303,15.8383],[99.8972,15.8959],[99.893,15.892],[99.8851,15.8907],[99.882,15.8865],[99.8797,15.8865],[99.8773,15.8837],[99.8749,15.8828],[99.8737,15.8792],[99.8779,15.8766],[99.8801,15.8769],[99.8801,15.875],[99.8813,15.8737],[99.8798,15.8719],[99.8808,15.8705],[99.8762,15.8683],[99.8706,15.8749],[99.8636,15.8744],[99.8607,15.8767],[99.8556,15.8768],[99.8521,15.8744],[99.8516,15.8718],[99.8483,15.8712],[99.8474,15.87],[99.8487,15.8679],[99.8484,15.8665],[99.8499,15.865],[99.8498,15.8617],[99.8449,15.857],[99.84,15.8475],[99.8359,15.843],[99.8342,15.8423],[99.8319,15.8394],[99.8281,15.8382],[99.825,15.8351],[99.8194,15.8326],[99.8144,15.8322],[99.8138,15.8307],[99.811,15.832],[99.8083,15.8316],[99.8052,15.8297],[99.801,15.831],[99.7998,15.8303],[99.7977,15.8284],[99.7972,15.8258],[99.7954,15.8233],[99.7913,15.8214],[99.7914,15.82],[99.7892,15.8187],[99.7892,15.8173],[99.7872,15.8156],[99.7869,15.8143],[99.7825,15.812],[99.7803,15.8081],[99.7768,15.8078],[99.7749,15.8024],[99.7721,15.7999],[99.772,15.7962],[99.7659,15.7914],[99.7657,15.7889],[99.7641,15.7882],[99.7644,15.7861],[99.7679,15.7869],[99.7709,15.7915],[99.7724,15.7912],[99.7765,15.7937],[99.7788,15.7957],[99.7786,15.7973],[99.7799,15.799],[99.7827,15.8007],[99.7927,15.8018],[99.7945,15.8034],[99.7992,15.8045],[99.8029,15.8066],[99.8089,15.8067],[99.8097,15.806],[99.8115,15.807],[99.8136,15.811],[99.8149,15.8114],[99.8173,15.8082],[99.8248,15.8055],[99.8304,15.8077],[99.8345,15.807],[99.8358,15.8111],[99.8393,15.8098],[99.8397,15.8087],[99.848,15.8085],[99.8489,15.8058],[99.8512,15.804],[99.8579,15.8048],[99.8604,15.8062],[99.8619,15.8045],[99.8652,15.8054],[99.8689,15.8025],[99.8713,15.8041],[99.8747,15.8011],[99.8765,15.801],[99.878,15.8059],[99.8819,15.8102],[99.8821,15.8127],[99.8833,15.8142],[99.8915,15.813],[99.8941,15.8161],[99.8956,15.821],[99.8986,15.8236],[99.8989,15.8251],[99.9016,15.8258],[99.9061,15.8308],[99.9193,15.8365],[99.9277,15.8369],[99.9303,15.8383]]]}},{"type":"Feature","properties":{"k":114,"name":"ศาลเจ้าไก่ต่อ","district":"ลาดยาว"},"geometry":{"type":"Polygon","coordinates":[[[99.6949,15.8193],[99.69,15.8197],[99.6822,15.8133],[99.6761,15.8119],[99.6732,15.8154],[99.6682,15.8171],[99.6658,15.8169],[99.6635,15.8182],[99.6527,15.81],[99.6459,15.8097],[99.6412,15.8077],[99.6398,15.7996],[99.6312,15.7767],[99.6321,15.7735],[99.6298,15.7725],[99.6339,15.763],[99.6355,15.7635],[99.6358,15.7603],[99.6339,15.7547],[99.642,15.749],[99.6418,15.737],[99.6478,15.7366],[99.6484,15.7414],[99.6534,15.7444],[99.6563,15.7479],[99.6646,15.7545],[99.6672,15.7549],[99.6701,15.7596],[99.677,15.7551],[99.6766,15.7507],[99.6811,15.7488],[99.6855,15.7434],[99.689,15.7479],[99.6904,15.7518],[99.6897,15.7558],[99.6927,15.7592],[99.6926,15.7621],[99.694,15.7646],[99.6994,15.7692],[99.6994,15.771],[99.7012,15.7714],[99.7017,15.7736],[99.7045,15.7753],[99.7039,15.7758],[99.7055,15.78],[99.7051,15.7819],[99.7062,15.7869],[99.7088,15.7892],[99.7076,15.7919],[99.7003,15.7918],[99.7007,15.7962],[99.6971,15.7985],[99.6994,15.804],[99.7044,15.8099],[99.7039,15.8114],[99.7018,15.8128],[99.6989,15.8181],[99.6959,15.8182],[99.6949,15.8193]]]}},{"type":"Feature","properties":{"k":115,"name":"สระแก้ว","district":"ลาดยาว"},"geometry":{"type":"Polygon","coordinates":[[[99.8154,15.811],[99.8136,15.811],[99.8115,15.807],[99.8097,15.806],[99.8089,15.8067],[99.8029,15.8066],[99.7992,15.8045],[99.7945,15.8034],[99.7927,15.8018],[99.7828,15.8007],[99.7807,15.7993],[99.7814,15.7893],[99.7707,15.7762],[99.7688,15.7717],[99.7696,15.7689],[99.7723,15.7665],[99.78,15.7652],[99.7967,15.7643],[99.8042,15.763],[99.8097,15.7607],[99.8132,15.7542],[99.8191,15.7499],[99.8209,15.7448],[99.8213,15.7367],[99.8234,15.7362],[99.8238,15.7375],[99.8263,15.7391],[99.8298,15.7397],[99.8327,15.7417],[99.8337,15.7409],[99.8344,15.7416],[99.8358,15.7407],[99.8372,15.7412],[99.8361,15.7437],[99.835,15.7437],[99.8285,15.7505],[99.8284,15.7534],[99.8248,15.7622],[99.8241,15.7703],[99.8277,15.781],[99.8311,15.7843],[99.8332,15.7881],[99.8357,15.7897],[99.8372,15.7951],[99.8387,15.7973],[99.8411,15.7984],[99.8428,15.8018],[99.8364,15.8022],[99.8345,15.807],[99.8304,15.8077],[99.8248,15.8055],[99.8208,15.8067],[99.8173,15.8082],[99.8154,15.811]]]}},{"type":"Feature","properties":{"k":116,"name":"ตากฟ้า","district":"ตากฟ้า"},"geometry":{"type":"Polygon","coordinates":[[[100.5019,15.3588],[100.5016,15.3613],[100.4975,15.3588],[100.4862,15.3586],[100.4773,15.3586],[100.4759,15.3611],[100.4737,15.3611],[100.4736,15.3599],[100.4711,15.3598],[100.4709,15.3587],[100.4591,15.3586],[100.458,15.3564],[100.4552,15.3558],[100.4544,15.3505],[100.4531,15.3503],[100.4569,15.3436],[100.4553,15.3419],[100.4553,15.3397],[100.4582,15.3339],[100.457,15.331],[100.4574,15.3272],[100.455,15.3241],[100.4546,15.3211],[100.4565,15.3201],[100.4588,15.3171],[100.4625,15.3159],[100.4637,15.314],[100.4661,15.3136],[100.468,15.3111],[100.4712,15.3104],[100.4739,15.3075],[100.4781,15.3053],[100.4818,15.3047],[100.4768,15.2961],[100.4789,15.2919],[100.4776,15.2893],[100.4788,15.2872],[100.4772,15.2824],[100.479,15.2789],[100.4763,15.2651],[100.4785,15.2646],[100.4781,15.2623],[100.4798,15.2592],[100.4831,15.2585],[100.4914,15.2592],[100.4953,15.2659],[100.5099,15.2661],[100.5156,15.2693],[100.5181,15.2686],[100.5206,15.2715],[100.5185,15.2739],[100.519,15.2754],[100.5181,15.2746],[100.518,15.2757],[100.5173,15.2755],[100.5179,15.277],[100.5161,15.2782],[100.5143,15.2778],[100.515,15.2789],[100.5138,15.2792],[100.5146,15.2797],[100.5132,15.2818],[100.5121,15.2808],[100.5107,15.2814],[100.5116,15.2831],[100.5105,15.2851],[100.5164,15.2905],[100.5181,15.2941],[100.5199,15.2953],[100.5226,15.3007],[100.5225,15.304],[100.5242,15.3054],[100.524,15.3084],[100.5212,15.3083],[100.52,15.3142],[100.5105,15.3137],[100.5059,15.3115],[100.5056,15.3158],[100.5031,15.3188],[100.5041,15.3196],[100.5032,15.3241],[100.5046,15.3249],[100.5043,15.3261],[100.5058,15.3278],[100.5051,15.3285],[100.5066,15.332],[100.5027,15.3349],[100.5005,15.3422],[100.5016,15.3451],[100.4991,15.35],[100.5017,15.3536],[100.5004,15.3564],[100.5019,15.3588]]]}},{"type":"Feature","properties":{"k":117,"name":"ลำพยนต์","district":"ตากฟ้า"},"geometry":{"type":"Polygon","coordinates":[[[100.5967,15.3787],[100.5905,15.3822],[100.588,15.3783],[100.5854,15.3784],[100.5807,15.3759],[100.5767,15.3691],[100.5765,15.3668],[100.5727,15.3628],[100.5628,15.3583],[100.5535,15.3568],[100.5455,15.3519],[100.5415,15.3465],[100.5421,15.3442],[100.5331,15.3345],[100.5346,15.3334],[100.5332,15.3317],[100.5356,15.3294],[100.534,15.3279],[100.537,15.325],[100.5362,15.3207],[100.5336,15.316],[100.5303,15.3155],[100.5279,15.3124],[100.522,15.3115],[100.5217,15.3145],[100.52,15.3142],[100.5212,15.3083],[100.5239,15.3085],[100.5242,15.3054],[100.5225,15.304],[100.5226,15.3007],[100.5199,15.2953],[100.5181,15.2941],[100.5164,15.2905],[100.5105,15.2851],[100.5116,15.2831],[100.5107,15.2814],[100.5121,15.2808],[100.5131,15.2818],[100.5146,15.2797],[100.5138,15.2792],[100.515,15.2789],[100.5143,15.2778],[100.5161,15.2782],[100.5179,15.277],[100.5173,15.2755],[100.518,15.2757],[100.5181,15.2746],[100.519,15.2754],[100.5185,15.274],[100.5199,15.2731],[100.5196,15.272],[100.5206,15.2716],[100.5204,15.2708],[100.5213,15.2711],[100.5214,15.2698],[100.5239,15.2693],[100.5238,15.2681],[100.5246,15.2688],[100.5254,15.2738],[100.5273,15.275],[100.528,15.2768],[100.5297,15.277],[100.5314,15.2807],[100.5419,15.2843],[100.5457,15.2824],[100.557,15.2808],[100.5686,15.2826],[100.5709,15.2802],[100.571,15.2786],[100.5801,15.2766],[100.5796,15.2709],[100.5769,15.265],[100.5777,15.2641],[100.5772,15.2627],[100.579,15.2639],[100.5794,15.2661],[100.5808,15.2668],[100.5814,15.2655],[100.5825,15.2656],[100.5827,15.2671],[100.586,15.2697],[100.5869,15.2683],[100.5903,15.2689],[100.5973,15.2794],[100.5933,15.2877],[100.5981,15.2901],[100.5993,15.2888],[100.6,15.2896],[100.6005,15.2889],[100.602,15.2895],[100.6029,15.2922],[100.6035,15.2912],[100.6047,15.2917],[100.6049,15.2933],[100.6054,15.2928],[100.6063,15.2937],[100.6072,15.2928],[100.6075,15.2936],[100.6089,15.2934],[100.609,15.2951],[100.6112,15.2947],[100.6111,15.2963],[100.6125,15.296],[100.6132,15.2977],[100.6126,15.2998],[100.6146,15.3086],[100.6155,15.3082],[100.6231,15.3136],[100.6232,15.3166],[100.622,15.319],[100.6279,15.3224],[100.6335,15.3236],[100.6344,15.3286],[100.6317,15.3305],[100.6303,15.3329],[100.6306,15.3392],[100.6299,15.3404],[100.6262,15.3403],[100.6227,15.3422],[100.6205,15.3421],[100.6176,15.3381],[100.6109,15.3343],[100.6055,15.3362],[100.6042,15.3408],[100.5991,15.3426],[100.5996,15.3454],[100.598,15.3476],[100.5948,15.348],[100.5955,15.3566],[100.5977,15.3576],[100.5971,15.3599],[100.5934,15.3628],[100.5973,15.3684],[100.5967,15.3721],[100.5984,15.3763],[100.5967,15.3787]]]}},{"type":"Feature","properties":{"k":118,"name":"สุขสำราญ","district":"ตากฟ้า"},"geometry":{"type":"Polygon","coordinates":[[[100.513,15.4067],[100.5099,15.4061],[100.5055,15.3996],[100.4966,15.3999],[100.4961,15.395],[100.5031,15.3839],[100.5036,15.3814],[100.5028,15.3771],[100.504,15.3754],[100.5059,15.3748],[100.5057,15.3726],[100.5068,15.3716],[100.5057,15.3697],[100.5058,15.3677],[100.5045,15.3671],[100.5034,15.3643],[100.5038,15.3625],[100.5016,15.3613],[100.502,15.3591],[100.5004,15.3564],[100.5017,15.3536],[100.4992,15.3497],[100.5016,15.3451],[100.5005,15.3422],[100.5027,15.3349],[100.5066,15.332],[100.5051,15.3285],[100.5058,15.3278],[100.5043,15.3261],[100.5046,15.3249],[100.5032,15.3241],[100.5041,15.3196],[100.5031,15.3188],[100.5056,15.3158],[100.5059,15.3115],[100.5105,15.3137],[100.5216,15.3145],[100.522,15.3115],[100.5245,15.3114],[100.528,15.3124],[100.5303,15.3155],[100.5336,15.316],[100.5345,15.3172],[100.537,15.325],[100.534,15.3279],[100.5356,15.3294],[100.5332,15.3317],[100.5346,15.3334],[100.5331,15.3345],[100.5421,15.3442],[100.5415,15.3465],[100.545,15.3515],[100.5535,15.3568],[100.5628,15.3583],[100.5727,15.3628],[100.5765,15.3668],[100.5767,15.3691],[100.5807,15.3759],[100.5854,15.3784],[100.588,15.3783],[100.5898,15.3806],[100.5905,15.3822],[100.5892,15.3852],[100.59,15.3865],[100.5894,15.3894],[100.5922,15.3908],[100.5918,15.3926],[100.5935,15.3948],[100.6019,15.3982],[100.6041,15.4031],[100.5995,15.4029],[100.5978,15.4043],[100.5951,15.402],[100.5898,15.4035],[100.5872,15.4001],[100.5825,15.3975],[100.5765,15.3997],[100.5642,15.4006],[100.5624,15.3998],[100.5548,15.4024],[100.5532,15.404],[100.5518,15.4032],[100.5524,15.4018],[100.5481,15.3949],[100.5484,15.387],[100.5461,15.382],[100.5416,15.382],[100.5396,15.3787],[100.535,15.3825],[100.5343,15.3847],[100.53,15.3903],[100.5235,15.3912],[100.5189,15.3967],[100.5115,15.4011],[100.513,15.4067]]]}},{"type":"Feature","properties":{"k":119,"name":"หนองพิกุล","district":"ตากฟ้า"},"geometry":{"type":"Polygon","coordinates":[[[100.4591,15.3586],[100.4539,15.3588],[100.4501,15.3622],[100.4443,15.3706],[100.4319,15.3705],[100.4317,15.3693],[100.4291,15.3682],[100.4293,15.3669],[100.4279,15.3662],[100.4271,15.3643],[100.4225,15.3623],[100.4223,15.3635],[100.4235,15.3642],[100.4238,15.3681],[100.423,15.3696],[100.4245,15.3743],[100.4247,15.3825],[100.4189,15.3825],[100.4156,15.3813],[100.4134,15.3795],[100.4134,15.3758],[100.4117,15.3743],[100.4112,15.3717],[100.4092,15.3702],[100.4082,15.3666],[100.4079,15.3619],[100.4068,15.3598],[100.4071,15.3467],[100.4059,15.3438],[100.4063,15.3428],[100.4078,15.3428],[100.4086,15.3402],[100.4146,15.3348],[100.415,15.3328],[100.4137,15.3301],[100.4118,15.3303],[100.409,15.3267],[100.4028,15.323],[100.4009,15.3229],[100.4021,15.32],[100.3992,15.3191],[100.3969,15.3163],[100.3971,15.3152],[100.4046,15.3131],[100.4097,15.3067],[100.4162,15.3083],[100.4191,15.3074],[100.4258,15.3013],[100.4281,15.294],[100.4286,15.3029],[100.4326,15.3101],[100.436,15.3127],[100.4438,15.31],[100.4498,15.3163],[100.4504,15.3193],[100.4521,15.322],[100.4544,15.3215],[100.455,15.3241],[100.4568,15.3257],[100.4576,15.3284],[100.457,15.331],[100.4581,15.334],[100.456,15.3372],[100.4552,15.3412],[100.4569,15.3436],[100.4531,15.3501],[100.4544,15.3505],[100.4552,15.3558],[100.458,15.3564],[100.4591,15.3586]]]}},{"type":"Feature","properties":{"k":120,"name":"พุนกยูง","district":"ตากฟ้า"},"geometry":{"type":"Polygon","coordinates":[[[100.483,15.4597],[100.4787,15.4602],[100.478,15.4617],[100.4759,15.4554],[100.4691,15.4548],[100.4675,15.4487],[100.4642,15.4489],[100.4638,15.4476],[100.4613,15.4478],[100.4604,15.4465],[100.4619,15.443],[100.4578,15.4309],[100.4536,15.4298],[100.4448,15.422],[100.4393,15.4213],[100.4375,15.4227],[100.4324,15.424],[100.426,15.4218],[100.4231,15.4199],[100.4177,15.4202],[100.417,15.4224],[100.4158,15.4222],[100.4152,15.4174],[100.4173,15.4152],[100.4186,15.3997],[100.4198,15.3968],[100.4221,15.3947],[100.4228,15.3911],[100.4208,15.3827],[100.4247,15.3825],[100.4245,15.3743],[100.423,15.3696],[100.4238,15.3681],[100.4235,15.3642],[100.4223,15.3635],[100.4225,15.3623],[100.4271,15.3643],[100.4279,15.3662],[100.4293,15.3669],[100.4291,15.3682],[100.4317,15.3693],[100.4319,15.3705],[100.4395,15.3706],[100.4445,15.3704],[100.4501,15.3622],[100.4542,15.3587],[100.4709,15.3587],[100.4711,15.3598],[100.4736,15.3599],[100.4737,15.3611],[100.4759,15.3611],[100.4773,15.3586],[100.4973,15.3588],[100.5038,15.3625],[100.5034,15.3643],[100.5045,15.3671],[100.5058,15.3677],[100.5057,15.3697],[100.5068,15.3716],[100.5057,15.3726],[100.5059,15.3748],[100.504,15.3754],[100.5028,15.3771],[100.5036,15.3814],[100.5031,15.3839],[100.4961,15.395],[100.4966,15.3999],[100.5055,15.3996],[100.5106,15.4068],[100.5083,15.4074],[100.5039,15.4129],[100.5043,15.4145],[100.5033,15.4162],[100.5049,15.4209],[100.5023,15.4239],[100.503,15.4278],[100.5016,15.4286],[100.5006,15.4355],[100.5015,15.4399],[100.4996,15.4422],[100.4969,15.4421],[100.4926,15.4443],[100.4922,15.4483],[100.4897,15.4482],[100.4898,15.4499],[100.4869,15.4522],[100.4866,15.4545],[100.4875,15.4545],[100.4877,15.4558],[100.487,15.4566],[100.4887,15.4575],[100.483,15.4597]]]}},{"type":"Feature","properties":{"k":121,"name":"อุดมธัญญา","district":"ตากฟ้า"},"geometry":{"type":"Polygon","coordinates":[[[100.41,15.5383],[100.4052,15.5314],[100.4026,15.5254],[100.4024,15.523],[100.4008,15.523],[100.4006,15.5206],[100.3988,15.5204],[100.3988,15.5194],[100.3914,15.5137],[100.3875,15.5129],[100.3828,15.5103],[100.38,15.5044],[100.3762,15.5027],[100.3768,15.4976],[100.3744,15.4967],[100.3706,15.497],[100.3644,15.4896],[100.3574,15.484],[100.3471,15.4684],[100.3452,15.4697],[100.3436,15.4651],[100.3419,15.4654],[100.3413,15.4635],[100.3367,15.4647],[100.3363,15.4622],[100.3356,15.4624],[100.3341,15.4599],[100.3317,15.4602],[100.3277,15.4582],[100.3274,15.4542],[100.3344,15.4479],[100.3363,15.4493],[100.3375,15.4469],[100.3414,15.447],[100.3498,15.4449],[100.3507,15.4395],[100.3517,15.4385],[100.3496,15.4338],[100.3561,15.4335],[100.3567,15.4342],[100.3608,15.4323],[100.3655,15.4317],[100.3674,15.4293],[100.3739,15.4268],[100.3789,15.4231],[100.3813,15.4233],[100.3824,15.4224],[100.3852,15.4237],[100.3896,15.4233],[100.3902,15.4243],[100.3947,15.4228],[100.4009,15.4238],[100.4087,15.4213],[100.4129,15.4212],[100.417,15.4224],[100.4176,15.4202],[100.4231,15.4199],[100.426,15.4218],[100.4324,15.424],[100.4375,15.4227],[100.4393,15.4213],[100.4448,15.422],[100.4536,15.4298],[100.4578,15.4309],[100.4619,15.4432],[100.4604,15.4466],[100.4613,15.4478],[100.4638,15.4477],[100.4639,15.4489],[100.4675,15.4487],[100.4691,15.4547],[100.4759,15.4554],[100.478,15.4617],[100.4789,15.4601],[100.4879,15.4582],[100.4878,15.4594],[100.4827,15.4612],[100.4822,15.4632],[100.4837,15.4643],[100.4818,15.4669],[100.4827,15.4683],[100.481,15.4709],[100.4818,15.4746],[100.4809,15.4772],[100.4815,15.4784],[100.4806,15.4789],[100.4831,15.4819],[100.4826,15.4835],[100.4846,15.4868],[100.4861,15.4878],[100.4884,15.4878],[100.4884,15.4891],[100.4904,15.4901],[100.49,15.4918],[100.4933,15.4915],[100.497,15.4956],[100.4974,15.4983],[100.4958,15.5056],[100.4869,15.5126],[100.4795,15.5152],[100.4753,15.5182],[100.4745,15.5196],[100.4744,15.528],[100.4711,15.5351],[100.4644,15.5341],[100.4536,15.5303],[100.4387,15.5297],[100.4372,15.5276],[100.4359,15.5286],[100.4306,15.528],[100.4282,15.5296],[100.4264,15.5292],[100.4241,15.5309],[100.4242,15.5328],[100.422,15.5343],[100.4213,15.5364],[100.41,15.5383]]]}},{"type":"Feature","properties":{"k":122,"name":"เขาชายธง","district":"ตากฟ้า"},"geometry":{"type":"Polygon","coordinates":[[[100.4544,15.3215],[100.4521,15.322],[100.4504,15.3193],[100.4498,15.3163],[100.4438,15.31],[100.436,15.3127],[100.4326,15.3101],[100.4286,15.3029],[100.4281,15.294],[100.4268,15.2939],[100.4226,15.2899],[100.4204,15.2749],[100.4203,15.2626],[100.4158,15.2574],[100.421,15.252],[100.4212,15.2465],[100.4232,15.2444],[100.4224,15.2425],[100.4234,15.2386],[100.4264,15.238],[100.4291,15.2386],[100.4293,15.2398],[100.4402,15.241],[100.4473,15.2386],[100.4493,15.2417],[100.4497,15.2463],[100.4544,15.2469],[100.4565,15.2504],[100.4558,15.2538],[100.4569,15.2551],[100.4635,15.2564],[100.4676,15.2612],[100.4693,15.2572],[100.4798,15.2592],[100.4781,15.2623],[100.4785,15.2646],[100.4763,15.2651],[100.479,15.2789],[100.4772,15.2824],[100.4788,15.2872],[100.4776,15.2893],[100.4789,15.2919],[100.4768,15.2961],[100.4818,15.3047],[100.4781,15.3053],[100.472,15.3087],[100.4712,15.3104],[100.468,15.3111],[100.4661,15.3136],[100.4637,15.314],[100.4625,15.3159],[100.4588,15.3171],[100.4544,15.3215]]]}},{"type":"Feature","properties":{"k":123,"name":"แม่วงก์","district":"แม่วงก์"},"geometry":{"type":"Polygon","coordinates":[[[99.6344,15.7846],[99.6282,15.7866],[99.6298,15.7899],[99.6197,15.7953],[99.6208,15.7985],[99.6195,15.7991],[99.6205,15.8019],[99.62,15.8039],[99.6195,15.8026],[99.6179,15.8044],[99.6181,15.8058],[99.6167,15.8044],[99.6128,15.8047],[99.6106,15.8077],[99.6113,15.8082],[99.6103,15.8088],[99.611,15.8106],[99.6082,15.8117],[99.6085,15.813],[99.6076,15.8125],[99.6082,15.8131],[99.6068,15.8149],[99.607,15.8166],[99.6056,15.8168],[99.6056,15.8182],[99.6033,15.8178],[99.6037,15.8195],[99.5997,15.8191],[99.5966,15.8203],[99.5949,15.8191],[99.5936,15.8201],[99.5914,15.8172],[99.5871,15.8156],[99.5856,15.8157],[99.5849,15.8168],[99.5837,15.8156],[99.582,15.8175],[99.5807,15.8163],[99.5775,15.8191],[99.5778,15.8201],[99.5768,15.8201],[99.5768,15.8221],[99.5751,15.8216],[99.5732,15.8227],[99.5707,15.822],[99.5682,15.8248],[99.5674,15.8243],[99.5669,15.8268],[99.5639,15.8261],[99.5613,15.8281],[99.5606,15.8272],[99.5575,15.8306],[99.5553,15.8302],[99.5557,15.8322],[99.554,15.8326],[99.5534,15.8338],[99.5522,15.833],[99.552,15.8339],[99.551,15.8337],[99.5514,15.8345],[99.5501,15.8333],[99.549,15.8347],[99.5456,15.8324],[99.5442,15.8303],[99.5447,15.8291],[99.5416,15.8287],[99.5398,15.826],[99.538,15.8256],[99.5375,15.8239],[99.5339,15.8201],[99.5311,15.82],[99.53,15.8178],[99.5317,15.813],[99.5296,15.811],[99.5308,15.8076],[99.5297,15.8054],[99.5259,15.8019],[99.5215,15.8012],[99.5219,15.7998],[99.5207,15.7995],[99.5192,15.7972],[99.5187,15.7928],[99.5168,15.7892],[99.5131,15.7879],[99.5109,15.7859],[99.5014,15.7866],[99.4962,15.7754],[99.4912,15.7723],[99.4844,15.7715],[99.4818,15.7655],[99.4837,15.7666],[99.4869,15.7655],[99.4994,15.7676],[99.5072,15.7641],[99.5042,15.7453],[99.5071,15.7412],[99.5108,15.7408],[99.5119,15.7392],[99.514,15.7383],[99.5143,15.7361],[99.5133,15.7346],[99.5166,15.7343],[99.5187,15.7358],[99.52,15.7353],[99.5212,15.7378],[99.5238,15.7381],[99.5276,15.7363],[99.5302,15.7373],[99.5324,15.7363],[99.5345,15.7369],[99.5395,15.735],[99.5412,15.7368],[99.5426,15.7361],[99.5463,15.7366],[99.5474,15.7376],[99.5492,15.7372],[99.5527,15.74],[99.556,15.7385],[99.557,15.7394],[99.5609,15.7391],[99.5613,15.7407],[99.5634,15.7413],[99.5642,15.7388],[99.5657,15.7385],[99.5662,15.7362],[99.5684,15.7354],[99.5745,15.7368],[99.5765,15.7343],[99.5786,15.7354],[99.5791,15.7342],[99.5805,15.7352],[99.5817,15.7344],[99.5838,15.7354],[99.5856,15.7348],[99.5879,15.7359],[99.5884,15.735],[99.5901,15.735],[99.5905,15.7339],[99.5957,15.7344],[99.5982,15.731],[99.6013,15.7293],[99.6009,15.7283],[99.6025,15.7264],[99.6042,15.7267],[99.6053,15.7251],[99.607,15.7251],[99.6081,15.7225],[99.6126,15.7215],[99.6125,15.7202],[99.6138,15.7201],[99.6131,15.7196],[99.6137,15.7166],[99.6192,15.7151],[99.6219,15.7215],[99.6405,15.7333],[99.642,15.7381],[99.642,15.749],[99.6339,15.7547],[99.6358,15.7603],[99.6355,15.7635],[99.6339,15.763],[99.6298,15.7725],[99.6321,15.7735],[99.6312,15.7767],[99.6344,15.7846]]]}},{"type":"Feature","properties":{"k":124,"name":"แม่เล่ย์","district":"แม่วงก์"},"geometry":{"type":"Polygon","coordinates":[[[99.2126,15.9441],[99.2103,15.9483],[99.2087,15.9483],[99.207,15.9469],[99.2046,15.9429],[99.205,15.9369],[99.2036,15.9362],[99.2023,15.9384],[99.1991,15.94],[99.1973,15.9433],[99.1941,15.9454],[99.1925,15.9429],[99.1946,15.9423],[99.1955,15.9396],[99.1945,15.9377],[99.192,15.9376],[99.1916,15.932],[99.1861,15.9283],[99.1815,15.9309],[99.1796,15.9334],[99.1758,15.9339],[99.1743,15.9368],[99.1724,15.9373],[99.1719,15.9358],[99.1736,15.9327],[99.1737,15.9283],[99.1682,15.9273],[99.1652,15.9257],[99.1642,15.9261],[99.1637,15.9239],[99.1617,15.9246],[99.1565,15.9199],[99.1534,15.9199],[99.1544,15.9166],[99.1531,15.9139],[99.1504,15.9125],[99.149,15.9097],[99.1458,15.9078],[99.1437,15.9079],[99.1398,15.9056],[99.1376,15.9056],[99.1357,15.9076],[99.1304,15.9091],[99.1303,15.9117],[99.1285,15.9121],[99.1152,15.8999],[99.1071,15.8953],[99.1049,15.8909],[99.0999,15.8892],[99.0955,15.8826],[99.0925,15.8829],[99.0894,15.8855],[99.0861,15.8845],[99.0877,15.8831],[99.0882,15.8796],[99.0949,15.8756],[99.0975,15.8714],[99.094,15.8612],[99.0948,15.8581],[99.0989,15.8537],[99.0964,15.8476],[99.0975,15.8438],[99.0956,15.8362],[99.0972,15.8349],[99.0968,15.8314],[99.1038,15.827],[99.1043,15.8249],[99.1031,15.8214],[99.1066,15.8206],[99.1082,15.8191],[99.1132,15.8189],[99.1139,15.8172],[99.1176,15.817],[99.1237,15.8144],[99.1289,15.8081],[99.1308,15.8071],[99.1318,15.8036],[99.1334,15.8016],[99.1337,15.7983],[99.1392,15.7965],[99.1473,15.797],[99.1496,15.793],[99.159,15.7931],[99.1639,15.789],[99.1645,15.7865],[99.1638,15.7809],[99.1654,15.7783],[99.1675,15.7781],[99.1741,15.7826],[99.1782,15.7812],[99.1812,15.7826],[99.1843,15.7821],[99.187,15.7836],[99.1902,15.7795],[99.2035,15.7813],[99.2098,15.7799],[99.2192,15.7798],[99.2238,15.7937],[99.228,15.7973],[99.2504,15.7842],[99.2554,15.7843],[99.2569,15.7807],[99.2593,15.7817],[99.2615,15.78],[99.2633,15.781],[99.264,15.7792],[99.2661,15.7781],[99.2656,15.7742],[99.268,15.774],[99.2695,15.7718],[99.2783,15.7696],[99.2805,15.7658],[99.2843,15.7645],[99.287,15.761],[99.2886,15.7627],[99.2917,15.7786],[99.294,15.7837],[99.3049,15.7853],[99.3221,15.7821],[99.3416,15.7754],[99.3425,15.7735],[99.3459,15.7734],[99.3474,15.7696],[99.3504,15.7668],[99.3578,15.7652],[99.3613,15.7629],[99.362,15.7609],[99.3606,15.7584],[99.3604,15.7524],[99.3666,15.7497],[99.3659,15.7425],[99.3677,15.738],[99.3815,15.7341],[99.3822,15.7329],[99.3889,15.732],[99.3935,15.7325],[99.3963,15.7304],[99.3971,15.7334],[99.4029,15.7355],[99.3999,15.7376],[99.4005,15.742],[99.4045,15.744],[99.4076,15.7413],[99.4098,15.7413],[99.4149,15.748],[99.4208,15.7456],[99.4239,15.7498],[99.4265,15.7511],[99.4257,15.7517],[99.4261,15.7529],[99.428,15.7541],[99.4332,15.7497],[99.4342,15.7468],[99.4367,15.7466],[99.4379,15.743],[99.4424,15.738],[99.4435,15.735],[99.4429,15.7345],[99.4445,15.7345],[99.4446,15.7332],[99.4489,15.7344],[99.4503,15.7338],[99.4498,15.7328],[99.4557,15.7321],[99.4565,15.7344],[99.4639,15.7308],[99.4647,15.7316],[99.4648,15.7338],[99.4627,15.7357],[99.4616,15.7355],[99.4587,15.7402],[99.4496,15.7449],[99.4469,15.7481],[99.4472,15.7564],[99.4459,15.7596],[99.4486,15.7611],[99.4492,15.7633],[99.4518,15.7634],[99.4552,15.7649],[99.4582,15.7648],[99.4618,15.762],[99.4656,15.7615],[99.4708,15.7633],[99.4728,15.7625],[99.4735,15.7637],[99.4793,15.7639],[99.4818,15.7664],[99.4844,15.7715],[99.4938,15.7732],[99.4971,15.7767],[99.4993,15.7834],[99.5014,15.7866],[99.498,15.787],[99.4967,15.7889],[99.4914,15.7895],[99.4904,15.7946],[99.4856,15.7993],[99.4798,15.8104],[99.4787,15.8166],[99.4749,15.8232],[99.476,15.8268],[99.4747,15.829],[99.4762,15.833],[99.4733,15.8356],[99.4739,15.8407],[99.4711,15.845],[99.47,15.8486],[99.4666,15.8524],[99.4666,15.8554],[99.4649,15.8587],[99.4653,15.8603],[99.4638,15.8625],[99.4646,15.8666],[99.4634,15.8687],[99.4633,15.8717],[99.4619,15.8732],[99.4607,15.8838],[99.4577,15.8876],[99.451,15.905],[99.449,15.905],[99.4472,15.9025],[99.4394,15.9064],[99.4365,15.9111],[99.4332,15.9101],[99.4327,15.9091],[99.431,15.9095],[99.43,15.9149],[99.427,15.9172],[99.4266,15.9199],[99.4246,15.9201],[99.4235,15.9177],[99.4215,15.9172],[99.4205,15.9146],[99.4179,15.9151],[99.4151,15.9105],[99.4107,15.9102],[99.4054,15.9113],[99.4043,15.9106],[99.4017,15.914],[99.3946,15.9146],[99.3918,15.9172],[99.3905,15.9163],[99.3827,15.9171],[99.3787,15.9167],[99.3768,15.9151],[99.3735,15.9154],[99.3604,15.9236],[99.359,15.9256],[99.3564,15.9259],[99.3516,15.9246],[99.3435,15.92],[99.3358,15.9143],[99.3342,15.9117],[99.33,15.9115],[99.3281,15.9125],[99.3257,15.9161],[99.328,15.9197],[99.3276,15.9207],[99.3198,15.9275],[99.3188,15.9251],[99.3204,15.9197],[99.3201,15.9178],[99.3186,15.9168],[99.313,15.919],[99.3106,15.9179],[99.3107,15.9108],[99.3118,15.9073],[99.31,15.9044],[99.3075,15.9034],[99.3043,15.9037],[99.302,15.9078],[99.2973,15.9089],[99.2951,15.9072],[99.2954,15.9041],[99.2944,15.9029],[99.2931,15.9029],[99.2912,15.905],[99.29,15.9051],[99.2889,15.9017],[99.2921,15.9002],[99.2923,15.8937],[99.2896,15.8916],[99.2866,15.8969],[99.2812,15.8981],[99.2786,15.9031],[99.2739,15.9038],[99.2729,15.91],[99.271,15.9121],[99.2681,15.9121],[99.268,15.9073],[99.2669,15.9071],[99.2584,15.9151],[99.2519,15.917],[99.2425,15.9222],[99.2388,15.9263],[99.2343,15.9282],[99.2313,15.9333],[99.2255,15.9367],[99.2239,15.9434],[99.2228,15.9445],[99.2207,15.9446],[99.2207,15.9376],[99.2194,15.9367],[99.2135,15.9391],[99.2171,15.9417],[99.2174,15.9438],[99.2126,15.9441]]]}},{"type":"Feature","properties":{"k":125,"name":"วังซ่าน","district":"แม่วงก์"},"geometry":{"type":"Polygon","coordinates":[[[99.5942,15.9057],[99.5854,15.9067],[99.5812,15.9033],[99.5842,15.9024],[99.5818,15.8977],[99.5811,15.8937],[99.5802,15.8941],[99.5799,15.8911],[99.5777,15.8872],[99.5824,15.8823],[99.5837,15.8791],[99.5878,15.8773],[99.5904,15.8782],[99.59,15.8757],[99.5931,15.8746],[99.5938,15.8731],[99.5967,15.874],[99.5988,15.8689],[99.5952,15.855],[99.5873,15.857],[99.5807,15.8532],[99.567,15.8554],[99.5652,15.8545],[99.5643,15.8523],[99.5623,15.8529],[99.5581,15.8511],[99.5538,15.8515],[99.5515,15.8549],[99.5483,15.8531],[99.5312,15.8509],[99.5301,15.849],[99.5209,15.85],[99.5128,15.8469],[99.5091,15.848],[99.5074,15.8472],[99.5077,15.849],[99.5058,15.8512],[99.5028,15.8515],[99.4999,15.8494],[99.4963,15.8506],[99.4941,15.8465],[99.4928,15.8466],[99.4896,15.8441],[99.4836,15.8426],[99.4814,15.8398],[99.4753,15.8353],[99.4746,15.8337],[99.4762,15.8328],[99.4747,15.829],[99.476,15.8268],[99.4749,15.8228],[99.4787,15.8166],[99.4798,15.8104],[99.4853,15.8],[99.4904,15.7946],[99.4914,15.7895],[99.4968,15.7889],[99.4983,15.7869],[99.5106,15.7859],[99.5131,15.7879],[99.5165,15.789],[99.5187,15.7928],[99.5192,15.7972],[99.5207,15.7995],[99.5219,15.7998],[99.5215,15.8012],[99.5259,15.8019],[99.5297,15.8053],[99.5308,15.8076],[99.5296,15.811],[99.5317,15.813],[99.53,15.8178],[99.5311,15.82],[99.5339,15.8201],[99.5375,15.8239],[99.538,15.8256],[99.5398,15.826],[99.5416,15.8287],[99.5447,15.8291],[99.5442,15.8303],[99.5456,15.8324],[99.549,15.8347],[99.5501,15.8333],[99.5514,15.8345],[99.551,15.8337],[99.552,15.8339],[99.5522,15.833],[99.5534,15.8338],[99.554,15.8326],[99.5557,15.8322],[99.5553,15.8302],[99.5575,15.8306],[99.5606,15.8272],[99.5613,15.8281],[99.5639,15.8261],[99.5669,15.8268],[99.5674,15.8243],[99.5682,15.8248],[99.5707,15.822],[99.5732,15.8227],[99.5751,15.8216],[99.5768,15.8221],[99.5768,15.8201],[99.5778,15.8201],[99.5775,15.8191],[99.5807,15.8163],[99.582,15.8175],[99.5837,15.8156],[99.5849,15.8168],[99.5856,15.8157],[99.5871,15.8156],[99.5914,15.8172],[99.5936,15.8201],[99.5949,15.8191],[99.5966,15.8203],[99.5997,15.8191],[99.6037,15.8195],[99.6033,15.8178],[99.6056,15.8182],[99.6056,15.8168],[99.607,15.8166],[99.6068,15.8149],[99.6082,15.8131],[99.6076,15.8125],[99.6085,15.813],[99.6082,15.8117],[99.611,15.8106],[99.6103,15.8088],[99.6113,15.8082],[99.6106,15.8077],[99.6128,15.8047],[99.6167,15.8044],[99.6181,15.8058],[99.6179,15.8044],[99.6195,15.8026],[99.62,15.8039],[99.6205,15.8019],[99.6195,15.7991],[99.6208,15.7985],[99.6197,15.7953],[99.6298,15.7899],[99.6282,15.7866],[99.6344,15.7846],[99.6367,15.7929],[99.6398,15.7996],[99.6413,15.8078],[99.6459,15.8097],[99.6527,15.81],[99.6635,15.8182],[99.6658,15.8169],[99.6682,15.8171],[99.6732,15.8154],[99.6761,15.8119],[99.6814,15.813],[99.6865,15.8163],[99.6917,15.8224],[99.6937,15.8238],[99.6947,15.8235],[99.6976,15.8285],[99.6975,15.8344],[99.6925,15.8453],[99.691,15.8462],[99.6856,15.8547],[99.6863,15.8556],[99.6853,15.8583],[99.6866,15.8605],[99.6829,15.8632],[99.6788,15.8625],[99.6636,15.8553],[99.6624,15.8598],[99.6579,15.8621],[99.6585,15.8646],[99.6608,15.8678],[99.6624,15.8733],[99.6582,15.8789],[99.6454,15.8863],[99.6421,15.8842],[99.6378,15.8834],[99.6357,15.8854],[99.6338,15.885],[99.6334,15.8835],[99.6304,15.8811],[99.629,15.8761],[99.6265,15.8796],[99.6267,15.8813],[99.6252,15.8819],[99.6241,15.8873],[99.6224,15.8866],[99.6219,15.8878],[99.6204,15.8879],[99.6191,15.8888],[99.6189,15.8904],[99.6162,15.8915],[99.6166,15.8925],[99.6153,15.8922],[99.6127,15.8936],[99.612,15.8926],[99.6116,15.8936],[99.6099,15.894],[99.6102,15.8959],[99.6062,15.8986],[99.6052,15.8978],[99.6042,15.8987],[99.6039,15.8981],[99.6024,15.8986],[99.5988,15.8976],[99.5974,15.9037],[99.5942,15.9057]]]}},{"type":"Feature","properties":{"k":126,"name":"เขาชนกัน","district":"แม่วงก์"},"geometry":{"type":"Polygon","coordinates":[[[99.5087,15.9262],[99.5021,15.9284],[99.4931,15.9243],[99.4842,15.9222],[99.4784,15.9219],[99.4777,15.9207],[99.4784,15.9176],[99.4816,15.9108],[99.4799,15.9083],[99.4758,15.9062],[99.4768,15.9023],[99.4699,15.902],[99.4662,15.9007],[99.4605,15.9054],[99.4588,15.9056],[99.4556,15.9042],[99.451,15.905],[99.4577,15.8876],[99.4607,15.8838],[99.4619,15.8732],[99.4633,15.8717],[99.4634,15.8687],[99.4646,15.8666],[99.4638,15.8625],[99.4653,15.8603],[99.4649,15.8587],[99.4666,15.8554],[99.4664,15.853],[99.47,15.8486],[99.4711,15.845],[99.4736,15.8417],[99.4733,15.8356],[99.4746,15.8337],[99.4759,15.8359],[99.4814,15.8398],[99.4836,15.8426],[99.4896,15.8441],[99.4928,15.8466],[99.4941,15.8465],[99.4963,15.8506],[99.4999,15.8494],[99.5028,15.8515],[99.5058,15.8512],[99.5077,15.849],[99.5074,15.8472],[99.5091,15.848],[99.5128,15.8469],[99.5209,15.85],[99.5301,15.849],[99.5312,15.8509],[99.5483,15.8531],[99.5515,15.8549],[99.5538,15.8515],[99.5581,15.8511],[99.5623,15.8529],[99.5643,15.8523],[99.5652,15.8545],[99.567,15.8554],[99.5807,15.8532],[99.5873,15.857],[99.5952,15.855],[99.5988,15.8689],[99.5967,15.874],[99.5938,15.8731],[99.5931,15.8746],[99.59,15.8757],[99.5904,15.8782],[99.5878,15.8773],[99.5837,15.8791],[99.5824,15.8823],[99.5777,15.8872],[99.5799,15.8911],[99.5802,15.8941],[99.5812,15.8938],[99.5839,15.9028],[99.5787,15.9042],[99.578,15.9055],[99.5764,15.9046],[99.5759,15.906],[99.5754,15.9053],[99.5734,15.9059],[99.5727,15.9043],[99.571,15.9058],[99.5705,15.9044],[99.5691,15.9059],[99.5646,15.9054],[99.5641,15.9067],[99.5622,15.9071],[99.5591,15.9061],[99.5552,15.907],[99.5559,15.9087],[99.555,15.9111],[99.5534,15.9118],[99.5542,15.9158],[99.549,15.9165],[99.5498,15.9188],[99.5467,15.919],[99.5463,15.9209],[99.5447,15.9207],[99.5437,15.9221],[99.5417,15.9223],[99.5413,15.9235],[99.5386,15.9248],[99.5326,15.9245],[99.5312,15.9203],[99.5263,15.9218],[99.5242,15.9234],[99.5238,15.9255],[99.5195,15.9239],[99.5128,15.9234],[99.5105,15.9238],[99.5087,15.9262]]]}},{"type":"Feature","properties":{"k":127,"name":"แม่เปิน","district":"แม่เปิน"},"geometry":{"type":"Polygon","coordinates":[[[99.2504,15.7842],[99.228,15.7973],[99.2238,15.7937],[99.2194,15.7799],[99.2135,15.7798],[99.2152,15.7696],[99.2169,15.7662],[99.2204,15.7648],[99.223,15.7611],[99.2233,15.7588],[99.2257,15.757],[99.228,15.7525],[99.2271,15.7488],[99.2309,15.747],[99.235,15.7475],[99.2394,15.7408],[99.2403,15.737],[99.2393,15.7322],[99.2435,15.7278],[99.2451,15.7226],[99.2618,15.718],[99.2672,15.7194],[99.2704,15.7168],[99.2768,15.7165],[99.2785,15.7136],[99.2819,15.7105],[99.2834,15.7073],[99.2886,15.7038],[99.2903,15.6978],[99.2968,15.6929],[99.3054,15.6941],[99.3088,15.6928],[99.3133,15.6939],[99.3211,15.6889],[99.3269,15.6912],[99.3331,15.6915],[99.3399,15.685],[99.3449,15.686],[99.3494,15.6823],[99.3545,15.6821],[99.3565,15.6784],[99.3604,15.6765],[99.364,15.6688],[99.3678,15.6646],[99.3696,15.6634],[99.372,15.6636],[99.3719,15.6601],[99.3697,15.6599],[99.37,15.6569],[99.3672,15.6549],[99.368,15.6499],[99.3762,15.6362],[99.3764,15.635],[99.3742,15.6329],[99.3793,15.6255],[99.3925,15.6244],[99.396,15.6223],[99.403,15.6212],[99.4107,15.6174],[99.4159,15.616],[99.4177,15.614],[99.4228,15.6143],[99.4259,15.6102],[99.4269,15.6105],[99.4273,15.6092],[99.4289,15.6083],[99.4288,15.6061],[99.4262,15.6062],[99.4262,15.605],[99.4288,15.6044],[99.4296,15.6054],[99.4346,15.6012],[99.4341,15.6001],[99.4355,15.5989],[99.4393,15.599],[99.4406,15.5981],[99.4415,15.597],[99.4413,15.5948],[99.4445,15.592],[99.4468,15.5926],[99.449,15.5908],[99.4501,15.5913],[99.4526,15.5881],[99.4525,15.5855],[99.4535,15.5854],[99.4532,15.583],[99.4548,15.5815],[99.457,15.583],[99.4616,15.5823],[99.4623,15.5794],[99.4663,15.5749],[99.4669,15.5734],[99.4661,15.5728],[99.4673,15.57],[99.4687,15.5693],[99.468,15.5676],[99.4689,15.567],[99.4685,15.5655],[99.4702,15.5655],[99.4696,15.5646],[99.4716,15.564],[99.4744,15.5654],[99.4765,15.564],[99.478,15.5649],[99.4813,15.564],[99.4817,15.5654],[99.4837,15.5651],[99.487,15.5688],[99.4896,15.5686],[99.4899,15.57],[99.492,15.5702],[99.4929,15.5692],[99.4948,15.5702],[99.4969,15.5693],[99.4989,15.5861],[99.4996,15.5894],[99.5016,15.5924],[99.504,15.6024],[99.5032,15.6088],[99.5042,15.6097],[99.5048,15.6173],[99.5126,15.6227],[99.51,15.6264],[99.5111,15.6281],[99.5092,15.637],[99.5096,15.6407],[99.5078,15.6419],[99.5057,15.6457],[99.501,15.6461],[99.5006,15.6476],[99.4977,15.6482],[99.4972,15.6507],[99.4922,15.6521],[99.4906,15.6586],[99.4934,15.6608],[99.4909,15.6651],[99.4917,15.6678],[99.4888,15.6693],[99.491,15.6739],[99.4917,15.6784],[99.4883,15.6811],[99.4882,15.683],[99.4892,15.6843],[99.4883,15.6855],[99.4902,15.6897],[99.4896,15.6917],[99.4884,15.6911],[99.4876,15.6923],[99.4892,15.6935],[99.4878,15.6945],[99.4887,15.6953],[99.4884,15.6964],[99.4872,15.6972],[99.4866,15.6994],[99.4855,15.6998],[99.485,15.6991],[99.484,15.7004],[99.4831,15.699],[99.4827,15.7],[99.4811,15.6998],[99.4823,15.7007],[99.482,15.7016],[99.481,15.7014],[99.4805,15.7023],[99.4798,15.7015],[99.4782,15.7031],[99.4773,15.7027],[99.4762,15.7036],[99.477,15.7052],[99.4726,15.7071],[99.4738,15.7078],[99.4734,15.7105],[99.4707,15.7135],[99.4715,15.7151],[99.4707,15.7151],[99.4711,15.7171],[99.4697,15.7211],[99.4677,15.7217],[99.4653,15.7264],[99.4641,15.7271],[99.4646,15.7287],[99.4635,15.7294],[99.464,15.7306],[99.4631,15.7308],[99.4632,15.7317],[99.4565,15.7344],[99.4557,15.7321],[99.4498,15.7328],[99.4503,15.7338],[99.4489,15.7344],[99.4446,15.7332],[99.4445,15.7345],[99.4429,15.7345],[99.4435,15.735],[99.4424,15.738],[99.4379,15.743],[99.4367,15.7466],[99.4342,15.7468],[99.4332,15.7497],[99.428,15.7541],[99.4261,15.7529],[99.4257,15.7517],[99.4265,15.7511],[99.4239,15.7498],[99.4208,15.7456],[99.4149,15.748],[99.4098,15.7413],[99.4076,15.7413],[99.4045,15.744],[99.4005,15.742],[99.3999,15.7376],[99.4029,15.7355],[99.3971,15.7334],[99.3963,15.7304],[99.3935,15.7325],[99.3889,15.732],[99.3822,15.7329],[99.3815,15.7341],[99.3677,15.738],[99.3659,15.7425],[99.3666,15.7497],[99.3604,15.7524],[99.3605,15.7579],[99.3618,15.7623],[99.3578,15.7652],[99.3504,15.7668],[99.3474,15.7696],[99.3461,15.7733],[99.3425,15.7735],[99.3416,15.7754],[99.3239,15.7816],[99.3086,15.7848],[99.3039,15.7854],[99.2988,15.7839],[99.2949,15.784],[99.2936,15.7833],[99.2917,15.7786],[99.2886,15.7627],[99.287,15.761],[99.2843,15.7645],[99.2805,15.7658],[99.2783,15.7696],[99.2695,15.7718],[99.268,15.774],[99.2656,15.7742],[99.2661,15.7781],[99.264,15.7792],[99.2633,15.781],[99.2611,15.7801],[99.2593,15.7817],[99.2572,15.7805],[99.2554,15.7843],[99.2504,15.7842]]]}},{"type":"Feature","properties":{"k":128,"name":"ชุมตาบง","district":"ชุมตาบง"},"geometry":{"type":"Polygon","coordinates":[[[99.6445,15.6738],[99.6418,15.6747],[99.6387,15.6747],[99.6363,15.673],[99.6347,15.6733],[99.6339,15.6716],[99.6289,15.6686],[99.6289,15.6661],[99.6251,15.6636],[99.6238,15.6644],[99.6215,15.6641],[99.6196,15.6654],[99.6198,15.6638],[99.6169,15.6625],[99.6158,15.6632],[99.6139,15.6619],[99.6126,15.6647],[99.609,15.6641],[99.6072,15.6625],[99.6086,15.6606],[99.6099,15.6606],[99.6083,15.6592],[99.6048,15.6602],[99.6026,15.6584],[99.598,15.6584],[99.5962,15.6594],[99.5951,15.6584],[99.5928,15.6585],[99.5911,15.6598],[99.586,15.6599],[99.5847,15.659],[99.5851,15.6572],[99.5832,15.6579],[99.5829,15.6556],[99.5809,15.6547],[99.5787,15.6549],[99.5778,15.6512],[99.5757,15.6513],[99.5726,15.6482],[99.5695,15.6499],[99.567,15.6484],[99.5661,15.649],[99.5652,15.6478],[99.5629,15.648],[99.5613,15.6471],[99.5587,15.6493],[99.558,15.6523],[99.5564,15.6527],[99.5521,15.6498],[99.5524,15.6479],[99.5509,15.6451],[99.552,15.6442],[99.5519,15.6413],[99.548,15.6395],[99.5441,15.6415],[99.5419,15.6396],[99.5366,15.6415],[99.5346,15.6393],[99.5322,15.6402],[99.5293,15.6383],[99.525,15.6398],[99.5229,15.6382],[99.5199,15.6375],[99.5186,15.6382],[99.5165,15.637],[99.5152,15.6394],[99.5095,15.6395],[99.5095,15.6348],[99.5111,15.6281],[99.51,15.6264],[99.5126,15.6227],[99.5048,15.6173],[99.5042,15.6097],[99.5032,15.6088],[99.504,15.6024],[99.5016,15.5924],[99.4996,15.5894],[99.4989,15.5861],[99.4971,15.5686],[99.5034,15.564],[99.5043,15.5618],[99.5172,15.5627],[99.5206,15.5667],[99.5247,15.5681],[99.5246,15.5703],[99.5256,15.5715],[99.533,15.5736],[99.5367,15.5737],[99.5384,15.575],[99.5409,15.5742],[99.5489,15.5758],[99.5491,15.5773],[99.5506,15.5785],[99.5555,15.5798],[99.5579,15.584],[99.5605,15.5863],[99.5607,15.5889],[99.5644,15.5913],[99.5657,15.5947],[99.5683,15.5963],[99.5697,15.5989],[99.5694,15.6003],[99.5708,15.6016],[99.5703,15.6024],[99.5711,15.6025],[99.5705,15.6036],[99.5768,15.6068],[99.5775,15.6086],[99.5812,15.6104],[99.5827,15.6144],[99.5851,15.6163],[99.5856,15.6191],[99.5892,15.6196],[99.5903,15.6218],[99.5932,15.6229],[99.5935,15.6258],[99.5964,15.6285],[99.6064,15.6316],[99.6071,15.6328],[99.6078,15.6324],[99.608,15.6338],[99.6121,15.6329],[99.614,15.6339],[99.6166,15.6337],[99.6179,15.6344],[99.6168,15.6359],[99.6171,15.6374],[99.6233,15.6387],[99.6252,15.6409],[99.6245,15.6414],[99.6269,15.6426],[99.6278,15.6416],[99.6297,15.6427],[99.6305,15.6416],[99.6323,15.6434],[99.639,15.6431],[99.6408,15.6421],[99.6471,15.6452],[99.6471,15.646],[99.6489,15.6457],[99.6497,15.6472],[99.6519,15.6467],[99.6571,15.6488],[99.6602,15.649],[99.6616,15.6509],[99.6609,15.6515],[99.6618,15.6515],[99.6643,15.6563],[99.6639,15.6575],[99.665,15.6574],[99.6655,15.6602],[99.6671,15.6599],[99.6693,15.6623],[99.6688,15.6649],[99.6667,15.6668],[99.6671,15.6678],[99.6656,15.6683],[99.6665,15.6697],[99.6653,15.6695],[99.6644,15.6706],[99.6635,15.6699],[99.6613,15.6724],[99.6581,15.6729],[99.6558,15.672],[99.654,15.6734],[99.6518,15.6707],[99.6508,15.6708],[99.6497,15.6716],[99.6471,15.6715],[99.6445,15.6738]]]}},{"type":"Feature","properties":{"k":129,"name":"ปางสวรรค์","district":"ชุมตาบง"},"geometry":{"type":"Polygon","coordinates":[[[99.5133,15.7346],[99.5143,15.7361],[99.514,15.7383],[99.5119,15.7392],[99.5108,15.7408],[99.5071,15.7412],[99.5042,15.7453],[99.5053,15.7499],[99.5051,15.7543],[99.5061,15.7561],[99.5073,15.7639],[99.5008,15.7674],[99.4964,15.7675],[99.4863,15.7655],[99.484,15.7666],[99.4818,15.7653],[99.4818,15.7664],[99.4793,15.7639],[99.4735,15.7637],[99.4728,15.7625],[99.4708,15.7633],[99.4656,15.7615],[99.4618,15.762],[99.4582,15.7648],[99.4552,15.7649],[99.4518,15.7634],[99.4492,15.7633],[99.4486,15.7611],[99.4459,15.7595],[99.4472,15.7564],[99.4469,15.7481],[99.4496,15.7449],[99.4586,15.7403],[99.4616,15.7355],[99.4627,15.7357],[99.4648,15.7338],[99.4647,15.7316],[99.4635,15.7296],[99.4646,15.7287],[99.464,15.7273],[99.4653,15.7264],[99.4677,15.7217],[99.4697,15.7211],[99.4711,15.7171],[99.4707,15.7151],[99.4715,15.7151],[99.4707,15.7135],[99.4734,15.7105],[99.4738,15.7078],[99.4726,15.7071],[99.477,15.7052],[99.4762,15.7036],[99.4773,15.7027],[99.4782,15.7031],[99.4798,15.7015],[99.4805,15.7023],[99.481,15.7014],[99.482,15.7016],[99.4823,15.7007],[99.4811,15.6998],[99.4827,15.7],[99.4831,15.699],[99.484,15.7004],[99.485,15.6991],[99.4855,15.6998],[99.4866,15.6994],[99.4872,15.6972],[99.4883,15.6966],[99.4887,15.6953],[99.4878,15.6945],[99.4892,15.6935],[99.4876,15.6923],[99.4884,15.6911],[99.4896,15.6917],[99.4902,15.6897],[99.4883,15.6855],[99.4892,15.6843],[99.4882,15.683],[99.4883,15.6811],[99.4917,15.6784],[99.491,15.6739],[99.4888,15.6693],[99.4917,15.6678],[99.4909,15.6651],[99.4934,15.6608],[99.4906,15.6586],[99.4922,15.6521],[99.4972,15.6507],[99.4977,15.6482],[99.5006,15.6476],[99.501,15.6461],[99.5057,15.6457],[99.5078,15.6419],[99.5095,15.6409],[99.5099,15.6391],[99.5152,15.6395],[99.5164,15.637],[99.5186,15.6382],[99.5199,15.6375],[99.5229,15.6382],[99.525,15.6398],[99.5293,15.6383],[99.5322,15.6402],[99.5346,15.6393],[99.5366,15.6415],[99.5419,15.6396],[99.5441,15.6415],[99.548,15.6395],[99.5519,15.6413],[99.552,15.6442],[99.5509,15.6451],[99.5524,15.6479],[99.5521,15.6498],[99.5564,15.6527],[99.558,15.6523],[99.5587,15.6493],[99.5613,15.6471],[99.5629,15.648],[99.5652,15.6478],[99.5661,15.649],[99.567,15.6484],[99.5695,15.6499],[99.5722,15.6481],[99.5757,15.6513],[99.5778,15.6512],[99.5787,15.6549],[99.5809,15.6547],[99.5829,15.6556],[99.5832,15.6579],[99.5851,15.6572],[99.5847,15.659],[99.586,15.6599],[99.5916,15.6597],[99.5929,15.6585],[99.5953,15.6584],[99.5962,15.6594],[99.598,15.6584],[99.6026,15.6584],[99.6047,15.6602],[99.608,15.6591],[99.6094,15.6598],[99.6099,15.6607],[99.6086,15.6606],[99.6072,15.6625],[99.6091,15.6641],[99.6126,15.6647],[99.6139,15.6619],[99.6158,15.6632],[99.6169,15.6625],[99.6198,15.6638],[99.6196,15.6654],[99.6229,15.6641],[99.6271,15.6676],[99.6319,15.6791],[99.6289,15.6811],[99.6338,15.6851],[99.642,15.6849],[99.6442,15.6883],[99.6478,15.6876],[99.6485,15.6898],[99.6506,15.6919],[99.6583,15.6973],[99.6603,15.7014],[99.6557,15.7064],[99.6456,15.7108],[99.6433,15.7095],[99.6439,15.7086],[99.643,15.7073],[99.6415,15.7082],[99.6401,15.7069],[99.639,15.7079],[99.6378,15.7073],[99.6368,15.7085],[99.6373,15.71],[99.6346,15.7093],[99.6348,15.7102],[99.6336,15.7098],[99.6339,15.7107],[99.6328,15.7115],[99.632,15.7106],[99.6285,15.7123],[99.6261,15.7104],[99.6211,15.7144],[99.6204,15.7134],[99.6189,15.7152],[99.6137,15.7166],[99.6131,15.7196],[99.6138,15.7201],[99.6125,15.7202],[99.6126,15.7215],[99.6081,15.7225],[99.607,15.7251],[99.6053,15.7251],[99.6042,15.7267],[99.6025,15.7264],[99.6009,15.7283],[99.6013,15.7293],[99.5989,15.7304],[99.5951,15.7346],[99.5905,15.7339],[99.5901,15.735],[99.5884,15.735],[99.5879,15.7359],[99.5856,15.7348],[99.5838,15.7354],[99.5817,15.7344],[99.5805,15.7352],[99.5791,15.7342],[99.5786,15.7354],[99.5765,15.7343],[99.5747,15.7367],[99.5735,15.7369],[99.5684,15.7354],[99.5662,15.7362],[99.5657,15.7385],[99.5642,15.7388],[99.5631,15.7413],[99.5613,15.7407],[99.5609,15.7391],[99.557,15.7394],[99.556,15.7385],[99.5527,15.74],[99.5492,15.7372],[99.5474,15.7376],[99.5463,15.7366],[99.5426,15.7361],[99.5412,15.7368],[99.5395,15.735],[99.5345,15.7369],[99.5324,15.7363],[99.5302,15.7373],[99.5276,15.7363],[99.5238,15.7381],[99.5212,15.7378],[99.52,15.7353],[99.5187,15.7358],[99.5166,15.7343],[99.5133,15.7346]]]}}]}